asistencia_pct,nota_media,materias_suspensas,numero_materias_curso,evaluaciones_realizadas,partes_disciplinarios,matricula_activa,oferta_educativa,repetidor_curso_actual,dias_sin_actividad,inasistencias_consecutivas,grado_urbanizacion,distancia_escuela,acceso_internet,nivel_socioeconomico,apoyo_familiar,trabaja,abandono_escolar
69.45,7.78,4,14,1,1,1,1,1,8,11,1,9.66,1,6,1,0,0
95.69,7.31,3,11,4,1,1,3,0,17,2,1,7.34,1,6,1,0,0
73.63,4.66,6,10,1,0,1,1,1,1,1,2,15.14,1,3,1,0,0
66.38,6.16,6,14,1,2,1,3,0,1,17,3,1.0,1,4,1,0,0
61.83,6.06,6,13,1,0,1,4,1,11,1,3,9.08,0,2,1,0,0
52.97,3.91,10,14,1,3,1,2,1,28,5,3,1.0,1,6,1,0,0
53.13,4.6,6,12,2,3,1,2,1,1,1,1,13.71,1,5,0,0,0
50.27,3.42,9,11,3,1,1,4,0,6,1,2,22.57,1,6,0,1,0
69.15,5.12,7,14,3,0,1,4,0,1,8,2,18.12,1,5,1,1,0
95.46,6.04,6,11,2,2,1,4,0,19,1,3,21.76,1,1,1,0,0
72.81,4.71,8,14,1,3,1,3,0,8,1,1,25.56,0,1,1,0,0
52.92,3.73,8,14,2,2,1,3,1,20,8,3,27.38,1,5,1,1,0
61.46,6.73,5,14,1,2,1,4,1,25,1,1,9.01,0,5,1,0,0
69.38,5.84,6,10,1,4,1,4,0,1,4,1,6.82,1,2,0,0,0
4.87,4.19,7,13,2,2,0,3,0,27,39,2,17.13,0,2,1,1,1
26.46,4.01,7,10,1,3,0,2,0,36,1,1,1.0,1,2,1,0,1
64.44,4.15,9,12,2,0,1,4,0,12,6,1,7.79,1,1,0,1,0
74.86,7.11,3,11,4,5,1,1,0,1,4,3,13.75,1,4,1,0,0
75.86,6.46,4,10,1,2,1,3,0,9,1,1,36.63,1,6,1,0,0
67.11,3.75,10,13,1,4,1,1,1,13,5,1,19.52,1,2,1,0,0
83.87,3.6,9,13,2,3,1,4,0,1,17,1,33.9,1,2,1,1,0
57.14,4.94,8,13,3,0,1,4,0,4,6,1,12.69,1,4,1,1,0
56.07,8.02,3,10,1,0,1,4,0,14,1,3,8.78,1,3,1,1,0
84.2,7.66,3,11,1,0,1,1,0,1,7,3,13.85,1,1,1,1,0
75.9,4.52,6,12,3,3,1,3,0,17,1,1,14.97,1,5,1,0,0
73.76,5.85,7,13,1,2,1,1,1,13,1,1,4.86,0,1,1,0,0
99.99,6.68,3,12,3,0,1,4,0,14,1,3,19.87,1,2,1,1,0
89.38,7.12,2,10,3,3,1,3,0,1,13,1,30.97,1,5,1,0,0
68.32,4.48,8,12,2,1,1,4,0,2,1,2,15.41,1,3,1,1,0
76.15,7.88,4,11,3,1,1,3,0,18,6,1,39.2,1,1,1,1,0
81.39,7.22,3,14,2,1,1,3,0,1,1,3,19.14,1,6,1,0,0
79.1,3.43,9,11,3,1,1,2,0,9,1,3,20.56,0,1,1,1,0
83.21,7.08,3,11,2,0,1,4,0,1,7,1,13.54,1,2,1,0,0
72.87,7.34,3,12,2,4,1,1,0,1,8,2,22.54,1,6,1,0,0
39.33,3.27,7,11,2,5,1,4,0,1,10,2,50.0,1,3,0,1,0
70.56,6.48,3,10,3,1,1,3,1,21,13,1,19.59,1,6,1,0,0
60.41,5.82,7,14,4,6,1,1,0,7,2,2,1.0,1,3,1,1,0
64.29,6.33,5,12,2,2,1,1,1,1,2,3,1.22,1,5,1,1,0
6.27,4.82,8,13,1,5,0,2,0,40,24,1,5.48,0,5,1,0,1
100.0,5.58,6,14,4,0,1,3,0,16,1,2,20.52,1,3,0,0,0
60.11,7.8,4,14,2,0,1,2,0,8,10,3,8.65,1,6,1,0,0
72.88,7.11,3,11,3,0,1,2,0,3,20,1,21.18,1,2,1,0,0
100.0,5.77,6,13,2,4,1,4,0,20,1,1,4.92,1,6,1,0,0
74.66,5.21,7,11,2,0,1,4,0,17,1,1,1.76,0,4,0,0,0
60.21,3.55,10,13,3,1,1,4,0,1,19,3,13.31,1,5,1,1,0
83.62,5.52,7,14,3,0,1,2,1,1,15,2,16.62,1,6,1,0,0
74.99,5.12,5,11,2,2,1,4,0,3,6,3,18.62,0,1,1,1,0
100.0,3.57,9,13,2,1,1,1,0,1,23,3,17.88,1,1,1,0,0
74.21,4.76,6,13,2,0,1,3,1,3,4,2,20.5,1,4,1,0,0
73.36,5.76,7,14,2,3,1,1,0,3,13,2,18.3,1,4,0,0,0
59.57,6.62,5,12,1,1,1,3,0,4,11,1,13.17,1,2,1,1,0
99.16,6.2,4,10,3,1,1,1,0,4,10,3,22.99,0,4,1,0,0
84.38,6.53,3,10,1,3,1,2,0,18,16,1,8.9,1,6,1,0,0
84.86,7.39,3,12,3,0,1,1,0,8,6,1,32.92,0,4,1,0,0
0.0,,6,11,0,6,0,1,1,28,31,3,18.24,1,4,1,1,1
89.43,6.61,5,13,1,0,1,1,0,9,1,2,21.75,1,3,1,0,0
14.79,5.12,8,14,1,4,0,4,0,32,33,2,3.78,1,6,1,0,1
83.66,5.79,5,11,4,2,1,4,0,12,1,2,1.0,0,3,1,0,0
50.89,6.17,7,14,3,4,1,3,0,2,4,3,20.58,1,3,1,1,0
69.6,5.67,6,13,4,1,1,1,0,9,1,1,15.23,1,2,1,1,0
51.59,5.54,7,13,3,2,1,3,0,15,18,2,18.9,1,5,1,1,0
73.98,6.65,3,11,2,0,1,4,0,12,6,2,12.25,1,1,1,0,0
87.47,9.73,1,11,3,0,1,2,0,24,13,2,20.72,1,2,1,0,0
62.75,4.04,7,13,2,0,1,1,0,31,1,3,1.0,1,6,0,0,0
60.11,5.81,5,10,1,5,1,4,0,2,7,1,21.5,1,4,0,0,0
51.35,2.52,9,10,2,5,1,4,0,1,9,3,23.79,0,1,0,1,0
72.96,6.33,6,12,4,4,1,1,0,1,16,3,1.0,0,3,1,0,0
6.01,,6,11,0,5,0,4,1,30,23,3,18.23,1,1,1,0,1
55.99,6.47,4,11,1,3,1,2,0,8,6,2,1.0,1,4,1,1,0
48.99,4.58,8,12,2,5,1,3,0,22,8,2,13.16,1,1,1,1,0
85.69,7.93,4,10,4,1,1,1,0,10,22,2,21.72,1,4,0,0,0
73.68,6.73,5,12,1,4,1,1,0,23,1,1,1.0,1,5,1,1,0
54.25,7.58,3,10,4,5,1,3,0,1,3,2,12.74,1,6,1,0,0
100.0,6.42,5,14,4,2,1,4,0,1,1,1,11.67,1,3,1,0,0
48.99,7.5,3,13,4,2,1,2,0,9,1,3,2.6,1,1,1,0,0
64.29,7.93,3,12,2,0,1,4,0,1,5,1,17.04,1,5,1,0,0
72.05,4.95,5,10,4,0,1,1,0,2,5,2,1.0,1,1,1,0,0
26.47,2.82,10,13,1,3,0,4,0,33,1,3,9.79,1,6,0,1,1
79.21,4.64,7,13,3,1,1,3,1,17,1,1,1.0,1,1,1,0,0
45.27,4.93,8,14,4,3,1,3,0,23,19,2,15.11,1,2,0,0,0
100.0,5.07,7,14,2,0,1,2,0,21,4,2,14.03,1,6,1,0,0
48.65,3.68,8,13,2,5,1,2,0,1,1,3,20.82,1,6,0,0,0
4.88,1.21,9,11,1,9,0,3,0,39,20,2,17.39,1,4,0,1,1
48.44,3.63,9,12,4,3,1,4,0,8,1,3,31.09,1,5,1,1,0
29.02,1.57,10,10,1,1,1,4,1,32,1,1,3.36,0,6,0,0,0
60.73,4.42,6,11,4,1,1,4,0,1,8,3,2.92,1,3,0,1,0
45.35,3.23,10,13,2,2,1,2,1,17,10,1,19.51,1,6,1,1,0
54.96,7.36,3,10,2,0,1,3,0,15,1,3,1.0,1,3,1,0,0
55.59,5.14,4,10,4,3,1,4,0,10,8,3,1.0,1,4,1,0,0
79.01,6.57,5,10,3,0,1,1,0,1,1,3,8.15,1,4,1,0,0
95.09,4.81,7,11,2,3,1,3,0,4,12,3,26.42,1,3,1,0,0
34.93,4.2,7,12,1,3,1,3,0,2,10,3,5.96,1,6,1,0,0
73.3,6.88,6,14,3,2,1,3,0,8,15,1,7.88,1,5,1,0,0
60.69,4.67,6,13,1,2,1,2,0,5,9,1,32.75,1,3,0,0,0
81.07,4.69,6,13,1,0,1,3,0,6,15,3,1.92,1,3,0,0,0
43.94,9.01,2,10,3,2,1,2,0,6,6,2,9.81,1,6,1,0,0
80.44,6.46,6,12,4,0,1,4,0,1,7,1,23.44,1,1,0,0,0
77.08,9.91,1,13,2,2,1,3,0,5,11,3,14.48,1,5,1,0,0
18.11,3.22,10,14,1,5,0,1,0,36,25,3,7.22,1,4,1,0,1
67.18,4.53,9,14,3,1,1,3,0,13,14,1,2.21,1,6,0,0,0
35.34,0.12,10,14,2,4,1,3,1,13,12,1,25.56,1,6,0,1,0
3.2,0.63,10,11,1,1,0,3,0,49,18,1,26.96,1,5,0,1,1
34.82,2.81,8,12,1,9,0,1,0,9,8,1,13.29,1,2,1,0,1
71.64,5.84,7,14,3,0,1,1,1,17,9,2,16.71,1,4,1,0,0
80.23,3.73,10,13,3,0,1,1,0,23,18,1,10.74,1,5,0,1,0
25.84,,6,11,0,7,0,3,0,37,1,3,10.42,1,4,1,0,1
61.6,6.53,5,10,4,2,1,1,0,1,1,3,1.0,1,4,0,0,0
60.57,6.11,5,12,4,0,1,4,0,6,19,2,9.54,1,2,1,0,0
67.91,6.15,3,10,4,3,1,1,0,1,5,1,30.49,0,6,1,0,0
88.9,10.0,1,10,3,2,1,3,0,7,1,3,12.14,1,5,1,0,0
24.64,3.64,8,14,2,2,0,4,0,37,17,1,11.67,1,3,1,0,1
71.85,6.12,7,14,4,5,1,1,0,2,6,3,1.0,1,2,1,0,0
41.37,5.99,4,12,3,1,0,2,0,22,1,1,1.0,1,3,1,0,1
52.33,7.1,4,13,2,4,1,4,0,1,20,2,19.22,1,6,1,1,0
51.06,3.47,9,11,2,3,1,1,0,4,9,3,9.6,1,1,0,0,0
74.38,5.96,5,12,1,4,1,1,0,17,9,2,1.19,1,2,1,0,0
81.24,6.99,3,10,1,0,1,3,0,15,3,1,21.24,1,5,1,0,0
77.23,5.44,6,11,2,0,1,2,0,4,14,3,1.0,1,4,1,0,0
89.09,3.38,8,13,1,5,1,3,0,1,20,3,14.11,1,4,1,0,0
78.55,6.44,5,14,2,4,1,3,0,4,9,1,13.14,1,3,1,0,0
72.25,5.96,5,11,3,0,1,2,1,6,5,1,1.0,1,3,1,0,0
61.15,4.33,6,11,2,2,1,2,1,11,4,2,6.6,1,6,0,0,0
60.33,7.11,5,13,4,0,1,4,0,11,1,3,22.29,1,6,1,0,0
24.09,7.0,4,10,1,8,0,3,0,37,27,2,1.0,1,6,1,0,1
52.81,6.48,5,10,3,0,1,1,0,3,6,3,13.87,1,3,1,1,0
56.67,3.92,10,14,4,0,1,2,0,3,1,2,2.24,1,1,0,0,0
95.8,7.24,5,14,1,2,1,2,0,1,27,1,3.42,1,3,1,0,0
90.5,10.0,1,13,3,1,1,3,0,4,6,3,23.49,1,3,1,0,0
61.45,5.56,6,12,4,5,1,2,0,9,20,2,19.08,1,6,1,0,0
63.56,7.43,4,11,4,0,1,1,0,16,13,2,4.73,1,6,1,0,0
68.29,6.77,6,13,1,0,1,3,0,9,10,1,15.8,1,6,1,0,0
59.16,4.75,5,11,2,2,1,3,1,15,14,1,11.3,1,2,0,1,0
47.09,6.91,5,14,2,0,1,2,0,14,7,1,1.19,1,5,1,0,0
83.8,5.34,7,12,4,2,1,2,0,9,11,2,21.38,1,1,0,0,0
72.26,5.85,6,12,2,1,1,4,0,10,2,2,14.22,1,4,1,0,0
72.82,6.22,4,12,2,1,1,4,0,22,1,2,26.47,1,2,1,0,0
60.95,4.7,8,13,3,3,1,2,1,20,1,2,12.82,1,2,0,0,0
83.98,8.75,3,13,1,1,1,3,0,4,17,1,7.54,0,4,0,0,0
75.8,4.07,6,11,3,1,1,1,1,25,1,2,1.0,1,6,1,1,0
58.22,6.45,3,10,1,2,1,3,0,1,1,1,27.51,1,5,1,0,0
65.02,6.43,4,12,2,3,1,1,0,19,4,1,1.0,1,3,1,0,0
77.74,6.93,6,14,1,6,1,2,0,11,9,3,5.62,0,5,1,0,0
64.04,5.54,7,14,1,4,1,1,0,3,1,3,26.21,1,6,1,0,0
71.44,5.67,6,12,4,3,1,1,0,1,9,2,14.03,1,1,1,0,0
49.26,5.58,4,11,3,1,1,3,0,25,20,3,14.86,1,6,1,0,0
85.02,6.23,4,11,2,0,1,4,0,16,22,1,1.0,0,4,1,0,0
43.04,3.92,9,14,4,2,1,3,1,9,20,1,11.84,0,5,1,1,0
75.83,3.57,7,10,3,4,1,4,1,35,1,2,18.82,1,3,0,0,0
95.7,6.19,6,14,3,4,1,1,0,15,3,3,20.2,1,4,0,0,0
87.61,8.57,3,12,1,3,1,3,0,20,15,2,10.33,1,1,1,0,0
66.2,6.25,6,14,3,1,1,3,0,22,1,3,12.29,1,6,1,1,0
28.18,0.37,10,11,0,7,0,1,0,47,6,1,18.45,1,6,1,1,1
100.0,6.87,5,13,2,5,1,3,0,6,7,2,11.05,1,5,1,0,0
84.19,5.83,6,10,1,2,1,2,0,16,7,2,22.74,1,2,1,0,0
56.6,7.49,3,13,3,0,1,1,0,11,1,1,6.41,1,2,1,1,0
77.66,5.67,7,12,3,5,1,1,0,25,5,3,1.0,1,6,1,0,0
39.02,2.97,10,12,2,5,1,1,0,14,1,1,14.44,0,6,1,0,0
71.54,7.48,3,14,2,1,1,1,0,1,12,2,30.47,1,4,1,0,0
55.95,6.43,4,11,1,2,1,1,0,1,1,2,9.59,1,5,1,0,0
57.28,4.38,7,11,2,4,1,1,0,1,17,1,15.43,1,5,0,1,0
58.85,5.46,5,10,3,4,1,2,0,15,9,3,13.97,1,5,0,1,0
27.64,3.49,9,14,2,7,0,3,0,29,17,3,11.6,1,6,1,0,1
38.54,3.76,9,14,2,1,1,4,0,11,1,3,7.54,1,3,0,1,0
51.66,4.12,7,13,3,3,1,1,0,5,1,1,19.86,1,4,1,0,0
70.38,5.69,6,12,3,0,1,2,0,1,5,2,27.03,1,6,1,1,0
75.16,5.01,5,10,1,0,1,4,1,7,6,3,9.53,1,2,1,1,0
49.77,8.0,2,11,3,3,1,4,0,1,3,3,6.29,0,6,0,0,0
88.59,6.59,5,11,2,0,1,3,0,23,13,1,18.98,1,4,1,0,0
77.9,8.07,2,10,1,0,1,2,0,18,11,2,25.17,1,5,1,0,0
82.96,9.1,2,14,3,2,1,1,0,30,1,2,5.49,1,2,1,0,0
60.74,6.08,4,10,2,0,1,3,0,6,9,2,11.76,1,1,0,0,0
100.0,5.76,4,10,1,2,1,3,0,27,9,2,18.14,1,1,1,1,0
54.66,6.1,7,13,2,3,1,3,1,7,1,3,7.17,0,3,1,0,0
100.0,6.84,5,12,3,4,1,1,0,1,1,2,28.84,1,1,1,0,0
73.12,6.24,7,14,3,3,1,2,0,20,5,3,18.52,1,4,1,0,0
56.35,5.56,4,11,2,2,1,1,0,24,17,1,16.94,1,4,1,0,0
67.91,5.66,6,10,4,4,1,2,0,4,1,3,17.44,1,5,1,1,0
74.44,8.22,3,14,4,0,1,3,0,17,1,3,8.38,1,2,1,0,0
63.2,5.8,7,12,2,2,1,3,0,1,15,1,11.53,1,2,1,0,0
32.16,5.99,6,13,3,4,0,3,0,10,1,1,1.0,1,4,1,0,1
73.58,5.98,5,10,3,1,1,1,0,25,12,2,8.78,1,2,1,0,0
56.15,8.05,2,11,3,2,0,2,0,13,9,1,9.41,1,3,1,0,1
69.05,6.79,5,10,4,2,1,2,0,9,5,1,19.33,1,3,1,1,0
15.79,3.1,9,12,0,5,0,1,0,40,31,1,21.98,0,4,1,1,1
24.56,3.33,9,13,0,2,1,3,0,58,19,1,18.13,1,2,0,0,0
36.2,2.21,10,11,4,6,1,3,0,3,21,1,20.7,1,6,0,1,0
87.44,10.0,2,12,3,1,1,2,0,11,8,1,14.01,1,1,1,0,0
95.76,7.46,2,11,1,0,1,4,0,21,15,2,28.33,1,4,1,0,0
0.0,3.4,7,10,2,5,0,2,1,37,29,1,15.21,1,3,1,0,1
70.33,5.33,6,10,3,3,1,3,0,26,9,2,23.89,0,6,1,1,0
45.59,5.25,8,13,3,4,1,4,0,15,11,3,10.5,1,5,1,1,0
81.88,4.86,9,14,4,0,1,3,0,8,6,1,27.95,1,1,1,0,0
37.3,1.34,10,11,2,4,1,1,1,1,1,3,28.42,1,5,0,0,0
87.15,7.17,4,14,2,1,1,4,0,3,24,3,1.0,1,4,1,1,0
100.0,8.03,2,14,2,6,1,1,0,1,1,2,25.84,1,1,1,0,0
66.46,5.44,6,12,1,2,1,2,1,15,12,1,13.04,1,4,0,0,0
79.06,3.96,8,13,4,1,1,1,0,2,3,3,2.11,0,4,1,0,0
0.0,,6,11,0,4,0,3,0,38,43,2,1.0,1,5,0,1,1
53.16,4.96,6,12,2,3,1,1,0,19,1,1,2.32,1,3,0,0,0
69.58,5.78,6,10,1,0,1,1,0,1,1,2,16.4,1,2,0,0,0
71.71,7.75,2,10,2,2,1,3,0,15,7,1,7.71,1,2,1,1,0
81.83,6.56,4,12,2,0,1,2,0,15,6,2,5.37,1,3,1,0,0
28.96,1.26,10,14,1,1,1,3,1,63,1,3,20.95,0,6,0,0,0
75.58,6.92,5,14,2,0,1,2,0,22,1,1,33.45,1,4,1,0,0
50.19,5.92,5,13,2,1,1,3,0,13,11,1,10.7,1,4,0,0,0
70.66,8.82,2,12,1,0,1,1,1,8,13,1,1.0,1,2,1,0,0
78.68,8.96,1,10,3,5,1,2,0,35,1,3,6.46,1,3,1,0,0
88.53,6.19,6,11,4,0,1,3,0,26,2,2,1.85,1,2,1,0,0
70.26,5.35,6,10,4,2,1,4,0,1,6,2,1.0,1,4,1,0,0
84.96,7.06,5,12,1,4,1,4,0,18,1,2,1.0,1,2,1,0,0
85.09,5.22,6,12,3,3,1,4,0,14,1,2,12.76,1,6,0,0,0
72.08,3.58,8,14,1,1,1,1,0,1,7,3,2.96,1,5,1,1,0
50.97,5.61,6,11,1,0,1,4,1,22,14,2,8.84,1,2,1,1,0
86.2,5.89,7,14,1,2,1,4,0,11,24,1,8.91,1,1,0,0,0
74.0,7.94,2,11,4,0,1,1,0,8,11,3,1.0,1,6,1,0,0
30.46,0.0,10,12,1,6,1,2,1,15,1,3,36.93,1,4,0,0,0
79.91,6.35,5,13,1,3,1,4,0,18,6,3,9.1,1,1,1,0,0
76.01,7.99,2,14,3,1,1,1,0,13,1,1,4.44,1,6,1,0,0
88.05,6.49,6,14,3,4,1,1,0,1,6,1,16.75,1,1,1,0,0
16.62,5.34,7,11,1,4,0,4,0,45,29,3,1.0,1,6,1,0,1
56.02,6.22,7,14,1,2,1,3,0,6,1,1,17.3,0,6,1,0,0
62.94,2.74,8,12,4,0,1,3,0,14,6,2,10.56,1,5,1,1,0
53.85,8.33,3,10,4,1,1,3,0,15,18,1,26.91,1,6,1,0,0
56.23,4.25,7,12,4,1,1,1,1,6,1,1,13.7,1,6,1,1,0
82.41,8.29,4,13,4,3,1,4,0,10,9,1,1.0,1,2,1,0,0
33.69,3.36,8,12,1,4,1,1,0,19,1,3,1.0,1,4,1,1,0
88.12,2.61,9,11,2,0,1,3,0,17,1,2,15.92,1,4,1,0,0
47.82,6.37,4,12,3,2,1,4,1,11,5,3,2.27,1,1,1,0,0
81.95,4.3,7,12,4,1,1,3,0,8,5,2,3.15,1,5,1,1,0
69.41,4.08,8,13,2,4,1,2,0,27,1,2,9.91,1,6,1,0,0
14.96,7.24,4,13,1,4,0,2,0,45,23,3,7.12,1,2,1,0,1
39.36,3.95,8,13,2,5,0,4,1,3,11,3,27.62,1,6,1,0,1
72.48,4.68,8,13,1,6,1,4,0,2,9,3,13.37,1,4,1,1,0
74.52,5.04,4,10,1,4,1,3,0,11,1,1,5.43,1,3,1,0,0
54.3,6.58,3,10,4,3,1,1,1,15,15,2,4.43,1,3,1,0,0
58.67,6.12,7,13,4,4,1,2,0,25,3,2,17.56,1,3,1,0,0
11.84,4.69,7,12,1,4,0,4,0,50,22,2,14.69,1,6,0,0,1
94.93,8.11,2,10,1,1,1,1,0,15,10,3,3.61,1,6,1,0,0
64.33,4.85,6,13,4,1,1,4,0,1,22,3,9.23,1,3,1,0,0
84.61,5.63,7,14,4,1,1,4,0,18,12,1,14.83,1,2,1,0,0
64.27,6.4,5,12,2,3,1,2,0,26,9,2,23.73,1,1,0,0,0
70.72,4.32,7,14,4,0,1,3,0,1,9,2,17.86,1,4,0,0,0
90.57,9.05,2,11,1,2,1,1,0,10,8,1,38.02,1,5,1,0,0
78.48,6.07,5,13,4,4,1,4,1,1,12,3,18.73,1,2,1,0,0
77.92,5.22,6,11,2,0,1,4,0,1,4,3,17.89,1,3,1,0,0
89.05,6.37,6,13,4,4,1,4,0,13,1,2,5.9,1,5,1,1,0
69.99,6.67,4,10,3,1,1,2,0,10,1,3,16.2,1,2,1,1,0
58.69,5.94,5,14,1,5,1,3,0,5,11,3,8.0,1,5,1,0,0
75.37,3.86,7,13,2,0,1,2,0,19,1,2,24.63,1,5,1,0,0
49.72,4.58,7,11,2,5,1,3,1,35,1,3,32.06,1,1,0,0,0
98.92,6.19,6,14,3,3,1,2,0,22,14,2,6.49,1,1,0,0,0
0.0,2.62,8,10,1,5,0,2,0,27,18,1,21.55,1,6,0,0,1
61.33,4.21,8,13,3,0,1,4,0,24,1,1,1.0,1,2,0,1,0
70.76,6.65,5,13,4,0,1,1,0,8,18,3,30.54,1,3,1,1,0
90.32,5.06,6,11,4,1,1,2,0,15,4,2,22.89,1,5,1,0,0
100.0,4.82,5,10,3,2,1,1,0,25,2,3,1.0,1,4,1,0,0
64.85,2.11,10,11,4,3,1,2,0,8,2,3,6.67,1,1,0,1,0
62.45,9.16,0,11,3,5,1,4,0,1,5,3,7.43,1,1,1,0,0
62.97,6.15,5,13,2,3,1,2,0,14,1,3,24.27,1,1,1,1,0
70.5,4.46,7,13,2,1,1,2,0,7,1,2,15.67,1,4,1,1,0
85.7,5.29,5,11,2,1,1,1,0,1,17,3,4.53,1,4,1,1,0
43.64,6.08,4,11,4,2,1,1,0,18,11,1,17.16,1,4,1,0,0
44.56,3.42,9,12,2,2,1,1,0,4,12,1,1.0,1,2,0,0,0
79.0,8.25,3,11,3,0,1,2,0,9,1,3,3.9,1,6,1,0,0
71.01,5.39,6,11,1,2,1,1,0,21,1,3,18.93,1,4,0,0,0
64.65,5.63,7,12,4,0,1,2,1,6,1,2,1.0,1,5,1,0,0
23.55,2.19,10,12,2,7,0,4,0,35,23,3,32.57,1,1,1,1,1
80.31,8.56,3,11,2,0,1,3,0,2,4,2,4.01,1,1,1,0,0
72.76,8.94,1,10,2,2,1,1,0,1,6,2,9.48,1,4,1,0,0
67.62,5.58,6,10,1,1,1,2,0,1,13,3,43.93,1,2,1,1,0
84.48,8.22,2,12,2,2,1,3,0,2,2,3,1.0,1,3,1,0,0
73.79,6.12,7,14,3,1,1,1,0,3,20,2,24.81,1,1,0,1,0
81.02,5.23,8,14,1,0,1,1,0,18,9,1,22.3,1,3,1,0,0
64.98,6.14,4,11,4,6,1,1,1,5,1,3,1.32,1,3,1,0,0
72.36,7.18,3,12,3,0,1,3,0,24,5,1,16.28,1,6,1,0,0
57.19,8.38,3,13,1,3,1,3,0,19,15,2,15.26,0,4,0,1,0
74.92,6.06,6,13,2,2,1,4,0,6,8,1,25.18,1,6,1,0,0
64.9,6.32,6,14,2,0,1,1,0,21,16,2,5.92,0,1,1,0,0
91.45,5.74,6,13,2,3,1,1,0,9,1,1,17.47,1,5,1,0,0
46.42,2.92,10,13,3,5,1,1,1,6,2,3,8.78,1,6,0,0,0
88.26,4.85,6,11,2,2,1,3,1,25,13,2,11.76,1,4,1,0,0
11.44,3.43,9,14,0,3,0,1,0,30,17,1,14.01,1,2,1,0,1
76.25,4.99,7,13,3,3,1,1,0,7,10,1,1.0,1,4,1,1,0
81.9,5.48,6,10,2,3,1,2,0,29,1,2,13.8,1,3,1,0,0
63.26,5.96,7,14,4,2,1,2,1,14,11,1,9.59,1,4,0,0,0
82.09,4.24,7,11,2,4,1,3,0,28,4,3,10.8,1,2,1,1,0
47.41,6.36,6,11,1,2,1,4,0,18,1,1,13.9,1,1,1,0,0
90.64,6.11,6,14,2,3,1,4,0,5,10,2,18.15,0,1,1,0,0
57.97,6.91,3,11,4,2,1,2,0,20,1,3,30.38,1,3,1,1,0
76.65,6.05,6,11,4,3,1,2,0,6,5,3,1.0,1,2,1,0,0
1.19,6.27,7,14,1,4,0,4,0,33,38,2,10.31,1,4,1,1,1
61.05,4.86,8,14,4,3,1,2,0,21,1,1,17.01,1,1,0,1,0
70.84,6.32,6,14,2,0,1,3,0,20,1,1,1.0,0,1,0,0,0
87.67,7.93,4,14,3,5,1,2,0,23,4,3,25.15,0,1,1,0,0
37.6,0.9,9,10,4,2,0,2,0,17,6,3,3.57,1,2,0,0,1
92.56,5.33,6,11,3,2,1,1,0,8,6,1,28.95,1,2,0,1,0
62.66,3.72,9,12,1,0,1,4,0,11,1,3,11.63,1,3,1,1,0
57.56,5.58,5,12,4,0,1,3,0,3,1,1,19.6,0,6,1,1,0
81.24,5.37,7,14,1,2,1,1,0,1,3,1,25.4,1,2,1,0,0
51.87,7.51,4,12,2,2,1,1,0,11,4,1,4.48,1,4,1,0,0
55.21,5.33,6,13,3,5,1,3,0,2,14,1,11.39,1,6,0,0,0
59.37,3.12,8,13,4,2,1,4,1,1,1,2,17.09,1,4,1,0,0
36.28,3.52,8,11,2,6,1,1,0,18,2,2,20.97,1,5,0,0,0
67.97,4.62,7,14,1,1,1,3,0,1,1,3,2.13,0,2,1,1,0
15.03,,7,11,0,4,0,3,0,38,19,3,13.69,1,5,1,0,1
78.63,5.55,5,12,1,2,1,4,0,1,17,1,19.08,1,2,1,1,0
83.5,5.58,5,10,3,2,1,1,0,19,8,2,1.0,1,2,1,0,0
81.63,6.31,5,12,2,0,1,3,0,9,4,1,6.51,1,4,1,0,0
81.39,8.4,1,10,2,0,1,3,0,11,1,3,21.69,1,1,1,0,0
70.41,3.91,10,14,4,3,1,4,0,3,20,3,22.01,1,5,1,1,0
41.94,4.93,6,10,2,2,1,2,0,23,3,1,10.66,1,5,0,1,0
29.16,3.57,8,12,0,1,0,1,0,38,1,2,22.33,0,4,1,1,1
96.9,4.84,6,10,4,1,1,2,0,1,2,1,8.92,0,1,1,0,0
91.69,5.66,7,14,3,1,1,4,0,23,17,2,1.0,1,1,1,0,0
67.91,4.65,6,10,4,0,1,3,0,19,18,3,11.74,1,2,1,0,0
72.2,4.59,7,12,3,1,1,1,0,1,9,1,17.46,1,3,0,0,0
68.1,5.17,6,11,1,1,1,2,0,5,5,2,9.41,1,4,0,0,0
91.98,6.35,6,12,1,1,1,4,0,15,3,1,23.73,1,2,0,0,0
85.54,4.14,6,11,1,0,1,4,0,8,9,1,1.0,1,2,1,0,0
62.14,6.26,3,10,1,3,1,3,0,27,23,2,1.0,1,6,0,0,0
61.86,5.25,5,10,3,1,1,1,1,2,1,2,1.0,1,2,1,0,0
91.22,9.61,2,12,2,0,1,4,0,1,7,3,1.0,1,2,1,0,0
67.71,4.66,7,14,2,2,1,2,0,21,21,2,7.35,0,6,1,0,0
78.41,6.88,5,13,3,2,1,2,0,36,1,2,22.86,1,4,1,0,0
73.47,6.9,6,14,3,1,1,3,0,13,2,2,18.22,1,6,1,0,0
74.46,8.19,2,12,3,1,1,2,0,13,5,3,1.0,1,3,1,0,0
78.93,4.41,8,11,3,4,1,1,0,1,1,3,1.0,1,6,0,0,0
100.0,6.42,6,12,2,2,1,2,0,20,7,3,17.21,1,5,1,0,0
89.68,6.2,4,12,2,1,1,4,0,15,6,1,10.05,1,2,1,0,0
85.01,6.28,5,11,1,2,1,2,0,15,1,3,11.81,0,3,0,0,0
74.17,5.34,6,13,1,2,1,1,0,21,13,2,2.28,1,4,1,0,0
59.31,7.93,2,11,2,3,1,3,0,3,12,2,19.25,1,1,1,0,0
32.74,5.7,6,13,1,5,0,3,0,3,9,3,23.89,1,2,1,0,1
82.62,5.66,4,10,4,0,1,4,0,13,14,3,10.37,1,2,1,1,0
60.83,5.31,5,10,3,1,1,2,0,3,4,1,1.0,1,6,1,0,0
75.2,6.69,6,13,1,3,1,3,0,10,1,1,1.0,1,2,1,1,0
50.56,6.74,6,13,3,1,1,2,1,2,1,2,9.35,1,5,1,0,0
0.0,,7,11,0,3,0,2,0,31,18,1,14.77,0,4,1,0,1
72.41,4.78,7,14,1,5,1,1,0,1,1,3,24.39,1,5,0,1,0
65.14,3.24,7,11,4,2,1,1,1,5,12,2,17.05,1,3,1,1,0
85.9,4.74,9,14,1,1,1,1,1,37,9,2,1.0,1,4,1,0,0
43.58,4.93,8,12,2,0,1,4,1,5,1,2,23.21,1,5,1,1,0
80.0,6.73,5,10,1,3,1,1,0,9,3,1,3.33,1,2,1,0,0
54.13,4.47,8,12,1,1,1,2,0,6,1,2,20.74,1,6,1,1,0
28.94,4.29,7,12,1,3,0,1,0,35,12,1,10.97,1,1,1,0,1
65.98,5.3,5,10,3,4,1,3,1,4,1,1,21.26,0,5,1,0,0
82.48,5.6,4,11,4,0,1,2,0,22,6,3,8.84,1,4,0,0,0
89.24,5.82,6,11,4,2,1,4,0,22,4,2,18.01,0,4,1,0,0
58.34,4.67,6,10,4,0,1,4,0,1,1,1,10.52,0,4,1,0,0
45.2,4.95,8,12,2,3,1,1,0,24,8,2,1.0,1,6,0,1,0
87.59,4.89,7,10,1,0,1,2,0,9,11,3,20.18,1,5,1,0,0
85.65,8.19,2,12,3,0,1,2,0,1,1,3,28.43,1,2,1,0,0
58.49,6.6,5,13,1,0,1,3,0,16,3,1,10.37,1,4,1,1,0
9.61,2.93,10,14,2,4,0,2,0,16,23,3,2.06,1,5,1,1,1
41.56,7.68,5,14,3,1,1,4,0,8,25,3,9.37,1,4,1,0,0
72.34,7.37,5,12,3,3,1,3,0,15,1,3,19.18,1,3,1,1,0
74.58,6.19,6,12,1,1,1,2,0,10,11,1,6.26,1,4,0,0,0
61.53,2.3,10,13,1,2,1,1,0,25,1,2,12.51,1,3,0,1,0
62.6,7.53,4,14,1,0,1,4,0,12,4,3,3.72,1,6,0,0,0
78.45,8.99,3,14,4,2,1,3,0,1,4,3,14.31,1,1,1,0,0
61.1,6.02,5,12,3,4,1,2,0,3,2,1,17.58,1,4,1,0,0
63.33,8.21,1,11,2,5,1,3,0,12,9,3,1.85,1,3,1,0,0
59.84,7.2,3,10,3,3,1,4,0,1,4,3,11.24,0,5,1,0,0
75.2,9.63,2,10,4,0,1,1,0,11,1,1,13.85,1,3,1,0,0
92.35,4.16,6,11,3,1,1,3,1,10,4,1,25.73,1,3,1,1,0
28.82,,9,14,0,3,1,3,1,57,1,3,7.71,1,6,1,0,1
76.83,8.34,3,10,1,0,1,3,0,1,9,1,13.9,0,3,0,0,0
50.07,4.34,9,14,3,2,1,2,0,14,6,3,30.04,0,6,0,0,0
14.14,,8,13,0,3,0,2,0,55,27,1,16.72,1,2,1,1,1
100.0,6.5,4,14,3,0,1,3,0,13,3,2,18.05,1,2,1,0,0
85.23,6.1,5,14,1,1,1,4,0,5,2,3,11.34,1,2,1,1,0
93.5,3.73,8,11,3,3,1,4,1,7,3,3,10.19,1,3,1,1,0
54.26,4.8,7,10,2,0,1,3,0,23,17,2,22.08,1,6,1,1,0
61.73,7.84,5,14,3,0,1,4,0,17,1,2,19.31,1,5,1,0,0
72.21,6.73,3,10,1,2,1,2,0,1,2,3,17.84,0,2,1,1,0
99.65,5.66,4,11,1,0,1,4,1,1,18,3,1.0,0,4,1,0,0
39.16,3.77,8,12,2,4,1,4,1,19,4,3,11.88,1,5,0,1,0
53.21,5.87,5,14,1,0,1,1,0,13,13,2,13.99,1,6,1,0,0
21.55,,7,14,0,2,0,4,1,41,37,3,18.8,1,4,1,0,1
77.89,4.54,7,10,3,1,1,2,0,1,8,1,15.48,0,6,0,0,0
72.69,4.87,6,11,3,0,1,2,0,3,6,1,18.79,1,2,1,0,0
54.77,3.91,9,14,1,0,1,1,0,16,9,2,23.94,1,5,1,0,0
57.28,6.88,3,11,2,1,1,3,0,5,9,3,6.02,0,3,1,1,0
83.34,5.63,8,14,2,0,1,3,1,27,13,2,3.7,1,6,1,0,0
2.84,3.28,9,11,1,3,0,4,1,42,35,2,22.52,1,6,0,0,1
65.03,9.49,2,11,3,8,1,2,0,6,8,2,18.07,1,1,1,0,0
57.25,4.82,9,14,1,5,1,4,0,15,13,3,14.3,1,6,0,0,0
57.47,5.56,6,12,2,0,1,2,1,16,9,3,6.42,1,6,0,0,0
55.5,7.19,5,11,1,5,1,2,0,14,12,3,11.94,1,5,1,0,0
80.03,6.54,4,12,4,3,1,2,1,1,2,2,9.06,1,2,1,0,0
70.93,7.04,4,13,4,3,1,1,0,1,3,1,17.01,1,3,1,1,0
17.75,5.55,6,14,2,6,0,4,0,33,29,2,16.92,1,6,1,0,1
64.11,4.98,7,12,4,0,1,4,0,1,14,2,18.93,0,2,1,1,0
56.12,6.53,3,11,3,0,1,2,1,20,10,1,24.12,1,5,1,0,0
67.92,3.04,10,13,1,2,1,4,0,6,7,2,1.71,1,6,1,1,0
41.71,4.56,7,11,2,5,1,1,1,1,14,3,6.64,1,5,1,0,0
36.39,3.27,8,12,1,2,1,4,1,1,15,3,13.6,1,5,1,0,0
4.53,1.96,10,14,2,2,0,3,0,60,32,2,7.87,1,5,0,1,1
65.9,6.02,6,11,4,1,1,1,1,1,1,1,12.33,1,5,1,0,0
48.62,5.84,7,13,1,4,1,2,0,7,1,3,1.0,1,1,0,1,0
56.06,5.37,6,10,3,0,1,4,1,1,1,1,2.78,1,4,1,0,0
1.94,3.42,8,11,1,6,0,2,0,45,19,1,6.53,1,6,1,0,1
75.93,4.55,7,14,1,3,1,4,0,26,16,3,20.11,1,1,1,0,0
54.78,4.82,8,12,3,0,1,4,0,18,18,3,22.18,1,5,1,0,0
76.07,7.09,4,11,4,0,1,4,0,15,8,2,22.47,1,5,1,0,0
34.54,2.2,9,11,1,5,0,1,0,7,5,1,17.72,1,6,1,0,1
79.07,7.35,5,13,2,0,1,1,0,21,3,1,11.76,1,1,1,0,0
77.38,6.3,5,14,1,3,1,4,0,12,3,2,7.63,1,3,1,0,0
55.9,4.56,7,13,4,3,1,2,0,27,17,3,6.97,0,2,1,0,0
0.95,,7,12,0,1,0,2,0,34,33,1,5.09,1,6,0,1,1
3.26,,10,14,0,3,0,3,0,16,17,2,18.82,1,5,1,0,1
100.0,7.25,3,14,4,2,1,1,0,4,7,3,12.76,1,2,1,0,0
71.14,6.6,5,13,3,3,1,4,0,14,1,1,4.37,1,5,0,0,0
80.57,8.11,2,10,4,6,1,1,0,16,4,2,4.14,1,1,1,0,0
59.28,6.15,4,12,1,4,1,3,0,13,11,1,1.0,1,3,1,0,0
90.39,9.49,2,11,3,0,1,3,0,3,19,1,6.5,1,3,1,0,0
29.89,4.54,6,11,1,2,0,2,0,28,5,3,11.86,1,6,1,0,1
61.65,3.82,8,14,1,3,1,4,0,5,17,2,9.21,0,4,1,1,0
63.8,6.16,6,14,2,3,1,4,0,17,8,1,8.69,1,4,0,0,0
60.82,9.92,2,13,3,4,1,2,1,1,1,2,1.0,0,1,1,0,0
5.16,,8,14,0,5,0,3,0,41,38,1,9.45,1,2,1,0,1
78.12,3.17,9,12,3,1,1,3,0,13,6,2,3.49,1,4,1,0,0
72.63,5.03,7,14,2,3,1,4,1,39,8,1,16.83,1,3,1,0,0
66.3,2.8,10,14,2,2,1,3,0,16,22,2,2.74,1,4,0,1,0
88.33,6.06,5,12,2,3,1,1,0,1,2,2,21.18,1,1,1,0,0
61.31,4.61,7,13,1,1,1,3,0,10,1,3,8.92,1,3,1,0,0
51.4,4.65,8,12,3,4,0,4,1,14,1,3,32.88,1,3,1,0,1
46.21,6.08,7,13,3,0,1,4,1,1,20,1,17.35,0,2,1,0,0
32.46,5.89,5,12,4,3,1,4,0,10,8,2,12.86,1,5,1,0,0
50.12,5.09,5,11,1,0,1,4,0,12,1,1,18.51,1,6,1,1,0
84.88,4.33,6,10,1,1,1,2,0,7,6,1,11.5,1,5,1,0,0
100.0,8.0,4,11,2,2,1,2,0,1,17,1,29.59,1,6,1,0,0
65.58,7.14,5,14,3,4,1,2,0,13,5,3,5.74,1,5,0,0,0
60.21,6.4,5,12,3,4,1,2,0,7,1,1,7.43,1,4,1,0,0
79.36,3.13,9,12,3,0,1,1,0,10,12,3,14.11,1,2,1,0,0
43.0,7.43,4,10,2,0,0,3,0,5,1,1,1.0,1,3,1,0,1
70.63,3.19,8,11,4,3,1,1,0,8,1,2,24.75,1,4,1,0,0
89.77,6.49,5,14,3,3,1,4,0,1,4,1,18.68,1,3,1,0,0
58.99,7.68,3,11,4,3,1,1,1,10,9,1,19.89,1,3,1,0,0
65.26,4.41,5,10,4,4,1,1,0,24,9,1,18.98,1,6,1,1,0
61.35,5.99,5,10,4,2,1,1,0,5,8,1,15.11,1,3,0,0,0
97.5,7.11,2,10,4,0,1,2,0,20,7,2,15.98,1,3,1,1,0
100.0,5.52,6,13,2,0,1,3,0,7,1,2,4.15,1,1,1,0,0
74.44,7.85,3,11,3,0,1,1,0,1,6,3,27.19,1,4,1,0,0
77.66,6.78,4,13,1,0,1,1,1,20,1,1,20.9,1,3,1,0,0
82.58,5.16,6,13,2,3,1,3,0,15,1,3,2.52,1,2,1,0,0
78.95,3.85,9,12,2,3,1,3,0,1,12,2,18.26,1,4,1,1,0
59.55,4.69,8,13,4,0,1,3,1,15,8,3,1.0,1,1,1,0,0
67.24,4.3,7,10,2,3,1,2,1,1,6,2,8.98,1,3,1,1,0
75.06,6.97,5,10,2,2,1,3,0,17,8,3,1.0,1,4,1,0,0
83.35,6.13,5,14,4,1,1,3,0,16,1,2,10.66,1,5,1,0,0
77.01,3.73,6,10,2,3,1,1,0,24,14,2,25.29,1,2,1,1,0
67.8,7.04,3,10,3,2,1,2,1,20,22,3,22.45,1,5,1,0,0
72.17,7.85,3,10,4,0,1,4,1,10,3,2,27.32,0,1,1,0,0
77.5,2.35,10,11,1,3,1,1,1,1,8,1,20.85,1,3,1,0,0
55.11,4.94,9,14,2,0,1,4,0,11,21,3,26.82,1,6,1,1,0
100.0,8.51,3,11,2,0,1,4,0,10,14,3,7.15,1,1,1,0,0
88.46,4.18,7,12,3,5,1,4,1,26,10,3,6.69,1,3,1,0,0
66.97,7.78,3,12,3,2,1,4,0,13,18,2,16.63,1,6,1,0,0
70.65,5.06,5,12,1,2,1,2,1,15,1,2,1.0,1,3,1,0,0
77.79,8.86,1,10,2,1,1,4,0,7,20,2,10.49,1,5,1,0,0
78.89,5.36,7,14,1,0,1,2,0,5,7,3,18.23,1,3,1,0,0
81.44,5.55,8,14,1,2,1,3,0,1,13,1,20.2,0,6,1,0,0
71.5,5.41,5,13,4,1,1,2,0,14,1,3,4.53,1,3,1,1,0
69.35,5.27,7,12,1,1,1,2,0,1,2,2,9.59,1,3,1,1,0
71.07,4.73,6,11,1,0,1,3,0,14,12,2,1.58,1,4,1,1,0
72.69,4.56,9,13,1,1,1,4,0,6,1,3,13.81,1,3,1,0,0
78.93,4.11,6,11,2,1,1,3,1,4,2,2,3.52,1,2,1,0,0
80.6,6.15,5,12,2,2,1,1,0,1,3,2,38.93,1,3,1,1,0
73.25,2.64,8,11,1,1,1,3,0,1,5,1,3.67,1,4,0,0,0
85.73,4.75,6,10,3,5,1,1,0,4,5,2,8.79,0,2,1,1,0
81.49,5.25,7,14,3,2,1,2,1,18,9,3,1.0,1,5,1,1,0
65.82,3.39,7,12,1,1,1,3,1,18,5,1,29.04,1,2,1,0,0
82.7,5.15,4,10,3,0,1,3,0,9,13,3,2.76,1,6,1,1,0
100.0,6.05,4,11,1,5,1,4,0,7,4,3,28.26,0,4,1,0,0
40.28,2.43,8,10,2,4,0,3,1,8,8,2,1.0,1,4,1,1,1
75.25,5.24,6,13,3,0,1,3,0,1,1,1,6.61,1,6,1,0,0
63.78,6.83,4,13,2,4,1,2,0,18,1,2,6.87,1,6,1,0,0
14.23,2.23,10,12,0,2,0,4,0,40,42,1,16.84,1,2,1,0,1
47.47,5.24,6,11,1,0,1,2,0,16,9,3,3.13,1,6,1,1,0
68.02,5.99,4,11,3,0,1,1,0,22,1,1,6.15,1,6,0,0,0
79.53,5.5,6,11,2,2,1,1,0,1,1,2,10.13,1,2,1,0,0
18.43,3.19,9,13,1,2,1,2,0,27,16,1,7.0,1,6,0,1,0
60.11,5.87,4,11,2,2,1,2,0,23,2,2,1.0,0,2,0,0,0
91.52,10.0,2,14,1,0,1,4,0,12,10,3,29.25,1,4,1,0,0
67.69,5.86,5,14,1,0,1,4,0,12,5,2,15.3,1,6,1,0,0
39.24,1.8,10,14,1,2,1,2,1,17,2,2,24.57,1,6,1,0,0
71.97,7.64,3,14,1,3,1,4,0,13,1,3,30.49,1,3,1,0,0
61.37,7.64,4,13,2,0,1,3,0,16,6,2,19.45,0,6,1,1,0
65.08,5.68,7,12,3,1,1,2,0,9,6,3,14.15,0,1,0,0,0
85.67,4.82,9,14,4,0,1,2,1,19,12,2,21.55,1,6,1,0,0
75.14,4.36,6,11,2,0,1,1,1,24,1,2,8.08,1,2,1,1,0
94.95,6.21,5,10,2,2,1,3,0,5,11,1,1.0,1,2,1,0,0
81.28,4.05,10,14,2,4,1,4,0,1,4,2,19.77,0,2,1,0,0
69.0,8.12,1,10,2,3,1,2,1,25,1,1,9.63,1,5,1,0,0
87.03,4.59,5,10,3,0,1,1,1,1,1,2,1.43,1,3,1,0,0
25.35,2.64,9,11,2,3,0,1,1,47,8,1,14.7,1,5,1,0,1
31.32,6.28,5,12,1,5,1,1,0,9,1,3,13.06,1,5,0,0,0
98.96,6.8,6,14,1,2,1,1,0,1,10,2,24.72,1,1,1,0,0
90.99,5.06,8,14,3,1,1,3,0,12,1,1,12.93,1,3,1,0,0
55.05,7.4,3,12,2,2,1,1,0,34,18,1,9.88,1,5,1,0,0
45.72,2.64,8,10,4,2,1,3,0,10,8,3,10.45,1,4,0,1,0
51.38,9.33,2,12,3,3,1,3,0,1,2,1,1.0,1,1,1,0,0
87.29,5.79,6,12,2,1,1,4,0,1,14,2,25.26,0,2,1,0,0
52.69,8.06,3,13,3,0,1,1,0,1,1,3,1.0,0,5,1,0,0
65.23,5.81,5,12,3,1,1,2,0,15,15,2,23.54,1,6,1,0,0
43.95,7.17,5,11,4,0,1,1,0,6,7,2,12.34,1,5,1,0,0
34.68,2.23,10,13,3,4,1,3,0,3,9,1,16.47,1,2,1,1,0
62.86,4.99,7,14,4,3,1,2,0,11,1,2,13.57,1,1,0,0,0
16.2,,9,13,0,1,0,1,0,43,25,2,23.59,1,1,1,0,1
19.96,2.44,9,10,1,3,0,2,0,32,41,2,9.11,1,1,1,0,1
68.24,5.67,5,11,2,2,1,1,0,27,1,1,1.0,1,3,1,0,0
11.06,3.56,7,11,2,1,0,3,0,32,22,3,1.0,1,3,1,1,1
76.82,6.04,5,13,1,3,1,1,0,27,6,2,1.0,0,1,1,1,0
100.0,5.4,6,12,3,5,1,2,0,12,19,3,19.75,1,4,1,0,0
60.3,6.3,5,10,2,2,1,4,0,12,4,1,1.0,1,5,0,1,0
63.24,6.42,6,14,2,4,1,3,0,8,8,2,1.0,1,2,1,0,0
70.15,5.16,5,10,1,2,1,1,0,1,12,2,3.36,1,4,0,0,0
91.19,6.31,6,13,1,3,1,1,0,20,10,2,4.93,1,5,1,0,0
82.83,4.41,7,14,2,2,1,4,1,26,14,2,1.0,1,2,1,0,0
80.59,4.76,9,14,3,1,1,2,0,14,1,1,8.99,0,5,1,0,0
43.86,5.21,7,12,4,0,1,1,1,13,8,2,22.49,1,5,1,0,0
96.83,6.44,6,13,3,1,1,1,0,5,1,1,10.61,1,4,1,1,0
81.09,5.61,7,13,2,1,1,3,1,1,16,2,11.11,1,2,1,0,0
51.44,4.56,9,13,3,2,1,3,0,1,17,1,21.52,1,6,0,1,0
52.68,6.57,4,14,3,0,1,1,0,14,3,3,11.01,1,1,0,0,0
62.96,4.64,8,12,4,0,1,4,0,14,9,2,10.89,1,4,1,1,0
66.55,2.14,10,13,3,1,1,3,0,18,3,3,1.61,1,4,1,0,0
37.53,5.49,4,11,4,4,1,4,1,1,6,2,5.93,0,6,1,0,0
86.84,4.77,7,13,4,0,1,2,0,5,1,1,8.1,1,4,1,0,0
72.37,4.08,10,14,4,3,1,3,1,9,2,1,1.0,1,3,1,0,0
28.64,,8,14,0,4,0,1,0,18,1,3,6.99,1,6,1,0,1
84.63,6.28,5,14,3,0,1,3,1,15,13,3,8.69,0,1,1,0,0
68.3,7.84,3,12,3,3,1,2,0,23,1,1,30.3,1,4,1,0,0
53.85,4.37,7,14,4,0,1,1,0,17,24,3,1.0,1,6,0,0,0
27.69,5.16,5,12,1,5,0,3,0,18,3,2,16.25,1,5,1,0,1
65.33,3.68,7,11,3,0,1,2,1,22,1,2,20.3,1,4,1,1,0
65.51,2.73,10,13,2,5,1,4,0,14,15,1,27.23,0,5,0,1,0
83.03,4.91,5,10,3,0,1,2,0,27,1,2,19.21,1,1,1,1,0
64.25,7.54,4,13,4,2,1,2,0,17,16,3,2.12,1,4,1,0,0
49.3,5.44,6,10,1,1,1,3,1,22,12,2,1.0,1,5,1,0,0
63.94,6.78,6,13,4,4,1,2,0,29,1,3,1.0,1,3,1,0,0
82.77,10.0,0,10,1,0,1,1,0,19,6,2,22.59,0,3,1,0,0
67.41,4.4,7,10,1,2,1,1,1,17,9,1,1.0,1,2,1,0,0
14.05,4.89,6,11,2,4,0,1,0,30,23,3,13.48,1,6,0,0,1
66.78,8.65,2,12,4,1,1,2,0,2,15,1,12.46,1,3,1,0,0
44.43,7.21,3,13,2,0,1,4,1,21,11,1,8.22,1,3,0,0,0
73.47,4.19,9,13,1,3,1,3,1,16,4,1,19.21,1,2,1,0,0
56.26,5.7,4,10,2,2,1,4,1,23,15,2,17.54,1,4,1,0,0
67.07,7.81,3,13,4,0,1,1,0,10,1,3,27.03,1,4,1,0,0
67.05,6.07,6,12,3,4,1,3,0,7,1,2,1.0,1,5,1,0,0
99.15,4.89,7,13,1,5,1,2,0,13,1,1,2.54,1,3,1,0,0
62.7,5.09,6,13,3,2,1,4,0,21,8,3,1.74,1,1,1,0,0
66.51,4.04,10,14,1,5,1,3,1,20,10,2,12.0,1,4,0,1,0
50.27,3.78,7,10,3,1,1,1,0,14,22,1,16.16,1,1,0,0,0
79.19,9.98,0,10,2,2,1,2,0,1,14,2,2.96,1,2,1,0,0
56.77,7.21,5,11,1,1,1,1,0,12,14,2,6.11,1,2,1,0,0
41.62,1.98,10,13,1,5,1,2,1,18,13,1,17.74,1,1,0,0,0
88.99,5.08,8,14,1,3,1,2,0,1,1,2,29.96,1,3,0,0,0
90.59,8.35,2,11,3,0,1,2,0,7,1,3,28.28,1,1,1,0,0
49.73,4.49,6,11,4,0,1,4,1,25,11,1,8.59,1,6,1,1,0
68.42,4.45,6,11,4,2,1,2,1,10,1,3,1.0,0,4,1,1,0
70.87,3.17,10,13,2,0,1,1,0,1,1,3,1.0,1,5,1,1,0
61.36,6.77,5,14,1,2,1,2,0,29,1,2,13.31,1,5,1,0,0
70.84,9.21,1,13,4,0,1,2,0,1,17,3,1.76,1,6,1,0,0
2.8,,10,10,0,2,0,2,1,41,34,1,33.65,1,5,1,0,1
87.86,7.16,5,11,4,0,1,3,1,12,14,1,3.84,1,3,1,0,0
73.17,3.33,7,10,2,0,1,4,0,18,7,1,11.26,1,4,1,1,0
68.87,6.26,6,11,4,4,1,3,1,29,1,2,34.71,1,2,1,0,0
63.93,5.79,5,13,4,1,1,3,1,14,10,1,16.36,1,4,1,0,0
42.02,6.17,4,10,2,6,1,4,0,16,7,1,5.25,1,2,1,0,0
73.95,5.67,6,12,2,1,1,2,0,29,1,3,20.41,1,2,1,0,0
28.12,3.59,7,10,2,5,0,4,0,39,1,3,16.26,1,4,1,0,1
70.27,6.08,4,11,4,4,1,3,0,1,14,2,16.44,1,6,1,1,0
88.52,6.48,5,13,1,1,1,2,0,14,16,3,34.72,1,4,1,1,0
85.34,4.57,9,13,1,2,1,3,0,15,1,3,13.46,1,6,1,0,0
58.79,6.34,6,14,1,0,1,1,0,11,18,3,10.88,1,2,0,0,0
4.93,3.78,8,11,1,1,0,2,0,22,23,1,10.72,1,5,1,0,1
0.59,,10,12,0,8,0,3,0,38,38,1,8.24,0,5,1,1,1
72.28,9.35,2,13,3,2,1,3,0,1,19,3,22.24,1,6,1,0,0
27.63,,8,11,0,3,0,1,0,18,2,1,7.45,0,4,1,0,1
56.72,5.38,6,12,1,0,1,2,0,9,5,2,4.83,1,6,0,0,0
60.73,8.23,4,13,3,4,1,3,0,19,1,3,8.98,1,2,1,0,0
40.95,4.98,8,12,4,0,1,2,0,6,5,2,27.3,1,4,1,0,0
77.97,4.81,7,12,2,1,1,4,0,1,1,1,16.96,1,1,0,0,0
53.97,6.72,3,11,2,1,1,1,1,15,21,1,10.17,1,6,1,0,0
11.65,4.57,6,11,1,6,0,2,0,37,21,3,6.98,1,6,1,0,1
59.41,7.25,3,11,3,0,1,3,0,13,5,3,24.21,1,4,1,0,0
46.85,5.95,7,14,2,2,1,4,0,27,1,2,4.04,0,5,0,0,0
86.37,7.25,5,13,1,0,1,2,0,22,1,2,2.34,1,3,1,0,0
100.0,6.2,3,10,2,6,1,4,0,4,1,3,1.0,1,3,1,0,0
46.23,5.34,6,12,1,0,1,2,1,24,20,3,32.96,1,5,1,0,0
100.0,6.43,5,11,1,1,1,4,0,16,1,3,15.31,1,4,1,0,0
34.77,5.36,7,11,4,3,0,2,0,18,1,1,18.87,0,4,0,0,1
94.0,5.7,4,10,4,0,1,4,0,1,5,3,15.47,0,5,1,0,0
100.0,7.46,3,11,2,2,1,3,0,1,5,3,10.87,1,2,1,0,0
52.51,3.22,7,11,4,4,1,1,0,12,1,1,21.58,1,6,1,0,0
80.77,6.84,4,11,4,3,1,2,0,12,14,1,9.03,1,3,1,0,0
91.68,4.59,8,14,4,2,1,3,0,13,7,3,3.68,1,5,1,0,0
70.43,9.69,2,11,3,4,1,1,0,1,1,1,31.2,1,1,1,0,0
53.66,4.66,6,10,3,0,1,3,0,10,1,3,24.4,1,4,1,1,0
48.06,8.16,3,14,2,0,1,3,1,20,10,3,24.59,1,5,1,1,0
97.2,7.0,3,10,2,1,1,3,0,1,14,2,3.76,1,3,1,0,0
61.21,7.67,4,11,2,0,1,1,0,30,6,2,4.2,1,5,1,0,0
74.23,4.35,7,11,3,2,1,3,1,1,2,1,10.21,1,3,0,0,0
75.94,4.02,7,12,2,1,1,2,1,16,11,1,23.95,1,2,1,0,0
38.42,1.53,8,10,4,3,0,1,0,1,8,3,30.98,1,4,1,0,1
39.78,0.39,9,10,1,2,1,2,1,1,12,1,17.96,1,6,1,1,0
44.49,5.33,5,12,3,2,1,2,1,7,11,3,8.61,1,5,1,1,0
75.55,4.75,7,11,3,1,1,1,1,8,9,3,2.1,1,2,1,0,0
71.47,6.89,6,13,2,2,1,1,0,1,1,1,19.83,1,5,1,0,0
73.53,7.17,3,13,1,0,1,2,0,14,10,2,13.49,1,3,1,0,0
85.46,6.74,4,12,4,6,1,3,0,10,1,3,8.4,1,1,1,0,0
14.08,6.29,4,11,1,4,0,1,0,30,33,2,19.31,1,2,1,0,1
72.86,7.24,3,11,1,3,1,3,0,8,8,1,1.0,1,5,1,1,0
84.3,6.61,6,12,4,1,1,3,0,9,6,3,23.92,1,6,1,0,0
3.74,3.57,6,10,1,7,0,4,0,24,16,2,18.03,0,5,0,0,1
59.24,7.61,3,11,1,1,1,3,0,34,8,1,17.33,1,4,1,1,0
92.59,7.81,3,11,4,1,1,4,0,22,14,2,6.28,1,4,1,0,0
84.99,8.1,2,10,4,4,1,4,0,19,4,2,2.84,1,1,1,0,0
59.45,4.91,7,13,2,4,1,2,0,8,8,2,16.24,1,3,1,1,0
64.59,6.12,7,13,4,0,1,2,0,1,1,3,22.13,1,6,1,1,0
77.63,6.23,3,10,3,1,1,1,0,42,24,1,21.96,1,3,1,0,0
100.0,5.57,5,10,4,3,1,3,0,1,1,2,16.97,0,3,1,0,0
78.05,5.99,4,12,1,0,1,3,1,1,1,1,1.0,1,1,1,1,0
70.18,4.61,7,10,3,1,1,4,0,17,5,3,8.29,1,4,0,0,0
59.78,6.98,4,11,1,2,1,4,0,2,10,3,2.05,1,4,1,0,0
69.28,7.84,4,10,4,0,1,2,0,1,7,2,6.14,0,2,1,1,0
72.94,4.26,9,14,1,0,1,3,0,22,2,1,13.03,1,1,0,0,0
100.0,6.98,5,13,3,1,1,3,0,12,5,1,3.87,1,3,1,0,0
92.35,5.04,7,14,2,4,1,2,0,12,6,3,18.65,1,1,1,0,0
0.0,2.13,9,10,2,2,0,3,0,59,25,2,1.0,1,5,0,0,1
77.07,2.39,9,11,1,1,1,3,1,1,1,2,10.5,1,3,1,0,0
75.1,7.2,4,11,1,0,1,4,0,1,1,2,15.16,1,2,1,0,0
66.72,7.38,4,12,1,1,1,2,0,11,16,3,14.57,1,2,1,0,0
76.39,6.25,6,14,3,2,1,1,0,10,3,2,2.07,1,1,1,0,0
64.76,4.67,7,10,2,2,1,1,0,1,1,3,3.07,1,2,1,0,0
87.7,7.48,3,14,2,3,1,3,0,10,1,2,2.06,1,1,1,0,0
86.3,4.6,5,10,2,0,1,2,0,1,6,2,8.17,0,2,1,0,0
78.14,5.9,6,14,3,2,1,4,0,6,1,3,11.55,1,1,1,0,0
82.74,4.74,7,10,3,2,1,1,0,3,15,3,23.82,1,3,1,0,0
67.21,6.85,5,12,4,0,1,3,0,7,1,3,2.3,1,5,0,0,0
74.04,5.05,5,12,3,1,1,2,0,22,9,2,5.86,0,4,1,0,0
61.35,8.91,2,10,4,3,1,1,0,19,1,2,22.91,1,6,1,0,0
73.06,5.71,7,12,2,2,1,1,0,8,1,2,24.96,1,1,1,0,0
63.39,4.41,9,13,2,3,1,2,0,6,4,1,4.76,1,1,1,0,0
69.07,6.49,6,14,2,1,1,4,0,5,1,2,8.28,1,5,1,0,0
61.07,5.91,4,11,3,3,1,4,0,13,19,2,1.0,1,3,1,1,0
70.37,4.19,6,10,2,4,1,2,0,1,1,2,21.5,1,1,0,0,0
73.65,5.95,6,11,3,2,1,1,1,1,4,1,1.0,1,1,1,0,0
66.65,3.21,7,11,2,1,1,3,0,9,10,2,13.43,1,1,1,0,0
92.74,5.3,6,13,2,0,1,4,0,16,10,1,8.07,1,3,1,0,0
79.02,6.34,3,10,4,2,1,4,0,23,11,1,6.44,1,5,1,1,0
78.05,8.92,1,10,3,1,1,1,0,26,1,1,25.25,1,4,1,0,0
38.9,1.18,9,10,1,6,1,3,0,15,1,2,22.09,0,5,0,0,0
57.33,5.37,6,12,4,3,1,2,1,1,5,1,21.5,1,2,1,0,0
71.11,5.18,7,12,4,0,1,3,0,28,7,2,9.37,1,2,1,1,0
74.95,4.73,6,11,4,2,1,4,0,19,9,1,18.72,1,3,1,0,0
100.0,6.59,3,11,2,2,1,4,0,18,12,2,24.5,1,1,1,0,0
40.01,5.07,7,14,3,4,1,4,0,6,1,2,6.03,1,4,0,1,0
36.15,4.51,8,11,2,5,1,2,0,5,13,3,9.2,1,3,1,1,0
0.0,4.62,6,10,0,4,0,4,1,54,26,2,6.19,0,2,1,0,1
62.83,8.18,4,13,4,2,1,3,0,9,4,3,4.68,1,6,1,0,0
92.36,4.79,5,11,2,2,1,3,0,10,12,2,15.11,1,6,1,1,0
51.66,5.9,5,11,2,0,1,1,0,30,16,1,15.48,1,3,1,0,0
63.3,6.26,4,10,2,4,1,4,1,13,7,2,17.68,1,6,1,0,0
64.26,10.0,0,14,3,0,1,4,0,23,19,2,14.43,1,1,1,0,0
48.77,9.39,2,13,2,0,1,4,0,15,1,1,1.0,1,3,1,0,0
72.93,3.4,10,14,4,2,1,1,0,1,12,2,1.0,1,2,1,0,0
57.2,4.2,8,11,3,1,1,4,1,26,8,2,12.18,0,6,1,0,0
87.09,2.44,10,13,1,0,1,3,0,1,10,2,7.12,1,4,1,0,0
79.5,4.02,7,13,2,2,1,1,1,10,1,2,11.21,1,2,1,0,0
63.31,5.72,5,12,3,1,1,2,0,5,11,1,33.7,1,5,1,0,0
58.64,5.48,5,13,1,1,1,1,0,1,12,1,4.19,1,1,1,0,0
68.1,7.79,4,12,4,0,1,3,0,25,12,3,1.0,1,6,1,0,0
37.41,5.28,4,10,2,3,1,1,0,1,13,1,11.78,1,1,1,0,0
31.67,0.0,10,10,2,6,1,2,1,12,12,2,21.32,1,5,0,1,0
63.77,5.34,5,10,4,2,1,2,1,17,28,1,4.62,1,4,1,0,0
74.72,4.97,7,13,4,2,1,3,0,14,7,1,26.62,1,6,1,0,0
86.73,7.62,4,10,2,2,1,1,0,19,4,2,2.49,1,4,1,0,0
84.78,6.78,6,14,4,2,1,3,0,1,1,2,1.0,0,1,1,0,0
85.81,3.19,10,14,2,1,1,3,1,15,1,3,7.54,1,2,1,0,0
69.7,4.72,7,12,4,1,1,2,0,6,1,3,18.34,1,4,0,0,0
61.53,7.67,3,10,4,1,1,4,0,26,1,2,20.6,1,2,1,1,0
73.2,4.85,7,11,2,4,1,1,0,21,2,1,10.87,1,6,1,0,0
65.32,5.59,6,10,3,0,1,3,1,22,1,1,10.68,1,3,1,1,0
81.08,8.53,1,10,4,3,1,1,0,1,1,3,11.37,1,4,1,0,0
61.65,4.0,9,13,3,2,1,4,1,7,16,3,23.46,0,2,0,0,0
46.34,6.74,4,13,4,1,1,2,1,25,1,2,9.57,1,2,0,0,0
43.65,4.79,7,11,2,1,1,4,0,5,1,1,21.58,1,3,1,1,0
63.11,3.98,7,10,3,5,1,2,0,13,1,1,4.65,0,5,0,0,0
96.84,7.31,3,10,4,4,1,1,0,7,6,3,10.89,1,2,1,1,0
0.0,3.64,10,13,1,5,0,3,1,40,27,2,18.19,0,6,0,0,1
92.58,3.02,10,14,2,0,1,4,0,13,8,3,15.88,1,4,0,0,0
78.58,6.41,6,14,1,4,1,4,0,4,7,3,12.86,0,1,1,0,0
60.8,7.29,4,14,3,1,1,2,0,19,4,1,5.5,1,5,1,0,0
73.26,6.1,5,14,4,0,1,1,0,10,9,2,7.67,1,6,1,0,0
83.91,7.18,5,14,3,0,1,1,0,7,4,2,1.0,0,4,1,1,0
69.59,6.24,5,12,2,2,1,3,0,5,1,3,11.91,1,6,1,0,0
84.6,6.92,5,12,1,0,1,2,0,28,3,2,3.54,1,2,1,0,0
61.23,9.02,1,13,2,0,1,4,1,5,8,1,7.83,1,4,1,0,0
79.05,8.43,3,13,4,0,1,4,0,13,8,3,1.0,1,3,1,0,0
9.56,0.0,10,10,2,5,0,4,0,57,27,2,14.44,1,2,1,1,1
41.65,4.47,6,10,1,0,1,3,1,1,1,1,16.94,1,4,0,0,0
27.18,,9,14,0,2,1,3,1,41,1,2,6.62,1,1,1,0,1
91.97,7.34,5,13,4,5,1,3,0,1,6,3,7.18,1,1,1,0,0
72.87,6.57,6,14,2,1,1,4,0,1,1,2,23.79,1,2,0,0,0
41.4,6.13,5,13,4,2,1,4,1,15,20,2,12.09,1,5,1,0,0
56.44,7.26,5,14,1,0,1,3,0,23,1,3,1.0,1,2,1,0,0
81.53,4.38,9,13,2,0,1,1,0,6,17,1,20.92,1,1,0,1,0
63.15,4.19,7,10,4,2,1,3,0,16,6,2,33.96,1,6,1,0,0
87.39,6.82,5,13,3,2,1,1,0,9,14,1,1.08,1,1,1,0,0
28.51,6.64,3,11,1,4,0,2,0,44,1,1,3.12,1,2,1,0,1
86.96,5.26,4,10,4,1,1,2,0,7,12,1,16.94,0,3,1,1,0
84.36,7.89,3,10,3,1,1,4,0,1,1,3,6.76,1,1,1,0,0
59.62,6.35,6,11,1,0,1,2,0,1,1,2,2.33,0,3,1,0,0
78.98,4.23,8,14,3,4,1,2,0,13,22,3,21.73,1,2,1,0,0
5.31,,8,13,0,5,0,4,0,36,32,2,27.09,1,5,1,0,1
81.08,4.27,6,12,1,1,1,4,0,15,2,3,24.07,1,5,1,0,0
39.09,2.02,10,12,3,3,1,4,1,1,7,2,7.76,1,5,1,0,0
59.52,4.54,7,10,2,0,1,4,0,1,11,1,5.7,1,1,1,0,0
78.98,5.37,6,10,1,0,1,1,0,8,2,3,16.95,1,4,0,0,0
75.75,3.81,6,10,2,4,1,4,1,5,14,2,13.54,1,4,1,0,0
3.95,3.46,9,12,0,2,0,2,0,35,21,2,4.37,1,6,1,1,1
30.54,6.05,5,13,2,4,0,4,1,4,13,1,18.81,1,1,1,0,1
62.69,7.21,2,10,2,0,1,3,0,17,7,3,1.0,1,1,1,0,0
87.55,7.91,3,14,3,2,1,1,0,1,3,2,31.48,1,1,1,0,0
75.38,4.43,7,10,3,0,1,4,0,3,6,2,2.6,1,4,0,1,0
71.59,6.13,4,12,4,0,1,4,0,1,6,1,16.04,1,4,1,0,0
70.74,6.19,3,10,4,3,1,2,0,12,3,1,15.07,1,6,0,0,0
57.63,4.61,6,12,3,6,1,1,1,12,15,2,6.74,1,1,1,0,0
72.49,3.09,8,10,4,0,1,4,0,3,7,3,1.08,1,1,1,1,0
74.03,2.94,7,11,1,6,1,4,0,19,11,1,14.95,0,6,1,0,0
60.35,4.7,6,13,4,2,1,4,0,11,7,1,5.93,1,3,1,1,0
73.93,6.72,5,12,1,3,1,1,0,3,1,2,17.15,1,4,1,0,0
76.3,6.96,4,14,2,0,1,3,0,13,1,2,2.99,1,5,1,1,0
65.54,7.23,5,12,2,4,1,4,0,20,13,3,3.21,1,1,1,0,0
18.23,3.13,9,12,2,4,0,1,0,38,31,3,17.41,1,2,0,0,1
85.14,4.11,7,12,4,0,1,2,0,3,5,3,14.0,1,1,1,1,0
89.13,5.97,7,14,3,0,1,3,0,12,1,3,25.7,1,4,1,0,0
43.71,3.15,8,10,2,0,1,2,0,22,13,3,15.5,0,4,0,1,0
59.34,3.03,8,11,4,0,1,2,0,11,2,1,14.27,0,3,1,1,0
53.58,6.46,3,10,3,1,1,2,1,4,11,1,8.59,1,2,1,1,0
87.5,7.33,2,11,2,3,1,2,0,1,7,2,1.0,1,2,1,0,0
58.58,6.22,5,11,3,4,1,4,1,1,6,1,7.05,1,1,1,0,0
56.54,7.6,2,10,4,2,1,2,0,21,8,1,1.0,1,5,1,1,0
42.0,7.28,4,10,2,5,1,2,1,1,11,3,20.43,1,6,1,0,0
79.44,5.98,6,11,4,2,1,1,1,4,1,2,13.07,1,2,1,1,0
69.81,7.64,5,13,3,3,1,4,0,13,16,1,20.46,0,5,1,1,0
87.71,4.41,9,14,4,4,1,1,0,5,12,1,1.0,1,3,1,0,0
84.29,6.45,5,12,2,0,1,1,0,1,10,1,16.21,1,4,1,0,0
63.33,7.09,4,13,3,0,1,4,0,18,6,2,6.11,1,5,1,0,0
73.12,5.29,5,10,3,4,1,1,0,18,19,2,1.0,1,2,1,0,0
50.09,2.92,8,10,1,2,1,1,0,1,1,3,9.86,0,1,0,0,0
67.69,6.49,5,11,3,1,1,2,1,16,8,3,1.0,1,6,1,0,0
87.87,5.43,8,14,4,0,1,1,0,4,1,2,7.83,1,4,1,1,0
65.16,4.57,7,13,2,4,1,4,0,13,1,3,16.96,1,6,0,0,0
83.13,2.42,9,11,4,3,1,4,0,21,15,3,11.47,1,6,0,1,0
61.74,6.25,4,12,3,0,1,4,1,11,13,2,19.42,1,4,1,0,0
70.44,6.17,4,11,1,3,1,3,0,12,3,3,1.6,1,1,1,0,0
97.18,5.86,6,10,4,3,1,4,0,1,1,1,11.0,0,2,0,0,0
79.14,8.59,1,14,1,3,1,1,0,14,4,3,20.73,1,2,1,0,0
35.51,0.0,10,12,2,3,1,4,1,9,3,1,6.62,1,2,0,1,0
67.83,2.96,10,14,2,2,1,4,1,1,19,3,19.92,1,1,0,0,0
71.44,8.68,3,11,4,2,1,3,0,18,1,3,6.04,1,4,1,0,0
75.51,5.38,8,13,1,1,1,2,0,18,1,3,1.0,0,4,1,0,0
100.0,6.81,5,13,3,0,1,3,0,4,12,2,11.94,1,1,1,0,0
75.76,7.23,4,13,4,3,1,2,0,8,15,3,7.4,0,6,1,1,0
63.8,7.32,4,10,3,0,1,2,0,3,7,2,11.92,1,3,1,0,0
66.37,6.33,5,13,3,4,1,2,0,7,16,2,9.84,1,5,1,1,0
76.06,3.06,10,12,4,1,1,4,1,26,16,1,8.55,1,4,1,1,0
49.34,3.6,9,13,4,0,1,1,1,16,1,1,26.42,1,6,0,1,0
72.31,8.22,3,10,2,0,1,1,0,10,3,1,11.83,1,2,1,0,0
70.41,5.17,6,11,3,3,1,3,0,5,19,1,15.56,1,6,1,0,0
80.92,7.14,5,13,1,2,1,3,1,3,1,2,1.0,1,6,1,0,0
61.91,4.48,6,11,2,0,1,1,1,13,12,2,17.23,0,3,1,0,0
51.7,6.72,3,11,2,2,1,4,1,1,1,3,9.74,1,1,1,0,0
92.84,4.41,7,13,4,1,1,2,0,16,18,1,1.0,1,5,1,0,0
68.56,5.77,4,11,4,3,1,3,0,7,11,3,19.03,1,2,1,1,0
100.0,5.87,7,14,1,0,1,2,1,6,1,2,26.82,1,4,1,0,0
12.75,,9,12,0,4,0,3,0,23,22,1,10.42,1,6,1,0,1
62.37,6.55,3,11,1,3,1,1,0,26,1,2,1.0,1,5,1,0,0
79.2,4.26,6,11,3,3,1,4,0,1,12,1,23.06,1,4,1,1,0
80.92,4.44,7,12,2,4,1,1,0,12,4,3,5.01,1,3,0,0,0
56.44,5.07,5,12,3,0,1,2,0,16,1,3,7.17,1,6,1,0,0
66.76,6.09,6,14,4,1,1,2,0,12,13,2,10.02,1,2,0,0,0
65.65,3.6,7,11,2,0,1,2,1,22,7,3,1.0,1,2,0,0,0
81.99,5.51,6,11,3,4,1,2,0,15,10,1,7.16,1,4,1,1,0
94.33,7.39,3,13,3,2,1,3,0,9,1,2,15.57,0,2,1,0,0
81.22,8.28,2,10,4,3,1,4,0,9,25,1,13.12,1,2,1,0,0
95.11,6.04,6,13,4,1,1,4,0,15,6,2,1.0,1,3,1,0,0
75.16,5.73,4,10,2,0,1,3,0,5,18,2,11.5,1,2,1,1,0
64.31,7.94,2,13,1,0,1,1,0,14,8,2,12.34,1,3,1,0,0
0.0,3.04,10,12,1,3,0,4,1,43,36,2,16.15,1,6,0,0,1
76.07,2.87,8,11,1,0,1,4,0,7,7,3,12.98,1,6,0,1,0
96.56,5.89,6,13,1,0,1,1,0,7,4,3,14.95,1,1,1,0,0
41.54,6.78,5,14,4,0,1,4,0,22,1,3,18.69,1,5,1,1,0
68.08,4.67,8,13,2,0,1,3,1,13,1,1,9.47,1,3,0,0,0
24.44,2.24,10,13,1,5,0,3,0,45,36,1,12.19,1,5,1,1,1
15.2,,8,11,0,8,1,4,1,37,21,3,1.05,1,2,0,1,1
22.35,0.96,10,10,1,2,1,4,1,35,20,2,39.55,1,1,1,0,0
49.42,1.56,8,10,1,1,1,1,1,17,1,2,9.34,1,5,1,1,0
62.0,5.07,6,12,4,0,1,3,0,8,8,2,16.86,1,3,0,0,0
50.76,7.26,2,10,3,1,1,4,0,1,11,3,1.0,1,3,1,0,0
61.38,5.39,6,11,3,3,1,4,0,7,1,3,26.27,1,5,1,0,0
65.71,7.49,4,10,3,0,1,3,0,17,1,1,15.07,1,6,1,0,0
13.28,5.44,6,13,1,2,0,4,0,57,13,2,10.42,1,6,1,0,1
57.24,5.21,6,11,1,2,1,1,0,1,5,2,12.85,1,6,0,0,0
91.97,7.8,3,14,4,0,1,2,0,19,1,1,17.88,0,1,1,0,0
89.3,5.8,6,12,2,0,1,3,0,1,6,1,25.51,0,1,1,0,0
62.19,7.53,4,10,4,1,1,3,0,1,6,1,23.66,1,5,1,0,0
24.96,3.66,8,13,2,4,0,3,0,39,23,1,1.0,1,6,1,0,1
100.0,7.27,4,11,3,6,1,4,1,15,7,3,20.71,1,1,1,0,0
94.23,5.79,7,12,3,0,1,2,0,11,4,3,5.13,1,4,1,0,0
51.74,5.99,4,12,2,1,1,4,0,9,1,3,13.47,1,3,1,1,0
56.17,3.83,9,14,1,2,1,3,0,40,16,3,5.92,1,6,1,1,0
0.0,2.48,8,10,1,5,0,2,1,31,28,3,21.94,1,2,1,0,1
33.61,4.25,8,12,4,3,0,1,0,1,9,3,4.28,1,4,0,0,1
100.0,5.27,7,12,3,0,1,2,0,12,11,3,6.31,1,1,1,0,0
70.14,3.17,10,13,3,0,1,2,0,1,5,3,18.71,1,1,1,1,0
81.06,4.96,6,10,2,1,1,1,0,6,1,3,18.45,1,6,1,0,0
81.92,5.7,5,10,1,0,1,4,0,5,1,1,6.82,1,2,0,0,0
34.88,1.59,9,11,4,3,0,2,1,18,7,2,22.63,1,2,1,0,1
66.37,9.0,3,13,1,2,1,4,0,23,16,2,17.87,1,6,1,0,0
85.21,5.03,6,10,2,2,1,4,0,14,1,2,1.0,1,6,1,1,0
59.85,7.8,4,12,4,4,1,2,1,20,1,1,7.4,0,6,1,0,0
80.15,7.97,4,13,1,0,1,4,0,10,15,1,17.87,1,6,1,0,0
64.92,7.92,4,11,1,4,1,2,0,10,1,1,4.6,1,2,0,0,0
51.98,6.06,6,14,1,4,1,1,0,6,9,1,19.9,1,2,1,1,0
31.54,4.21,7,11,1,5,0,3,0,13,1,3,11.48,1,6,1,0,1
77.55,5.31,6,10,2,2,1,1,1,6,1,1,5.44,0,3,1,0,0
58.46,5.06,7,14,2,4,1,3,1,1,14,1,27.29,1,5,1,0,0
78.78,4.29,7,13,4,0,1,3,0,1,1,3,25.78,1,2,1,0,0
73.74,4.7,8,12,2,3,1,2,0,13,1,2,14.87,1,6,1,0,0
77.79,6.17,4,12,1,2,1,1,0,15,19,3,13.93,0,2,1,0,0
100.0,5.33,6,11,2,3,1,1,1,1,11,1,5.43,1,3,1,0,0
79.27,7.71,4,14,3,0,1,1,0,17,30,3,7.76,0,2,1,0,0
73.2,7.6,3,12,2,0,1,2,0,1,3,2,22.48,1,1,1,0,0
87.32,8.9,1,14,4,3,1,3,0,2,4,1,12.09,0,4,1,0,0
76.43,3.34,9,12,1,6,1,2,0,10,1,3,13.55,1,3,1,0,0
57.97,4.22,7,12,3,0,1,2,0,9,1,2,34.77,1,5,0,1,0
43.48,7.43,4,10,1,2,1,2,1,1,2,1,1.0,1,6,1,0,0
88.82,6.57,6,14,4,6,1,2,1,17,10,2,33.85,1,1,1,0,0
69.7,7.25,4,10,2,0,1,4,0,26,9,3,10.3,1,1,1,0,0
59.81,3.39,10,14,1,1,1,2,0,18,14,3,23.22,0,5,1,0,0
22.2,,7,13,0,5,0,1,0,48,29,2,9.29,1,2,1,0,1
61.75,6.53,5,12,4,1,1,2,0,1,11,1,7.76,1,3,1,0,0
59.42,3.69,10,13,1,3,1,4,0,20,3,1,9.95,0,6,1,1,0
72.47,6.93,4,13,2,0,1,1,0,26,5,1,9.8,1,6,1,0,0
67.14,4.45,8,11,1,2,1,3,1,1,7,1,22.37,1,4,0,0,0
73.02,5.5,7,13,1,2,1,4,0,24,1,1,1.31,1,3,0,0,0
74.34,5.26,5,12,2,2,1,2,0,33,5,2,4.86,1,1,0,1,0
36.69,6.26,4,10,3,5,1,4,0,2,1,3,8.54,0,6,1,1,0
73.34,5.4,5,11,4,4,1,1,0,1,1,1,17.02,1,6,0,0,0
75.72,6.0,7,14,4,0,1,1,0,10,9,2,12.46,1,3,1,1,0
47.89,9.51,1,11,2,1,1,1,0,10,2,2,1.0,1,6,1,1,0
22.99,3.62,7,11,2,2,0,2,0,52,45,1,20.17,1,1,1,0,1
29.29,1.92,10,13,0,6,1,2,1,26,3,1,5.16,1,5,0,0,1
75.89,6.65,5,12,3,2,1,4,0,9,7,1,20.44,1,3,1,0,0
67.89,4.78,7,13,3,2,1,1,1,14,1,2,19.29,1,2,1,1,0
69.61,7.3,4,12,2,4,1,3,0,3,1,3,7.93,1,1,1,0,0
93.62,6.18,3,10,1,3,1,1,0,11,5,1,15.26,1,4,1,0,0
100.0,5.71,8,14,1,0,1,3,0,1,10,2,11.89,1,1,1,0,0
74.06,4.0,10,14,4,2,1,3,0,39,4,3,1.0,1,2,1,1,0
23.62,5.96,5,14,2,2,0,3,0,40,35,3,10.49,0,1,1,0,1
13.51,2.59,10,14,1,2,0,2,0,39,30,2,2.05,0,2,1,0,1
88.25,3.72,8,11,1,1,1,2,0,28,1,3,12.16,1,2,1,0,0
75.28,7.05,3,12,3,4,1,3,0,5,4,3,1.0,1,5,1,0,0
48.47,7.3,3,12,2,0,1,3,1,12,1,1,11.59,1,6,1,1,0
88.34,5.86,4,12,3,4,1,3,0,4,1,3,8.63,1,3,1,0,0
55.3,4.53,8,11,3,2,1,3,0,19,3,1,19.71,1,1,0,0,0
85.73,3.54,10,13,1,0,1,3,1,18,15,3,12.62,0,5,0,0,0
73.61,7.1,4,11,4,2,1,2,0,1,4,3,17.04,1,5,1,0,0
84.36,4.7,7,11,2,5,1,4,0,4,1,3,12.13,1,2,1,0,0
56.63,3.69,6,10,2,1,1,1,0,1,29,2,16.16,1,6,0,0,0
81.0,7.26,3,14,1,0,1,4,0,19,20,2,9.43,1,6,1,0,0
84.62,8.3,2,12,1,2,1,1,0,30,1,1,20.38,1,2,1,0,0
13.47,4.48,7,13,2,6,0,3,1,20,37,2,11.87,1,2,1,0,1
61.0,6.14,6,14,1,0,1,1,1,1,12,3,6.61,1,1,1,0,0
65.0,4.0,9,12,2,1,1,3,0,1,1,1,4.61,1,4,1,1,0
0.59,,8,12,0,1,0,3,0,50,29,1,14.72,0,4,1,0,1
78.26,7.34,3,14,3,0,1,4,0,21,1,1,1.0,1,4,1,1,0
90.86,4.7,7,12,4,3,1,1,0,22,26,1,7.9,1,3,1,0,0
91.75,5.34,4,10,4,2,1,4,0,1,1,3,5.59,1,4,1,0,0
79.89,7.93,3,13,4,2,1,4,1,20,10,3,1.0,1,3,1,0,0
100.0,8.86,3,14,4,2,1,4,0,3,13,3,1.0,1,4,1,0,0
50.23,5.82,4,10,2,3,1,3,0,23,4,1,18.96,1,6,1,1,0
84.18,7.79,3,12,1,3,1,2,0,7,3,2,9.43,1,1,1,0,0
84.23,4.16,7,10,2,0,1,2,0,8,1,1,9.28,1,2,0,0,0
43.51,5.51,6,10,1,1,0,1,0,1,7,2,1.0,0,3,1,0,1
68.69,6.03,6,14,1,0,1,2,0,8,10,1,22.84,1,1,1,1,0
53.15,3.52,10,13,3,2,1,1,1,11,5,2,16.76,1,6,0,0,0
43.8,5.88,6,13,1,4,1,4,1,4,3,3,4.28,1,2,1,0,0
72.53,5.98,6,10,3,3,1,4,0,4,1,1,1.46,1,2,1,0,0
70.42,5.21,7,13,1,5,1,3,0,1,1,3,9.25,1,5,1,1,0
26.98,,10,12,0,6,1,1,0,24,6,1,15.75,1,2,0,1,1
74.51,7.04,4,14,2,0,1,1,0,21,1,1,2.95,1,3,1,1,0
52.89,6.67,3,12,1,2,1,3,0,7,5,1,2.72,1,1,1,0,0
22.15,,8,10,0,5,0,1,0,39,37,3,7.11,1,4,1,0,1
93.83,3.86,6,11,3,1,1,4,1,1,1,1,16.32,1,1,1,0,0
61.1,5.21,7,11,2,0,1,3,1,35,1,2,6.14,1,6,0,0,0
50.7,6.56,3,11,4,2,1,1,0,1,19,1,25.51,1,6,0,0,0
49.31,4.65,6,13,1,2,1,4,0,1,1,2,13.03,1,3,1,1,0
74.24,6.06,6,13,2,3,1,4,0,1,12,2,1.0,1,1,1,1,0
72.67,6.1,5,12,1,2,1,4,0,1,2,2,3.48,0,4,0,0,0
72.09,5.39,6,10,3,4,1,4,0,1,15,3,6.73,1,3,1,1,0
72.15,5.44,6,14,2,3,1,2,0,2,13,1,8.18,0,1,1,0,0
40.36,5.55,6,12,1,0,1,4,1,4,1,3,21.26,1,4,1,0,0
70.63,7.15,4,11,4,1,1,3,0,8,11,1,4.29,1,4,1,1,0
53.39,6.66,5,10,4,1,1,2,0,3,1,2,18.88,1,3,1,0,0
58.81,5.81,6,13,3,1,1,2,0,9,15,1,5.98,1,1,0,0,0
60.5,6.63,3,11,1,1,1,3,1,1,1,2,1.0,1,2,1,0,0
100.0,5.84,4,10,2,2,1,4,0,13,1,2,29.05,1,3,1,0,0
0.0,1.56,10,12,1,5,0,1,0,56,32,3,1.64,1,5,0,1,1
68.95,7.34,2,10,3,0,1,4,0,9,11,1,1.0,1,3,1,1,0
71.68,6.01,5,13,1,2,1,4,0,12,7,3,27.15,1,6,1,0,0
0.0,1.25,10,13,2,8,0,2,1,45,16,1,10.17,1,5,0,1,1
4.7,5.44,6,13,1,6,0,3,0,36,27,2,12.83,1,3,0,1,1
80.55,6.7,3,12,4,2,1,2,0,1,11,3,4.89,0,4,1,0,0
66.23,5.93,4,10,1,6,1,1,0,5,14,3,16.31,1,6,1,0,0
44.86,2.41,10,13,1,5,1,1,0,8,1,3,19.03,1,5,1,1,0
80.0,4.97,6,10,4,3,1,4,0,11,1,2,1.49,1,2,1,1,0
42.02,6.7,5,12,3,3,1,3,0,7,4,2,18.38,0,2,1,0,0
83.88,7.26,2,10,1,3,1,2,0,21,1,2,1.0,0,4,1,0,0
49.46,7.63,4,11,4,0,1,4,0,2,1,1,3.44,1,5,1,0,0
42.83,4.23,7,11,4,1,1,3,0,21,6,3,24.92,1,6,0,1,0
60.76,6.26,6,12,4,7,1,2,0,23,7,2,1.44,1,5,1,0,0
64.69,8.03,3,14,1,5,1,1,1,1,13,3,24.24,1,1,1,0,0
69.04,9.55,0,12,2,2,1,2,0,6,1,3,7.08,1,6,1,0,0
99.92,6.24,5,14,1,3,1,1,0,1,9,2,11.36,1,2,1,0,0
0.0,,6,13,0,5,0,1,1,40,35,2,19.75,1,1,1,1,1
0.0,,10,11,0,4,0,1,1,49,16,2,12.31,1,4,1,0,1
27.35,,10,10,0,3,0,2,0,43,11,1,2.02,1,6,1,0,1
53.96,4.14,8,12,2,0,1,4,1,4,3,1,1.0,1,6,1,1,0
14.98,4.52,7,11,1,7,0,2,0,39,27,3,22.23,1,4,1,0,1
96.65,5.41,5,11,3,0,1,4,0,13,15,2,1.0,1,5,1,0,0
77.79,4.92,6,13,4,0,1,3,0,25,1,2,15.83,1,5,0,0,0
84.87,4.88,8,12,4,2,1,3,0,1,9,2,16.59,0,3,0,0,0
55.18,5.76,6,12,2,2,1,2,1,8,4,2,14.21,1,1,0,0,0
52.94,5.76,5,14,2,3,1,4,0,6,13,2,29.67,1,3,1,1,0
79.58,1.87,10,14,1,1,1,4,0,10,1,3,8.74,1,6,1,1,0
85.86,3.83,8,12,1,0,1,1,0,8,3,1,16.77,1,4,1,0,0
100.0,7.93,3,13,1,0,1,2,0,9,8,2,15.67,1,1,1,0,0
68.89,6.95,5,13,1,0,1,3,0,18,7,2,19.07,1,4,1,0,0
100.0,6.05,6,12,4,3,1,4,0,1,3,2,6.4,1,1,1,1,0
29.5,0.0,10,11,0,3,1,4,0,45,12,1,27.68,1,1,1,1,1
91.72,5.62,5,12,1,1,1,1,1,19,4,1,23.28,0,1,1,0,0
1.86,,7,10,0,4,0,2,1,38,29,3,25.78,1,3,1,0,1
61.93,6.51,5,14,2,0,1,4,0,9,1,2,7.12,1,5,1,0,0
50.46,3.1,9,14,3,4,1,2,0,16,11,3,36.97,1,1,1,1,0
72.69,3.72,8,13,2,2,1,3,0,3,28,1,13.8,1,4,1,1,0
92.18,5.07,7,11,4,1,1,1,0,13,2,1,1.93,0,6,1,0,0
68.72,7.18,3,10,2,1,1,4,0,4,1,1,1.0,1,4,0,0,0
77.48,7.0,3,11,1,0,1,4,0,10,1,1,29.11,1,1,1,0,0
79.86,6.34,5,12,1,3,1,2,0,6,1,1,11.75,1,5,1,0,0
76.74,5.99,5,13,4,0,1,3,0,10,1,1,21.74,1,1,1,0,0
76.48,6.63,3,11,1,0,1,2,0,2,21,1,20.57,1,6,1,0,0
75.97,6.18,5,13,4,1,1,1,1,13,2,1,17.56,1,2,1,0,0
51.43,5.35,7,14,3,0,1,1,0,5,19,1,7.52,1,3,1,0,0
53.78,6.7,4,11,2,1,1,1,0,1,4,1,10.55,1,6,1,0,0
72.65,4.84,6,11,1,1,1,1,0,20,4,1,17.79,1,3,1,1,0
89.18,5.81,5,13,2,0,1,1,0,3,6,1,12.2,1,4,0,0,0
58.01,5.92,5,10,1,2,1,3,0,1,8,2,11.82,1,2,1,0,0
65.35,8.59,2,12,1,0,1,3,0,9,1,3,10.04,1,4,1,0,0
56.37,5.72,5,11,1,3,1,2,0,15,3,3,12.29,1,6,1,0,0
24.75,,6,13,0,5,0,4,0,27,17,3,8.81,1,4,1,1,1
89.4,4.06,6,11,3,5,1,3,0,9,7,3,10.36,1,3,1,0,0
78.46,3.35,10,13,1,2,1,2,0,1,8,2,8.44,1,1,0,0,0
80.44,5.47,5,10,3,2,1,1,0,16,1,2,32.98,1,4,1,0,0
77.93,9.41,0,10,3,0,1,3,0,15,5,1,12.95,1,4,1,0,0
55.62,6.71,3,12,1,1,1,2,0,1,8,2,10.94,1,2,1,0,0
100.0,3.73,9,13,4,2,1,1,1,7,10,2,9.62,1,6,1,1,0
2.84,3.91,7,11,1,2,0,3,0,47,31,2,8.39,1,5,1,1,1
100.0,8.66,3,11,1,2,1,4,0,7,14,3,3.58,1,4,1,0,0
43.47,6.76,4,13,4,0,1,1,0,16,1,2,9.35,1,4,1,0,0
58.51,6.1,7,14,2,0,1,3,1,12,1,1,1.0,1,3,0,0,0
70.36,8.54,1,10,4,1,1,1,0,10,7,2,10.8,1,5,1,0,0
63.45,5.87,4,10,3,0,1,1,0,18,7,3,26.44,1,4,1,0,0
43.58,3.71,9,12,2,0,1,3,1,4,8,3,1.0,1,6,1,0,0
25.81,2.01,9,10,2,1,0,2,1,23,29,1,6.35,1,1,1,0,1
73.65,4.03,7,13,4,0,1,2,1,5,10,3,1.0,0,3,1,0,0
46.65,5.55,4,11,1,4,1,2,0,4,3,1,24.28,1,2,1,0,0
66.98,4.8,8,12,4,0,1,3,0,1,1,2,5.02,1,1,1,1,0
58.2,5.61,6,10,4,2,1,4,0,6,1,1,2.89,1,3,0,0,0
89.07,6.07,7,13,2,0,1,4,1,1,1,2,15.21,1,3,1,0,0
13.94,0.05,9,10,2,2,1,3,1,54,33,3,28.72,1,6,0,0,0
48.94,4.77,6,13,3,1,1,4,0,1,1,2,19.15,1,6,0,0,0
0.0,,10,14,0,7,0,4,0,32,27,1,1.0,1,6,1,1,1
80.22,5.59,5,12,4,0,1,2,0,10,14,1,10.48,1,6,1,1,0
85.9,5.24,7,14,1,0,1,1,1,1,2,1,28.71,1,1,1,0,0
56.48,7.39,4,10,3,2,1,4,1,15,5,2,9.65,1,2,1,0,0
58.6,7.47,2,11,3,0,1,2,0,17,1,2,24.52,1,6,1,0,0
66.42,3.07,7,11,1,0,1,2,0,16,6,1,18.72,1,6,1,1,0
74.5,5.05,5,11,4,0,1,4,0,21,9,3,13.03,1,6,1,0,0
45.29,8.34,3,10,4,0,1,1,0,26,9,1,24.45,1,4,1,0,0
100.0,5.7,5,11,1,0,1,3,0,1,12,2,16.93,1,3,1,1,0
62.5,1.8,10,14,2,0,1,3,1,3,15,2,13.37,1,5,0,0,0
80.38,7.3,3,10,1,3,1,4,0,2,12,2,10.77,0,3,1,0,0
81.04,4.48,7,11,1,6,1,1,0,5,22,3,12.35,1,3,1,1,0
59.37,7.78,4,14,1,4,1,2,0,23,7,2,15.38,0,4,1,0,0
61.12,6.53,3,11,3,0,1,1,1,19,6,1,16.47,1,4,1,0,0
50.42,5.66,7,14,1,2,1,1,0,26,10,2,2.02,1,6,0,0,0
100.0,8.89,2,14,1,0,1,3,0,29,9,1,4.03,1,4,1,0,0
72.61,6.51,5,10,1,2,1,2,0,14,2,1,2.02,1,4,1,1,0
61.78,6.43,4,12,2,0,1,4,1,18,7,2,16.68,1,6,1,1,0
34.45,1.09,10,11,3,3,1,3,0,1,1,3,9.86,1,6,0,1,0
84.56,8.21,2,10,1,0,1,4,0,6,1,3,11.41,1,5,1,0,0
3.7,3.22,7,11,2,3,0,2,0,33,33,1,33.79,1,5,0,1,1
27.92,4.87,8,12,1,6,0,3,0,24,13,1,36.92,1,4,1,0,1
75.87,8.11,2,11,1,0,1,4,0,6,6,1,1.0,1,4,1,0,0
71.19,7.25,5,12,3,0,1,2,0,1,2,1,1.0,1,1,1,0,0
73.04,7.73,4,10,1,3,1,4,0,18,1,3,21.54,1,6,1,0,0
35.28,4.66,6,11,3,5,0,2,0,32,3,1,12.02,1,6,1,0,1
94.99,8.57,3,12,3,4,1,4,0,1,1,1,8.37,0,5,1,0,0
72.82,5.41,5,10,1,4,1,3,0,13,18,2,38.42,1,5,0,0,0
80.97,5.15,6,14,4,6,1,4,0,10,11,1,13.8,1,3,1,1,0
65.91,6.8,4,12,2,1,1,3,1,1,14,2,17.76,0,4,1,0,0
49.37,8.26,3,11,1,0,1,4,0,11,9,3,1.0,1,1,1,1,0
46.57,6.82,5,12,1,2,1,1,0,1,16,3,24.21,0,3,0,1,0
72.01,5.03,7,14,3,0,1,4,1,9,3,1,14.64,1,2,1,0,0
71.39,5.46,6,12,4,0,1,3,0,17,6,3,12.72,1,3,1,1,0
91.07,6.85,5,12,2,0,1,3,0,1,6,1,6.12,1,1,1,0,0
75.46,5.16,4,10,1,4,1,4,0,1,8,3,35.38,1,6,1,0,0
59.09,8.06,3,12,4,0,1,2,0,15,1,3,16.81,1,5,1,0,0
58.91,6.93,5,10,3,0,1,2,0,7,1,2,17.52,1,4,1,1,0
74.84,5.36,6,14,4,2,1,4,0,8,7,2,27.3,1,3,1,0,0
56.33,4.08,9,14,2,0,1,3,0,21,17,2,15.02,1,4,0,0,0
41.79,3.1,8,11,2,0,1,1,1,28,6,1,22.9,1,6,0,0,0
59.43,4.57,7,13,1,1,1,2,0,10,13,1,11.83,1,2,0,0,0
78.25,5.4,5,12,2,1,1,3,0,15,4,2,1.0,1,4,0,0,0
83.86,5.34,8,13,4,0,1,4,0,28,1,3,19.25,1,3,1,0,0
78.73,6.64,3,11,1,0,1,3,0,8,1,3,13.43,1,5,1,0,0
93.07,8.87,2,12,2,0,1,3,0,1,1,1,23.36,1,1,1,0,0
65.69,3.97,7,12,4,2,1,2,0,8,9,1,8.19,1,3,0,0,0
52.19,6.26,4,10,3,0,1,3,0,13,3,1,27.91,1,5,1,0,0
81.15,2.71,10,11,1,5,1,3,0,19,3,1,11.39,1,3,0,0,0
68.77,6.47,4,10,2,4,1,1,0,14,15,2,22.83,1,1,1,0,0
63.85,2.43,9,10,3,1,1,1,0,3,13,2,1.0,1,4,1,0,0
56.85,4.87,6,12,1,0,1,2,0,7,3,3,34.92,1,6,1,1,0
90.01,4.9,6,12,1,2,1,4,1,1,18,1,11.37,1,6,1,0,0
0.0,,9,14,0,3,0,2,0,35,37,2,1.0,1,6,0,0,1
50.6,3.91,10,14,1,1,1,2,0,1,6,1,25.7,1,6,1,1,0
89.99,9.32,1,14,3,3,1,2,0,9,5,3,8.72,1,6,1,0,0
46.61,4.35,9,13,4,2,1,4,0,13,12,3,8.36,1,3,0,0,0
69.24,7.15,4,13,4,0,1,2,0,1,4,3,12.53,0,3,1,1,0
58.66,4.09,8,13,2,4,1,4,1,13,4,3,21.29,1,4,1,0,0
58.93,6.26,6,12,3,0,1,3,0,14,10,2,22.07,1,1,0,0,0
51.45,5.75,7,12,2,1,1,1,0,6,27,2,1.0,1,6,0,0,0
100.0,6.0,6,11,3,4,1,1,0,1,1,3,19.73,1,1,1,0,0
69.63,6.71,5,10,1,2,1,2,0,13,1,2,21.69,1,5,1,0,0
94.51,7.61,3,12,2,1,1,4,0,14,3,1,1.18,1,3,1,0,0
45.95,4.22,9,14,1,0,1,4,0,10,13,1,12.57,1,5,0,1,0
73.7,7.23,5,13,1,0,1,4,0,11,13,1,5.84,1,3,1,1,0
56.4,6.03,3,10,4,1,1,2,0,16,17,1,26.67,1,6,1,0,0
79.58,6.72,6,14,4,0,1,1,0,14,1,2,1.0,1,3,1,1,0
74.8,4.34,5,10,4,3,1,4,0,4,4,3,23.28,1,3,1,0,0
50.79,7.79,4,12,4,1,1,1,0,19,1,2,12.29,1,4,1,0,0
69.22,7.41,4,12,1,4,1,2,0,22,1,3,19.16,1,5,1,0,0
29.87,,10,13,0,3,0,1,1,21,13,2,24.33,1,2,0,1,1
71.88,5.76,5,10,4,0,1,2,0,6,16,3,6.83,1,5,1,0,0
81.29,8.48,4,14,4,0,1,1,0,23,6,1,7.57,1,6,1,0,0
57.67,5.74,5,11,2,1,1,1,1,8,6,1,13.39,1,1,1,1,0
71.32,6.28,4,13,4,1,1,3,0,1,5,1,12.32,1,5,1,0,0
73.14,4.75,9,14,3,0,1,2,0,5,16,1,39.8,1,5,1,0,0
44.43,2.18,10,13,3,1,1,2,0,1,11,2,33.46,1,5,0,0,0
1.83,5.85,4,11,1,8,0,1,0,16,21,1,6.87,1,4,1,0,1
80.25,5.13,6,14,4,0,1,1,1,23,20,2,3.79,1,1,1,0,0
73.6,8.18,4,14,4,4,1,3,0,7,4,2,10.28,1,3,1,0,0
96.48,7.86,4,10,2,2,1,2,0,13,6,2,32.58,1,1,1,0,0
50.42,6.36,7,14,3,4,1,3,0,4,4,3,11.76,1,4,1,1,0
58.67,3.59,8,14,1,1,1,2,0,18,12,1,1.0,1,2,1,0,0
40.03,3.68,9,13,4,0,1,3,1,1,12,3,20.8,1,4,0,1,0
58.49,5.95,6,14,3,3,1,1,0,13,1,3,17.21,1,3,1,0,0
88.05,4.64,8,13,4,2,1,3,0,9,8,3,16.39,1,4,0,0,0
78.53,7.05,3,13,3,0,1,2,0,1,8,2,1.0,1,4,1,0,0
100.0,4.79,8,14,1,0,1,3,0,14,4,1,25.03,1,2,1,0,0
74.06,5.28,7,13,3,5,1,1,0,4,10,3,25.53,1,6,1,0,0
57.0,3.48,10,14,4,0,1,4,0,3,1,2,13.35,1,6,1,1,0
75.11,7.26,5,14,1,3,1,2,0,1,3,3,1.0,1,3,1,0,0
70.08,6.88,4,10,4,0,1,1,0,1,13,3,4.34,1,1,1,1,0
65.08,6.09,6,11,3,3,1,3,0,1,8,3,1.02,1,6,1,0,0
70.71,4.73,6,12,2,3,1,2,0,1,1,2,5.02,1,2,1,0,0
81.86,6.25,6,12,3,3,1,3,0,6,1,1,1.0,1,1,1,0,0
92.14,7.3,4,11,1,0,1,1,0,1,2,1,12.38,1,1,1,0,0
59.28,2.96,9,13,3,3,1,2,0,11,1,2,22.37,1,6,1,1,0
66.34,7.54,3,10,3,0,1,3,0,7,8,1,3.14,1,2,1,0,0
63.01,4.96,7,12,2,0,1,4,0,17,25,2,16.02,1,2,0,0,0
91.81,7.94,4,10,2,3,1,4,0,11,1,1,1.74,1,6,1,0,0
85.72,6.4,6,12,2,1,1,3,0,19,15,1,24.27,1,3,1,0,0
45.85,7.3,3,13,2,1,1,4,0,14,1,3,24.69,0,5,1,1,0
75.37,7.63,2,10,3,3,1,4,0,1,17,2,4.38,1,1,0,0,0
55.41,7.04,3,10,2,2,1,4,0,11,1,3,1.0,1,4,0,1,0
73.09,4.75,8,13,3,3,1,4,0,6,5,2,23.2,1,3,0,0,0
64.25,4.53,8,13,4,0,1,4,0,6,5,3,17.79,0,1,0,1,0
66.9,4.27,8,14,2,3,1,2,0,25,16,3,2.49,0,5,0,0,0
90.44,6.92,4,13,4,0,1,4,0,4,1,1,1.0,1,3,1,0,0
69.34,3.33,8,10,4,0,1,2,0,10,3,1,15.91,1,2,1,1,0
88.73,7.1,4,11,4,0,1,4,0,9,15,2,9.19,1,4,1,0,0
50.96,6.73,4,12,4,4,1,4,0,8,14,3,8.97,1,2,1,1,0
90.19,5.47,5,11,2,3,1,3,1,8,17,2,26.75,1,2,1,0,0
67.1,5.3,6,13,2,0,1,1,1,12,16,1,33.43,1,2,1,0,0
62.95,4.59,7,13,4,0,1,3,1,11,15,2,14.54,1,3,1,0,0
53.1,6.1,5,13,1,0,1,2,0,7,7,2,27.94,1,3,1,0,0
73.55,5.18,6,13,4,2,1,3,0,24,3,2,9.84,1,6,1,0,0
50.33,2.54,10,12,4,4,1,3,0,24,1,1,6.96,1,3,0,0,0
70.88,4.57,8,12,1,2,1,3,0,1,19,1,21.13,1,2,1,0,0
86.33,5.29,7,13,1,2,1,3,0,9,1,1,4.13,1,1,1,0,0
83.05,4.66,6,11,3,6,1,3,0,16,13,2,19.67,1,1,1,0,0
79.97,4.34,6,11,4,1,1,1,0,20,24,3,1.0,1,1,1,0,0
82.89,5.52,8,14,2,0,1,4,0,13,5,1,15.74,1,4,1,0,0
81.83,2.15,10,14,4,2,1,1,0,4,9,2,8.07,1,1,0,1,0
13.56,2.46,9,13,0,2,0,3,0,40,32,2,8.03,0,3,1,0,1
71.38,5.22,6,11,4,0,1,3,0,1,20,3,2.22,1,5,1,0,0
96.98,7.16,3,12,3,2,1,4,1,15,1,1,14.57,1,2,1,0,0
58.83,4.88,5,10,3,5,1,2,0,2,8,1,1.0,1,6,1,1,0
100.0,7.75,4,14,4,0,1,4,0,8,8,2,20.64,1,4,1,0,0
0.0,,9,11,0,3,0,4,1,40,26,1,9.85,1,4,1,0,1
77.79,4.7,8,14,2,2,1,3,0,17,7,2,13.24,0,1,1,1,0
86.04,5.15,7,14,3,0,1,4,0,17,6,1,6.5,1,5,1,0,0
55.27,5.22,8,13,2,2,1,1,0,12,11,1,13.43,1,5,0,0,0
56.26,4.66,8,14,4,2,1,3,0,1,1,1,4.97,1,6,1,1,0
68.43,4.88,9,14,3,3,1,4,0,14,10,1,23.27,1,6,1,0,0
51.05,5.08,5,12,4,0,1,3,0,1,15,2,1.0,1,2,0,0,0
68.26,5.75,6,11,4,4,1,1,0,1,2,3,9.1,1,4,1,1,0
96.09,6.93,5,12,1,0,1,2,0,24,17,1,16.61,1,4,1,0,0
79.73,6.99,6,14,4,3,1,2,0,9,19,1,22.86,1,6,1,1,0
77.0,7.5,3,11,3,0,1,1,0,1,2,1,9.77,1,2,1,1,0
56.33,4.37,9,14,4,2,1,1,0,27,19,3,5.2,0,2,1,1,0
89.22,7.0,5,10,1,7,1,4,0,15,12,3,1.72,1,1,1,0,0
0.0,1.46,10,14,2,1,0,4,0,38,14,2,2.78,1,6,1,1,1
43.68,4.03,9,13,3,3,1,4,1,15,1,2,4.34,1,1,0,0,0
66.03,1.92,10,12,2,2,1,3,1,13,1,1,16.92,1,1,1,0,0
100.0,5.41,5,13,4,2,1,3,0,11,12,2,28.67,1,1,1,1,0
40.14,6.92,3,11,1,5,1,3,0,14,23,1,5.71,1,5,1,0,0
79.52,4.75,8,13,3,0,1,4,0,10,1,3,20.22,0,2,1,0,0
93.08,6.25,4,11,3,4,1,2,0,13,12,3,12.09,1,4,1,0,0
72.87,5.87,7,13,4,3,1,2,0,7,11,2,1.0,1,5,1,0,0
63.52,5.82,6,14,2,3,1,2,0,16,5,2,5.93,1,4,1,0,0
67.0,7.86,4,12,2,1,1,1,1,23,18,3,24.31,1,2,1,0,0
57.77,9.01,2,11,2,0,1,1,0,1,1,2,10.73,1,6,1,0,0
58.35,4.54,6,10,1,2,1,2,0,16,2,1,1.0,0,6,1,0,0
59.44,6.77,3,11,4,0,1,3,0,1,1,3,1.0,1,6,1,0,0
67.96,8.05,1,10,3,0,1,2,0,4,21,1,17.57,0,2,0,0,0
91.24,6.48,4,11,1,1,1,1,0,4,1,2,7.64,1,3,1,0,0
68.63,5.66,7,14,1,2,1,1,1,2,1,3,1.0,1,5,1,0,0
73.92,4.11,8,12,1,0,1,3,0,1,1,2,6.35,1,4,0,1,0
100.0,7.16,4,12,2,2,1,3,0,1,25,3,16.76,1,3,1,0,0
100.0,5.37,6,13,4,2,1,2,0,1,1,1,1.0,1,5,1,0,0
52.34,4.06,6,11,2,0,1,2,0,26,7,1,20.99,1,6,0,1,0
59.61,6.89,6,14,2,1,1,2,0,28,21,2,22.31,1,5,1,0,0
84.42,3.32,10,14,3,2,1,4,0,1,1,3,18.67,1,2,0,0,0
47.75,3.95,9,12,3,3,1,3,0,5,1,3,4.67,1,2,0,0,0
75.49,6.43,5,13,1,0,1,2,0,1,7,2,10.11,1,4,1,0,0
72.7,8.21,2,10,3,0,1,4,1,1,1,2,11.03,1,3,1,0,0
87.16,6.37,3,10,1,0,1,2,0,45,1,2,6.61,1,3,1,1,0
49.2,3.09,8,13,4,3,1,3,0,1,5,3,12.55,0,6,0,0,0
68.34,5.13,5,10,3,0,1,2,1,5,3,3,8.42,1,4,1,1,0
47.11,7.31,3,14,3,0,1,1,0,1,1,2,23.63,1,5,0,0,0
96.03,10.0,0,11,1,5,1,3,0,1,1,2,11.68,1,3,1,0,0
83.86,5.42,5,12,3,0,1,3,0,3,9,2,1.0,1,4,1,0,0
72.32,4.09,8,14,1,0,1,3,0,1,5,1,20.53,1,4,1,1,0
63.71,6.02,6,12,4,4,1,3,0,9,13,3,7.4,1,5,0,0,0
55.56,6.15,6,14,1,4,1,2,1,1,2,1,21.6,1,2,1,1,0
45.09,7.85,2,12,2,1,1,2,0,20,1,3,19.03,0,6,1,0,0
60.01,5.5,7,14,4,0,1,1,0,21,1,3,1.0,0,1,1,0,0
63.42,4.85,8,14,3,4,1,2,1,28,27,3,14.32,1,2,1,1,0
32.48,5.31,5,12,2,1,0,1,0,6,7,3,11.23,1,2,1,0,1
79.12,6.42,5,11,3,5,1,2,0,18,1,1,23.64,0,3,1,0,0
88.24,6.8,4,11,1,5,1,1,0,10,8,2,1.0,1,3,0,0,0
60.27,5.49,4,11,4,0,1,4,0,23,3,3,6.45,1,4,1,0,0
28.96,,10,13,0,4,1,3,1,50,5,2,17.88,1,1,0,1,1
94.44,5.55,4,10,4,1,1,4,0,19,14,2,19.69,1,1,1,0,0
60.09,6.48,5,11,3,0,1,1,0,9,9,3,19.15,1,4,0,0,0
56.49,7.71,2,10,3,4,1,2,0,17,12,1,25.47,1,6,0,0,0
83.66,6.01,5,12,2,3,1,4,1,12,6,1,8.91,1,1,1,1,0
68.07,7.44,3,12,2,2,1,2,1,9,1,1,32.49,1,6,1,0,0
43.62,7.01,3,10,1,2,1,1,0,4,6,2,15.1,1,3,0,0,0
55.09,4.45,6,11,2,0,1,1,0,1,8,2,17.01,1,5,1,0,0
55.27,3.14,9,11,4,0,1,1,1,26,15,2,1.0,1,4,1,0,0
60.26,7.19,4,13,1,0,1,2,0,17,2,1,19.98,1,5,1,0,0
61.67,3.59,9,12,4,0,1,1,1,10,5,1,21.68,1,1,1,0,0
67.98,5.71,5,11,3,0,1,4,1,20,8,2,9.3,0,6,1,0,0
79.59,8.8,1,11,1,3,1,1,0,29,11,1,4.89,0,4,1,0,0
73.76,5.12,5,12,4,1,1,4,0,12,1,2,28.06,1,4,1,1,0
0.0,2.44,9,12,1,7,0,3,0,61,27,2,19.32,1,6,1,0,1
78.82,5.34,6,12,1,1,1,1,0,18,22,3,15.43,1,3,0,1,0
98.65,6.04,5,12,2,0,1,4,0,2,1,2,13.38,1,3,1,0,0
31.71,2.58,10,11,2,7,1,1,0,10,12,1,1.0,1,5,0,0,0
89.87,10.0,1,14,1,1,1,2,0,16,1,3,3.23,1,5,1,0,0
0.0,,9,14,0,4,0,3,0,41,21,1,9.02,1,6,1,0,1
22.5,,6,12,0,2,0,3,0,35,21,3,1.0,0,4,0,0,1
85.31,8.47,1,11,4,0,1,4,0,1,7,1,22.61,0,1,1,0,0
65.5,5.24,8,13,4,3,1,2,0,27,3,1,7.64,1,6,1,0,0
57.38,7.51,3,11,2,0,1,2,1,5,5,3,12.23,0,1,1,0,0
81.37,6.39,5,11,4,1,1,4,0,11,16,2,17.92,1,6,1,0,0
73.49,5.52,5,12,3,0,1,4,0,6,10,2,6.72,0,6,1,0,0
88.3,5.35,7,11,3,0,1,1,0,1,9,1,15.1,1,4,0,0,0
24.14,6.55,5,10,1,1,0,3,0,45,24,3,18.87,1,6,1,0,1
91.12,5.92,4,10,3,0,1,1,0,1,11,3,23.68,1,3,1,0,0
68.37,6.91,6,14,4,1,1,4,0,1,2,3,17.48,1,1,1,0,0
51.91,9.35,0,14,1,1,1,1,0,2,5,1,22.85,1,6,1,0,0
72.58,6.25,6,12,1,3,1,4,0,5,4,2,25.75,1,6,1,0,0
73.4,4.68,7,11,1,0,1,2,0,21,1,1,15.14,1,4,0,0,0
74.62,6.56,6,12,3,3,1,3,0,17,1,2,1.0,1,4,1,0,0
48.82,6.74,3,11,3,2,0,3,0,7,1,3,11.18,1,6,1,0,1
82.87,5.98,7,14,3,1,1,2,0,17,8,2,29.75,1,3,0,0,0
47.81,6.72,4,13,2,0,1,3,1,11,6,3,1.0,1,4,1,0,0
82.35,4.59,5,10,3,4,1,2,0,12,17,3,35.67,1,2,1,0,0
74.33,6.52,6,14,4,3,1,1,0,1,2,1,6.09,1,2,1,0,0
100.0,8.16,3,14,3,0,1,4,0,1,1,1,9.96,1,2,1,0,0
49.77,4.21,6,12,1,1,0,4,1,9,1,1,13.61,0,3,0,0,1
71.93,5.87,4,11,2,3,1,4,1,1,19,3,5.72,1,6,1,0,0
77.3,2.9,10,13,4,0,1,2,1,7,8,2,18.88,1,4,0,0,0
73.35,7.55,3,12,3,0,1,4,0,1,1,2,10.82,0,4,1,0,0
64.23,6.2,6,12,2,0,1,2,0,1,1,3,22.57,1,6,1,1,0
64.5,4.18,7,10,3,3,1,2,1,17,20,3,6.16,1,5,0,0,0
100.0,5.88,7,13,1,4,1,4,0,29,6,2,10.53,1,3,0,0,0
52.15,5.77,6,12,1,0,1,2,1,18,6,1,1.0,1,6,1,0,0
65.54,7.65,4,14,1,0,1,4,1,19,4,3,1.45,0,6,1,0,0
60.99,4.34,6,12,3,4,1,4,1,9,12,1,31.67,1,6,1,0,0
67.41,6.91,4,14,3,4,1,1,0,22,1,3,20.63,0,1,0,0,0
71.77,4.76,7,10,2,0,1,4,0,1,1,3,13.22,0,2,1,1,0
63.72,4.43,9,13,4,4,1,4,1,1,1,1,5.39,0,4,1,0,0
62.28,6.18,3,10,4,0,1,3,1,5,8,2,22.22,1,3,1,0,0
100.0,5.82,6,10,3,0,1,1,0,1,1,3,14.24,1,1,1,0,0
30.8,1.11,10,13,3,5,1,3,0,1,18,1,15.55,1,1,0,1,0
0.0,2.82,10,12,2,4,0,4,1,34,19,3,16.75,1,3,1,0,1
70.61,3.24,9,14,1,1,1,3,0,21,9,2,41.43,1,5,0,0,0
90.87,6.86,5,14,2,2,1,4,0,33,17,3,11.63,1,2,1,0,0
53.93,5.6,5,12,2,2,1,2,0,10,15,2,20.52,1,3,1,0,0
46.35,4.07,8,14,1,0,1,3,0,5,1,3,3.0,0,6,0,0,0
100.0,5.75,5,11,3,4,1,2,0,1,7,2,25.11,1,3,1,0,0
37.96,2.71,10,14,3,9,0,3,0,13,4,2,4.4,1,1,1,0,1
34.95,6.06,4,10,2,5,0,3,0,20,1,3,29.28,1,1,1,0,1
54.96,5.81,7,13,1,2,1,2,1,1,1,3,8.07,1,5,1,0,0
51.36,7.2,4,10,3,3,1,2,0,14,21,2,17.72,0,2,1,0,0
57.96,4.03,7,12,1,0,1,2,0,19,9,3,9.51,1,6,0,1,0
72.71,5.96,4,10,4,3,1,2,0,6,8,3,24.83,1,3,0,0,0
73.17,6.57,5,11,3,0,1,3,0,1,3,2,25.89,1,6,1,0,0
82.14,5.55,6,14,3,3,1,4,0,13,16,1,10.9,0,4,1,0,0
77.24,5.94,5,13,2,3,1,2,0,2,19,3,1.0,1,1,1,0,0
97.7,6.16,6,14,3,2,1,3,0,20,6,3,34.89,0,4,1,0,0
41.55,5.27,5,11,4,1,1,1,0,17,1,2,7.72,1,1,0,0,0
53.84,2.01,9,11,1,3,1,3,1,1,14,2,8.73,1,6,1,1,0
62.44,6.56,4,12,2,0,1,1,0,12,1,1,16.61,1,2,1,0,0
58.13,5.34,7,13,1,1,1,2,0,5,8,2,1.0,1,6,1,0,0
89.46,6.64,3,10,4,3,1,3,0,27,28,3,1.0,1,1,1,0,0
94.54,8.36,4,14,1,1,1,2,0,17,2,3,7.42,1,5,1,0,0
24.13,0.73,10,14,0,2,0,1,0,16,42,3,2.9,1,4,1,1,1
81.39,4.59,8,14,3,1,1,4,1,3,1,3,1.0,1,4,1,0,0
50.72,4.82,8,13,2,1,1,3,0,31,1,1,7.79,1,4,0,0,0
69.32,2.65,8,10,3,4,1,3,0,19,3,1,11.05,0,2,0,1,0
93.95,8.18,3,11,3,1,1,4,0,1,7,2,9.75,0,2,0,0,0
76.43,5.99,6,11,4,0,1,2,0,4,3,1,24.29,1,6,1,0,0
48.92,3.1,10,13,3,0,1,4,1,12,12,2,5.97,1,5,0,1,0
72.03,4.93,5,10,4,6,1,2,0,1,1,2,1.0,1,3,1,1,0
67.31,6.63,4,11,1,2,1,2,1,27,6,2,5.33,1,4,1,0,0
0.0,3.3,8,13,1,3,0,4,0,31,24,2,29.45,1,2,1,0,1
100.0,4.73,5,10,1,2,1,1,0,12,2,1,29.83,1,1,1,0,0
66.29,6.98,4,10,3,0,1,3,1,1,11,3,13.76,1,2,1,0,0
78.77,8.02,2,11,2,1,1,4,0,9,1,1,1.0,1,5,1,0,0
41.26,5.83,6,10,2,1,1,2,0,22,10,2,6.71,1,3,1,1,0
53.86,4.4,9,13,3,1,1,2,1,5,1,2,18.1,1,1,1,0,0
79.4,8.09,1,10,3,2,1,2,0,17,16,3,12.12,0,1,1,0,0
37.29,3.01,9,12,2,6,1,3,0,17,19,3,1.0,1,6,0,1,0
7.69,6.47,6,12,2,2,0,4,0,41,24,2,3.32,0,3,1,0,1
58.8,6.16,4,10,3,3,1,4,1,1,1,3,15.63,1,4,1,1,0
26.18,,9,11,0,8,1,4,0,39,1,1,6.16,1,6,0,1,1
63.71,8.73,1,12,4,0,1,3,0,10,1,3,1.0,1,4,1,0,0
29.71,1.36,10,14,1,5,1,2,1,26,1,1,18.67,1,6,1,0,0
61.58,3.47,8,10,1,0,1,1,1,23,11,3,20.18,1,1,1,1,0
85.95,7.41,4,10,3,0,1,1,0,11,1,1,10.98,1,4,1,0,0
91.7,3.92,9,13,1,3,1,2,1,3,1,1,14.55,1,1,1,0,0
68.07,4.23,10,14,4,2,1,2,1,4,9,2,4.69,1,2,1,0,0
66.54,6.43,3,11,1,2,1,3,0,3,2,1,1.0,1,1,1,0,0
59.89,4.08,7,12,2,2,1,2,0,6,18,2,26.95,1,2,1,1,0
60.31,5.74,7,12,3,0,1,2,0,13,1,3,4.68,1,4,1,0,0
100.0,7.24,4,13,1,0,1,1,0,18,14,3,15.95,1,1,1,0,0
76.09,6.36,6,12,1,5,1,3,0,1,13,3,7.82,1,6,0,0,0
55.54,2.96,10,13,3,0,1,4,0,6,17,2,12.89,1,4,1,1,0
73.36,5.67,6,13,3,0,1,4,0,10,13,2,32.44,1,1,1,0,0
10.04,3.92,7,13,1,3,0,3,0,20,28,2,16.83,0,4,1,0,1
33.25,1.3,10,11,2,5,0,2,0,6,18,1,3.6,1,6,1,0,1
100.0,7.49,4,14,3,3,1,2,0,11,1,1,18.42,1,2,1,0,0
44.55,5.24,5,12,1,3,1,1,0,5,5,2,1.0,1,6,0,0,0
77.01,4.59,7,13,4,1,1,3,0,7,1,3,1.0,1,2,1,1,0
69.48,5.29,7,12,3,1,1,3,0,1,10,3,27.42,1,2,1,0,0
94.92,7.31,3,11,2,1,1,2,0,19,2,2,10.04,1,4,1,0,0
86.15,6.26,5,11,2,3,1,2,0,4,17,3,26.56,1,3,1,0,0
95.47,7.78,3,14,3,3,1,4,0,1,9,1,1.0,1,1,1,0,0
52.14,5.05,5,10,3,5,1,4,1,19,1,1,11.52,0,6,1,0,0
49.1,2.5,8,10,2,1,1,3,0,1,8,3,15.33,1,2,0,1,0
81.49,7.27,5,11,2,1,1,1,1,16,1,2,1.0,0,5,1,0,0
57.42,4.52,6,10,4,5,1,3,0,24,7,1,1.0,1,4,0,1,0
50.72,5.75,7,13,2,5,1,4,1,1,8,3,14.43,1,4,1,0,0
61.94,2.79,8,12,4,7,1,2,0,10,6,2,17.2,1,2,0,0,0
18.15,3.29,8,10,2,4,0,3,1,54,33,2,17.99,1,3,1,0,1
77.79,6.94,4,14,1,3,1,2,0,1,17,2,25.92,1,5,1,0,0
62.33,3.61,8,12,1,2,1,3,1,13,12,1,13.26,0,2,1,1,0
57.66,4.55,7,11,4,4,1,1,0,33,1,1,19.13,1,6,1,0,0
46.61,5.45,6,10,1,7,1,2,1,16,17,2,1.0,1,6,1,0,0
74.41,5.39,6,12,3,1,1,4,0,21,13,1,16.44,1,5,1,1,0
84.24,4.17,8,11,1,1,1,1,0,16,14,1,2.6,1,1,1,1,0
66.21,10.0,0,13,2,2,1,2,0,20,6,3,12.6,0,5,1,0,0
81.59,8.19,3,11,2,2,1,3,0,3,5,2,4.07,1,4,1,0,0
66.12,8.29,1,11,4,0,1,1,0,5,6,1,8.8,1,4,1,0,0
64.16,4.48,8,11,3,0,1,3,1,1,1,2,13.92,1,6,1,0,0
57.59,7.08,3,12,1,5,1,2,0,4,9,1,1.0,1,2,0,1,0
88.66,5.9,6,13,2,2,1,3,0,8,7,3,13.51,1,4,1,0,0
51.32,5.65,5,10,1,3,1,1,0,1,2,2,20.53,1,5,0,0,0
64.59,8.25,4,13,2,1,1,3,0,12,13,1,9.79,1,6,1,0,0
82.87,7.62,3,13,3,3,1,1,0,1,4,3,9.3,1,2,1,0,0
63.27,4.38,7,10,1,1,1,2,0,1,11,2,8.38,1,1,0,1,0
79.06,5.91,4,11,1,5,1,1,0,5,11,2,26.65,1,4,1,0,0
44.63,3.81,7,10,1,6,1,3,1,10,1,3,8.92,1,1,0,0,0
77.4,4.42,7,10,4,0,1,1,0,15,1,3,3.14,1,2,1,1,0
29.25,4.72,6,12,1,3,1,4,0,31,22,2,5.57,1,6,1,0,0
73.12,7.72,2,13,3,0,1,4,0,1,12,2,19.25,1,3,1,0,0
90.9,3.95,8,12,4,7,1,1,0,29,28,3,8.46,1,4,0,0,0
53.11,6.1,4,10,2,0,1,2,1,13,1,3,9.61,1,5,1,0,0
87.28,6.01,4,10,4,4,1,1,0,9,7,3,1.0,1,2,0,0,0
88.77,8.09,3,12,2,0,1,1,0,7,7,2,1.87,1,2,1,0,0
50.97,6.32,6,14,2,0,1,4,0,4,16,3,7.14,1,4,1,0,0
47.68,3.74,8,14,1,4,1,4,1,1,9,1,11.29,1,2,1,0,0
81.28,7.67,2,11,1,2,1,1,0,7,12,1,17.65,1,2,1,0,0
76.82,6.5,5,13,1,1,1,4,0,15,3,1,7.43,1,4,1,0,0
61.66,8.26,4,14,4,0,1,1,0,14,16,3,24.89,1,5,1,0,0
65.23,5.71,7,13,1,2,1,3,1,16,1,3,1.0,1,4,1,0,0
71.12,6.74,4,14,3,1,1,1,1,23,4,1,20.5,0,4,1,1,0
46.72,6.07,4,10,4,0,1,3,0,34,17,3,14.88,1,2,1,0,0
50.34,4.29,8,14,1,4,1,1,0,14,9,3,20.06,1,2,1,1,0
74.64,6.77,5,12,1,1,1,1,0,10,1,3,1.0,1,6,0,0,0
70.28,7.54,3,13,3,2,1,2,1,30,5,1,8.2,1,5,0,0,0
62.54,6.8,4,10,4,0,1,2,0,26,1,1,7.4,1,2,1,1,0
87.45,8.2,1,10,1,5,1,2,0,6,2,1,18.45,1,6,1,0,0
62.18,6.98,5,10,4,0,1,3,0,4,6,3,19.23,1,6,1,0,0
73.28,4.94,6,10,1,1,1,3,0,1,1,2,30.89,1,1,1,1,0
71.57,4.77,7,14,1,2,1,2,0,1,7,2,17.81,1,2,0,0,0
90.14,7.86,3,14,2,0,1,1,0,9,19,3,34.1,0,6,1,0,0
84.9,9.62,0,14,1,1,1,1,0,1,19,3,6.96,1,3,1,0,0
57.41,5.36,5,11,4,2,1,4,0,17,16,2,26.98,1,2,0,1,0
65.31,6.15,6,11,2,1,1,2,1,20,3,1,11.44,1,1,1,0,0
66.34,4.59,6,11,3,6,1,4,0,23,1,1,21.78,1,4,1,1,0
26.22,2.07,10,13,1,2,1,2,1,30,1,2,10.63,1,6,1,0,0
62.87,6.62,6,14,2,1,1,3,0,10,1,2,27.02,1,2,1,0,0
93.17,8.68,2,12,1,0,1,4,0,17,3,2,1.0,1,2,1,1,0
78.74,6.23,6,13,3,0,1,4,0,32,4,2,21.46,1,3,1,0,0
86.3,5.44,6,13,2,0,1,1,0,17,1,3,12.84,1,5,1,0,0
63.79,5.77,7,12,3,0,1,2,0,1,2,2,16.66,1,3,1,0,0
18.19,2.21,10,12,1,6,0,2,0,32,33,3,13.51,0,2,1,1,1
47.45,5.64,5,11,3,4,1,2,1,19,1,1,21.26,1,3,1,0,0
80.52,7.51,4,13,2,0,1,2,0,6,13,2,4.05,1,3,1,0,0
40.91,8.2,2,12,1,2,1,4,0,11,5,3,25.34,1,5,1,0,0
0.0,2.67,10,14,1,4,0,2,1,53,29,2,14.35,0,4,0,1,1
50.23,5.72,4,10,3,0,1,2,0,7,9,1,20.46,1,4,1,0,0
50.45,8.46,1,11,3,4,1,4,0,5,6,1,23.63,1,5,0,1,0
70.53,4.68,7,12,3,1,1,2,0,11,1,1,1.0,0,6,1,1,0
50.64,6.53,5,10,2,4,1,3,0,1,5,1,16.15,1,2,0,0,0
65.55,4.6,9,14,1,0,1,3,0,1,1,2,10.4,1,2,1,0,0
64.79,6.52,4,12,2,4,1,1,0,13,4,1,1.0,1,2,1,0,0
74.28,6.63,4,10,1,3,1,4,0,9,3,2,2.54,1,2,0,0,0
77.27,7.38,4,13,2,2,1,3,0,12,3,2,30.33,1,3,1,0,0
57.05,7.41,5,14,1,0,1,4,0,8,1,1,15.46,1,2,1,0,0
70.55,5.8,7,13,2,4,1,4,0,2,1,1,11.75,1,3,1,0,0
89.42,5.66,7,14,4,2,1,3,0,26,8,2,6.56,1,1,1,0,0
72.43,5.92,5,12,2,2,1,3,0,1,13,2,1.64,1,3,1,0,0
86.54,7.82,3,13,1,3,1,1,0,2,4,1,11.78,1,2,1,0,0
45.48,6.78,4,13,3,0,1,3,0,39,19,1,10.86,1,1,1,1,0
63.85,5.32,5,11,1,1,1,1,0,22,8,3,23.21,1,5,1,0,0
84.0,4.92,6,13,4,0,1,2,0,25,12,1,14.97,1,5,0,0,0
69.97,3.51,10,13,1,3,1,3,1,11,6,3,18.32,1,2,1,0,0
70.24,3.88,8,14,3,1,1,1,0,19,10,2,12.91,1,2,0,1,0
63.62,7.82,2,13,3,6,1,4,1,19,11,1,12.8,1,3,1,1,0
14.45,2.5,10,13,1,5,1,4,0,41,11,3,7.53,1,4,1,1,0
77.18,5.81,7,12,4,3,1,4,0,1,1,1,18.42,0,3,0,0,0
68.19,6.86,5,10,3,4,1,4,0,1,1,2,1.0,1,3,1,0,0
76.69,7.95,4,13,2,3,1,2,0,1,1,3,16.49,1,4,1,0,0
73.82,7.78,3,13,4,1,1,4,0,5,2,2,19.35,0,3,0,1,0
72.1,5.63,6,12,1,4,1,1,0,1,1,2,19.88,0,6,1,0,0
93.71,5.05,5,10,4,2,1,1,0,1,18,2,11.9,1,3,1,0,0
69.39,4.48,5,10,3,2,1,2,0,23,1,3,8.0,1,6,1,0,0
100.0,2.72,9,12,3,0,1,1,1,16,2,3,1.75,1,5,0,0,0
73.72,6.84,4,11,1,1,1,3,0,24,14,3,14.69,1,6,1,0,0
72.22,6.37,6,14,1,0,1,3,0,27,4,2,10.05,1,2,1,0,0
74.55,5.89,5,11,4,0,1,3,1,1,1,1,22.58,1,2,1,1,0
62.02,6.07,5,13,2,6,1,4,1,6,1,1,19.81,1,1,1,0,0
67.04,8.56,4,14,3,3,1,3,0,21,3,3,1.0,0,4,1,0,0
44.94,3.76,8,14,3,0,1,2,0,19,7,1,1.0,1,6,0,0,0
78.67,9.79,1,14,1,3,1,3,0,32,12,1,22.27,0,4,1,0,0
100.0,8.05,3,10,2,4,1,3,0,13,4,2,7.2,0,4,1,0,0
69.18,7.7,2,12,1,0,1,4,0,11,12,2,31.12,1,4,1,0,0
60.38,9.55,1,11,3,2,1,4,1,7,1,2,3.49,0,1,1,0,0
92.96,7.76,4,11,3,0,1,3,0,17,4,3,7.07,1,2,1,0,0
11.85,3.97,6,11,0,3,1,4,1,29,45,1,28.63,1,5,0,1,0
69.6,6.31,5,14,3,1,1,1,0,7,6,1,23.43,0,6,1,0,0
66.25,6.28,4,11,1,0,1,4,0,17,14,2,1.0,0,5,1,1,0
82.23,6.48,4,10,2,7,1,3,0,8,6,1,1.0,1,3,1,0,0
42.15,6.17,6,12,4,3,1,2,0,13,2,3,24.84,1,1,1,1,0
57.39,7.66,3,11,4,6,1,3,0,4,9,1,21.56,1,4,1,0,0
61.15,3.81,7,10,2,3,1,2,1,1,1,1,14.57,1,1,1,1,0
60.15,7.03,3,13,4,3,1,3,0,5,13,3,15.83,1,4,1,0,0
96.4,4.33,6,10,1,2,1,4,0,12,2,1,1.0,1,1,1,1,0
65.24,3.91,9,12,2,3,1,4,0,7,1,3,14.31,1,4,0,0,0
81.53,8.36,2,13,3,2,1,4,0,13,6,2,1.0,1,2,1,0,0
96.45,3.82,8,13,2,2,1,1,0,13,1,3,10.83,0,2,1,1,0
95.61,7.84,2,11,2,3,1,3,0,6,1,3,13.69,1,5,1,0,0
82.15,8.25,4,13,2,3,1,1,0,9,7,2,10.31,0,5,1,0,0
33.29,0.74,10,10,3,1,0,4,0,1,22,2,11.59,1,3,0,0,1
14.8,4.89,8,12,1,1,0,2,0,42,25,3,14.95,1,5,1,0,1
79.03,5.73,5,13,2,2,1,4,0,10,1,1,21.44,1,4,1,0,0
4.03,3.25,10,14,1,4,0,4,0,16,36,3,2.94,1,4,0,0,1
53.31,6.38,5,11,3,0,1,2,0,4,1,1,19.41,1,4,1,0,0
53.68,4.59,7,11,3,1,1,3,1,11,7,3,17.11,1,2,0,0,0
58.07,3.53,10,14,3,2,1,1,1,23,4,1,3.49,1,3,1,0,0
34.98,5.0,6,10,2,3,0,1,0,32,1,3,16.54,1,3,1,0,1
66.71,7.6,2,12,1,4,1,3,0,3,1,1,12.23,1,3,1,0,0
49.03,2.26,7,10,1,2,1,2,1,25,1,2,1.0,0,5,1,0,0
86.83,8.6,2,10,3,0,1,4,0,6,10,2,6.34,0,6,1,0,0
70.86,5.61,8,14,4,2,1,1,0,25,1,3,6.23,1,6,1,0,0
82.29,4.48,6,12,3,1,1,1,0,1,23,1,11.68,1,4,1,0,0
78.69,5.44,7,13,3,2,1,1,1,1,21,2,2.15,0,6,0,0,0
78.57,4.04,8,13,2,1,1,3,1,2,16,1,6.45,1,1,1,0,0
55.19,7.31,2,10,3,0,1,1,1,17,10,2,22.64,1,4,1,0,0
100.0,4.91,6,13,3,0,1,3,0,5,21,1,8.94,0,3,0,0,0
95.72,7.39,4,11,1,2,1,1,0,1,1,2,17.85,1,2,1,0,0
75.57,6.85,4,14,2,0,1,2,0,14,2,1,24.88,1,5,1,0,0
62.49,6.8,6,14,3,1,1,3,0,21,4,1,1.84,1,6,1,0,0
25.83,2.82,7,10,1,5,1,1,0,26,3,3,7.54,1,6,0,1,0
46.77,6.57,5,11,3,4,1,2,0,1,9,1,19.1,1,1,0,1,0
79.58,6.47,5,11,4,1,1,2,1,26,8,1,1.0,1,1,1,0,0
61.74,9.39,2,14,3,2,1,2,0,9,6,2,23.79,1,6,1,0,0
47.47,3.59,7,12,3,3,1,4,1,6,1,3,12.08,1,5,1,1,0
86.14,9.72,2,12,4,1,1,4,0,11,3,1,23.63,0,6,1,0,0
10.98,2.25,8,11,0,1,0,2,0,52,41,1,12.18,1,2,1,1,1
98.46,3.92,8,11,1,0,1,1,0,15,9,3,16.11,1,1,1,0,0
68.16,5.31,6,12,3,2,1,4,1,22,4,3,2.13,1,1,1,1,0
34.16,2.37,10,11,3,2,1,4,0,14,7,2,18.3,1,4,0,0,0
21.01,1.29,10,12,2,4,0,1,0,53,44,2,9.91,1,1,1,0,1
93.82,6.7,5,14,1,1,1,3,0,1,21,2,10.02,1,5,1,0,0
73.46,7.02,4,11,3,1,1,2,0,20,1,2,4.38,1,4,1,0,0
92.79,6.41,4,10,2,0,1,3,1,14,10,3,29.52,1,5,1,1,0
32.37,4.37,7,10,1,3,1,2,1,2,2,2,10.33,1,4,1,0,0
59.82,6.39,6,13,2,3,1,1,0,1,1,1,27.84,1,5,0,0,0
13.15,,9,12,0,7,0,3,0,46,19,3,22.22,1,1,1,0,1
83.17,7.47,5,13,4,0,1,2,0,6,13,1,1.0,1,1,1,0,0
75.67,4.83,8,13,2,0,1,1,0,25,15,3,24.75,1,4,1,0,0
54.97,8.13,4,14,4,0,1,1,0,15,1,1,23.43,1,4,1,1,0
82.77,3.2,6,10,3,1,1,3,0,12,1,1,14.47,1,2,1,0,0
63.12,7.34,3,12,1,1,1,1,0,1,10,1,19.8,0,2,1,0,0
62.39,6.6,6,12,4,2,1,2,0,6,19,3,35.06,1,1,1,0,0
59.01,6.01,3,10,3,3,1,2,0,17,19,3,2.18,0,4,1,0,0
61.7,8.18,3,10,2,5,1,1,0,13,12,3,11.33,1,6,1,0,0
77.9,4.81,5,11,2,2,1,2,0,6,13,1,16.24,1,1,0,1,0
37.93,0.97,10,12,2,6,1,4,1,1,6,1,20.72,1,6,1,0,0
76.91,8.76,1,13,2,2,1,1,0,1,17,1,17.11,1,1,1,1,0
65.03,4.65,6,13,3,3,1,2,1,15,5,2,35.46,1,3,1,1,0
59.0,8.89,2,11,1,0,1,3,0,8,1,2,1.0,1,2,1,0,0
81.57,6.01,6,11,1,2,1,1,0,27,11,3,26.15,1,2,1,1,0
58.89,4.75,7,14,2,1,1,2,0,8,2,1,23.08,1,5,1,0,0
68.5,6.08,6,12,1,0,1,1,0,16,7,2,8.9,1,5,0,0,0
82.88,6.29,6,11,2,1,1,1,0,12,8,3,43.58,1,2,1,0,0
93.6,5.82,6,11,4,1,1,3,0,14,4,2,14.93,1,3,1,0,0
43.79,6.81,4,10,1,1,1,2,0,1,1,3,26.78,1,6,1,0,0
49.76,5.9,7,14,4,3,1,3,0,2,18,1,32.51,0,1,1,1,0
69.59,3.57,8,10,4,1,1,3,0,9,3,2,20.81,0,3,1,0,0
78.11,4.52,9,13,3,4,1,1,1,16,2,1,7.03,1,4,1,0,0
72.41,6.76,5,14,1,0,1,4,0,11,17,1,1.0,1,4,0,0,0
58.68,5.82,5,10,3,2,1,3,1,9,2,3,12.52,1,6,0,0,0
75.7,4.52,7,12,2,3,1,1,0,6,18,2,26.34,1,5,1,1,0
49.34,7.24,3,10,4,1,1,2,1,6,15,1,4.65,1,1,1,0,0
94.34,4.69,5,11,2,2,1,1,0,21,1,2,18.29,1,1,1,0,0
67.51,3.33,10,12,1,1,1,3,0,16,1,3,12.63,1,5,1,0,0
63.86,4.53,9,14,2,3,1,1,0,1,1,2,24.56,1,4,0,0,0
79.82,5.44,8,14,2,3,1,3,1,1,1,2,16.0,1,3,1,1,0
31.79,4.23,6,11,4,6,1,3,1,1,5,1,13.44,1,6,1,0,0
62.96,4.77,7,12,3,2,1,1,1,10,11,1,9.32,1,2,0,0,0
81.22,7.07,4,10,2,4,1,1,0,14,8,2,14.65,1,3,1,0,0
62.27,4.88,7,11,1,2,1,1,0,18,1,2,17.16,1,5,1,0,0
41.32,4.57,9,13,2,3,1,1,0,6,1,3,19.07,1,6,0,0,0
69.71,7.63,2,11,2,3,1,3,1,4,1,1,4.93,1,2,1,0,0
90.79,7.15,2,10,2,0,1,1,0,9,3,3,8.56,1,2,1,0,0
61.82,8.1,4,11,2,0,1,1,0,5,11,3,1.0,1,5,0,0,0
41.97,6.01,5,10,4,2,1,1,0,8,1,1,1.0,0,1,1,1,0
52.78,5.86,7,13,1,0,1,4,0,12,7,3,16.71,1,4,1,0,0
79.08,4.57,7,14,1,0,1,3,0,12,1,2,22.58,1,1,0,1,0
59.23,4.99,8,13,3,1,1,4,1,1,3,2,9.24,1,4,0,0,0
49.63,2.07,10,13,2,1,1,3,0,15,1,1,21.81,0,1,0,0,0
44.2,4.81,7,10,3,1,1,3,1,27,9,1,11.32,1,6,0,0,0
76.05,5.1,7,11,2,0,1,2,0,6,10,1,1.0,1,4,1,0,0
100.0,4.11,6,10,1,3,1,1,0,15,8,3,10.83,1,4,1,1,0
75.21,5.06,5,10,3,0,1,2,0,1,7,2,19.34,0,1,1,1,0
1.93,3.18,6,10,1,2,0,1,0,33,25,3,9.77,1,1,1,0,1
84.23,9.14,2,11,4,0,1,4,0,8,9,1,1.0,1,1,1,0,0
84.39,4.07,6,10,3,1,1,2,0,26,9,2,1.0,1,3,1,1,0
89.64,4.99,8,14,2,2,1,3,0,1,3,3,8.34,1,2,1,0,0
17.65,4.44,6,12,1,5,0,2,1,49,17,2,2.11,1,4,1,0,1
100.0,8.62,3,13,3,5,1,1,0,14,4,3,10.55,1,6,1,0,0
85.21,6.2,5,14,3,2,1,1,0,1,4,3,15.33,1,3,1,0,0
25.4,3.09,10,13,2,4,0,3,0,45,1,3,9.18,1,6,1,0,1
95.76,7.93,3,14,1,1,1,2,0,1,3,3,16.6,1,4,1,0,0
69.91,7.5,3,12,1,0,1,3,0,12,4,3,8.37,1,5,1,0,0
76.45,5.11,5,12,2,4,1,4,0,15,17,2,5.41,1,2,1,1,0
83.93,6.16,5,11,4,1,1,1,0,18,1,2,18.26,1,5,1,1,0
68.65,5.55,8,14,2,3,1,2,0,6,16,2,9.75,1,3,1,1,0
100.0,8.79,1,12,1,1,1,3,0,3,1,2,28.01,0,2,1,0,0
75.38,4.67,7,14,1,2,1,4,1,8,1,3,23.67,1,3,1,1,0
87.83,6.85,5,14,4,4,1,3,0,3,12,2,16.99,1,5,1,1,0
42.86,5.4,7,11,2,3,1,3,0,8,1,3,15.05,1,1,1,1,0
77.22,0.72,10,11,2,2,1,3,0,13,1,3,9.86,1,4,0,1,0
53.35,5.01,6,10,1,3,1,4,0,1,1,3,13.89,1,2,0,0,0
96.12,5.77,4,10,2,3,1,2,0,1,13,3,7.63,1,4,1,1,0
88.08,6.48,6,14,1,1,1,3,0,12,1,1,16.89,1,5,1,0,0
62.3,6.55,5,14,2,4,1,4,0,9,9,3,19.74,1,2,1,0,0
71.89,6.3,6,13,4,0,1,3,0,12,8,2,8.98,1,4,1,1,0
57.73,6.21,5,14,2,3,1,3,0,22,5,1,16.22,1,4,1,0,0
53.07,2.88,9,11,1,0,1,1,1,9,3,2,10.16,1,4,1,0,0
78.28,6.35,4,13,2,2,1,1,0,1,15,1,16.01,0,2,1,0,0
13.18,3.16,7,10,2,4,0,2,0,32,27,1,26.92,1,4,1,0,1
72.87,2.3,10,14,2,4,1,3,1,19,1,1,32.55,1,4,1,1,0
100.0,4.9,8,14,1,0,1,3,0,6,1,2,10.93,1,4,1,0,0
96.09,7.76,3,14,3,1,1,1,0,8,8,2,32.36,1,4,1,1,0
100.0,6.75,6,13,4,1,1,1,0,8,1,1,1.0,1,1,1,1,0
99.22,4.61,7,11,1,0,1,1,0,22,7,2,13.07,0,1,1,0,0
64.5,7.6,4,11,4,4,1,3,0,6,14,3,2.09,1,5,1,0,0
74.85,8.8,3,10,2,2,1,2,0,17,9,3,30.48,1,2,1,0,0
72.1,5.72,7,13,1,3,1,4,0,20,3,2,28.13,1,6,1,1,0
90.94,3.21,10,13,2,0,1,2,0,9,17,1,18.82,1,4,1,0,0
70.21,6.36,5,12,2,0,1,2,1,16,6,1,17.7,1,2,1,0,0
39.92,4.87,7,12,1,4,0,1,0,22,22,3,1.0,1,4,1,0,1
64.03,4.78,7,14,4,3,1,3,0,8,14,1,11.98,1,4,1,1,0
77.34,5.86,5,10,2,0,1,1,0,12,2,3,9.52,1,2,1,0,0
64.8,7.49,4,14,3,2,1,2,0,4,9,2,21.95,1,6,1,0,0
80.63,6.97,4,12,1,3,1,4,0,7,2,3,25.98,1,6,1,0,0
85.87,6.31,4,12,1,4,1,2,0,4,5,3,21.39,1,4,0,0,0
71.04,6.11,5,12,4,2,1,1,0,1,1,3,1.01,1,1,1,1,0
80.67,8.16,4,14,2,1,1,4,0,16,1,3,24.58,1,4,1,0,0
72.0,6.36,5,10,4,1,1,3,0,1,2,3,9.84,1,2,1,0,0
77.01,3.14,8,10,3,2,1,3,0,8,5,2,11.11,1,1,1,1,0
100.0,7.43,5,12,2,2,1,2,0,1,1,3,1.92,1,1,1,0,0
37.05,0.0,10,11,4,4,1,3,0,25,17,1,28.64,1,5,0,0,0
64.86,4.02,6,11,4,0,1,1,0,5,3,2,22.53,1,3,1,1,0
40.36,3.12,8,11,4,0,1,4,0,12,13,1,24.13,1,3,0,0,0
22.99,5.31,4,10,1,3,0,4,1,34,44,2,3.0,1,3,1,0,1
65.8,7.91,4,10,3,0,1,3,0,12,4,2,1.0,1,5,1,0,0
74.71,3.85,10,14,1,2,1,1,0,5,1,1,11.47,1,5,1,0,0
81.8,7.47,3,12,2,0,1,1,0,10,4,2,17.36,1,3,1,1,0
54.93,7.67,2,10,2,1,1,2,0,1,1,2,11.86,1,3,1,0,0
63.4,7.08,4,13,2,0,1,3,0,7,1,1,25.3,0,1,1,0,0
54.87,5.85,4,10,3,0,1,3,0,1,19,1,14.19,1,1,1,0,0
72.87,10.0,2,14,1,1,1,2,0,1,1,2,1.0,1,4,1,0,0
94.41,4.3,6,11,4,3,1,3,0,16,1,3,9.53,1,3,1,1,0
43.11,8.74,3,13,4,4,1,4,0,27,2,2,1.99,1,5,1,0,0
77.5,4.86,9,14,3,2,1,3,1,3,1,3,7.37,1,6,1,0,0
67.39,5.24,7,11,3,3,1,2,0,21,6,2,13.98,1,5,1,0,0
0.0,2.02,7,10,0,6,0,3,0,29,23,3,5.28,1,3,0,0,1
65.05,7.43,3,12,3,0,1,2,0,1,9,1,4.4,1,1,0,1,0
61.35,7.13,3,10,2,3,1,3,0,11,1,2,17.34,1,6,1,0,0
53.47,7.75,4,13,2,2,1,2,0,19,13,2,14.2,0,4,1,0,0
83.49,6.92,4,11,1,1,1,2,0,29,1,2,10.7,1,2,0,0,0
40.95,5.0,5,11,1,0,1,1,0,7,1,1,7.51,1,6,1,1,0
63.91,3.33,10,13,1,2,1,1,1,10,1,1,4.03,1,1,1,0,0
96.12,8.62,1,14,1,1,1,4,0,12,10,2,6.26,1,3,1,0,0
71.08,6.39,5,12,4,1,1,3,1,15,4,3,12.33,0,4,0,0,0
68.32,7.4,3,14,2,2,1,4,0,1,6,2,12.31,0,3,0,0,0
77.57,7.41,4,10,4,1,1,4,0,13,11,1,15.25,1,2,1,0,0
59.2,1.26,9,10,2,2,1,2,0,1,7,1,18.6,1,5,0,1,0
91.21,8.64,2,13,1,4,1,1,0,6,8,3,11.71,1,2,1,0,0
62.09,4.02,10,14,2,4,1,2,0,21,1,2,21.75,1,3,0,1,0
77.54,5.62,4,11,4,2,1,4,0,1,5,2,3.91,1,6,1,0,0
42.61,3.7,7,11,1,2,1,4,1,1,15,1,11.98,1,4,0,0,0
37.99,1.62,10,14,4,3,1,2,1,1,1,2,4.04,1,5,1,1,0
78.2,4.32,6,11,2,5,1,1,0,20,12,3,9.82,0,5,0,1,0
69.53,6.46,3,11,2,1,1,1,1,11,11,2,6.67,1,1,1,0,0
81.6,4.12,9,12,4,1,1,2,0,17,2,3,18.24,1,5,1,0,0
99.08,5.92,4,10,4,4,1,2,0,1,2,1,11.65,1,6,1,0,0
58.39,4.66,6,10,3,0,1,1,0,15,2,2,29.34,1,5,1,0,0
67.76,5.14,7,11,1,2,1,2,1,11,4,3,14.92,0,1,1,1,0
26.72,3.03,7,11,2,2,0,1,0,53,6,3,1.0,1,3,1,0,1
100.0,5.28,6,13,2,0,1,2,0,18,1,3,27.43,1,1,1,1,0
50.7,6.94,5,13,4,1,1,2,0,11,5,1,1.0,1,4,1,1,0
76.23,8.65,1,11,2,0,1,1,0,1,6,3,4.0,1,1,1,0,0
71.71,6.24,6,11,2,2,1,2,0,6,11,1,5.74,0,4,1,0,0
73.45,6.67,5,12,4,2,1,1,1,17,1,1,22.45,1,2,1,0,0
60.98,5.56,6,14,4,2,1,3,0,13,5,1,17.37,1,6,1,1,0
53.26,4.67,7,12,2,1,1,4,0,24,1,1,16.12,1,1,1,1,0
75.64,1.31,10,11,3,2,1,4,0,1,1,1,14.72,1,5,0,1,0
100.0,7.38,4,14,3,1,1,4,0,11,14,2,1.0,1,3,1,0,0
66.13,5.26,4,10,2,4,1,4,1,1,16,1,7.2,1,6,1,0,0
76.03,5.05,8,14,2,2,1,1,0,12,5,2,2.74,1,1,1,1,0
49.86,5.4,6,11,2,5,1,1,0,22,11,2,9.32,1,2,0,0,0
79.84,7.27,3,12,2,3,1,2,0,11,1,1,10.79,1,1,0,1,0
82.91,2.91,9,12,4,0,1,3,0,5,12,3,21.79,1,6,1,0,0
64.26,8.07,3,11,2,4,1,4,0,12,1,1,9.99,1,4,0,0,0
73.93,7.93,2,14,1,6,1,1,0,20,21,1,2.78,1,1,1,0,0
67.71,6.76,4,10,3,1,1,2,0,1,9,2,20.09,1,4,1,0,0
86.48,6.53,5,11,1,1,1,1,0,1,1,3,4.02,1,4,0,0,0
87.28,6.19,3,10,4,0,1,1,0,1,3,2,19.83,1,4,1,1,0
51.47,6.31,5,13,3,3,1,2,0,24,4,2,5.72,1,5,0,0,0
33.2,4.53,8,13,3,5,1,3,0,13,6,2,7.7,1,5,1,1,0
92.13,3.84,7,11,4,1,1,3,1,1,11,2,8.83,1,2,1,1,0
59.95,6.41,4,13,2,2,1,1,0,15,17,1,2.14,1,2,1,1,0
24.75,,9,14,0,5,0,1,0,46,14,2,6.39,1,5,1,0,1
64.66,5.23,8,14,1,0,1,3,0,1,9,3,19.53,1,5,1,0,0
63.77,4.39,9,14,3,0,1,1,0,6,17,3,14.69,1,1,1,0,0
77.24,6.17,6,11,4,0,1,1,0,1,9,1,19.99,1,5,0,0,0
77.15,7.4,3,10,3,2,1,4,0,6,16,1,7.49,1,6,1,1,0
65.41,6.01,5,11,2,0,1,4,0,9,10,1,24.69,1,2,1,0,0
74.85,8.79,2,14,1,0,1,1,0,6,12,1,16.34,1,5,1,0,0
42.6,6.65,3,10,2,1,1,4,0,14,7,1,1.0,0,6,1,1,0
73.24,4.74,7,10,2,4,1,3,0,14,14,1,5.52,1,1,1,0,0
73.44,6.64,3,11,4,0,1,1,0,4,7,2,5.2,1,3,0,0,0
19.77,4.45,8,13,0,9,0,2,0,65,11,1,11.03,0,6,1,0,1
75.53,4.39,8,14,4,1,1,4,0,3,5,1,26.97,1,2,1,0,0
52.83,5.26,4,10,4,2,1,2,1,7,1,2,12.64,1,3,1,1,0
76.75,6.46,5,14,4,2,1,2,0,7,10,3,14.15,1,2,1,0,0
88.85,8.78,2,10,4,2,1,1,0,16,7,3,25.05,1,5,1,0,0
77.1,5.5,6,12,1,1,1,1,0,1,16,2,14.81,1,4,0,0,0
58.83,7.61,4,12,2,1,1,4,0,12,1,2,8.17,0,6,1,1,0
46.13,5.88,5,11,4,0,1,1,0,12,7,3,1.0,1,6,0,0,0
34.38,6.88,5,14,3,3,0,3,0,24,1,2,11.93,1,2,1,0,1
64.04,4.34,7,11,2,0,1,2,1,1,13,3,21.92,1,4,1,0,0
43.76,6.14,6,14,3,2,1,2,0,1,5,3,8.98,1,2,1,1,0
100.0,5.3,8,14,4,2,1,1,0,7,4,2,18.15,1,5,1,0,0
90.05,6.37,6,12,2,3,1,2,0,1,4,1,12.07,0,1,1,1,0
70.14,6.19,4,11,2,0,1,3,1,1,18,2,1.25,0,3,1,1,0
42.3,3.8,8,12,3,2,1,4,1,16,1,1,11.34,1,2,0,0,0
75.88,5.58,5,12,3,1,1,4,0,1,10,2,14.38,1,6,1,0,0
69.55,4.85,8,12,2,2,1,1,0,10,1,3,1.0,0,1,0,0,0
65.06,7.43,3,12,1,4,1,4,0,13,1,2,1.0,1,2,1,1,0
92.36,4.96,7,13,4,3,1,4,0,8,9,3,16.06,1,2,1,1,0
59.79,6.78,5,12,4,3,1,4,0,1,1,3,18.51,1,6,1,0,0
70.23,7.43,2,10,1,1,1,2,0,1,1,3,13.43,1,3,1,1,0
41.87,5.87,5,10,4,3,1,1,1,13,2,1,7.04,0,2,0,0,0
70.1,5.21,6,11,4,2,1,3,0,4,1,1,15.25,1,5,1,0,0
74.23,5.8,6,13,1,3,1,1,0,6,13,1,1.0,1,3,1,1,0
1.16,,9,13,0,4,1,4,0,35,16,2,8.98,1,5,0,0,1
93.81,6.76,5,13,3,2,1,4,1,13,7,2,7.42,1,3,1,0,0
84.07,2.98,9,11,2,2,1,1,0,1,8,2,13.93,1,3,0,0,0
93.15,6.53,5,13,2,2,1,3,0,1,1,1,13.8,1,2,0,0,0
65.66,6.42,3,11,4,2,1,1,0,4,15,1,10.85,0,1,1,0,0
52.25,8.96,2,12,4,0,1,2,1,19,10,2,20.23,0,4,1,0,0
52.33,2.59,10,12,1,1,1,3,0,11,13,3,6.37,1,1,1,1,0
61.47,6.3,4,10,1,2,1,4,0,13,14,2,13.14,0,5,1,0,0
52.03,4.94,6,13,3,2,1,3,0,1,14,2,3.93,1,5,0,1,0
61.11,2.77,9,11,1,0,1,1,0,8,1,1,17.23,1,4,0,0,0
62.2,5.02,7,12,4,1,1,4,0,1,1,3,33.66,1,2,1,1,0
95.82,5.0,6,12,2,0,1,1,0,20,15,3,1.0,1,3,1,0,0
88.02,4.65,7,10,1,1,1,4,0,4,1,2,14.68,1,3,0,0,0
83.76,5.54,4,10,1,1,1,2,0,1,11,1,18.87,1,2,1,0,0
7.37,,7,13,0,2,0,3,0,34,39,3,8.15,1,6,1,0,1
80.34,7.21,3,11,4,3,1,4,0,30,10,2,1.27,1,5,1,0,0
61.73,4.67,6,10,2,2,1,3,0,9,8,3,8.89,1,4,0,1,0
50.88,6.39,6,12,2,2,1,2,1,1,3,2,11.79,1,6,0,0,0
80.44,7.07,4,14,1,2,1,4,0,1,1,2,9.57,1,6,0,1,0
50.01,3.66,8,12,3,1,1,3,0,14,10,2,8.64,1,2,0,0,0
53.84,5.67,7,13,1,1,1,2,1,1,16,2,9.84,1,6,0,0,0
61.95,5.29,7,11,3,5,1,1,0,2,2,1,21.47,1,6,1,1,0
94.02,6.44,6,14,4,3,1,2,0,13,1,3,1.0,1,4,1,0,0
89.55,8.62,2,12,1,2,1,2,0,33,14,2,21.68,1,4,1,0,0
43.23,5.13,5,12,4,4,1,3,1,17,11,1,6.61,1,6,1,1,0
77.19,6.84,4,14,2,0,1,2,0,10,1,1,22.47,1,2,1,0,0
17.7,4.15,8,14,2,5,0,2,0,25,16,1,17.48,1,5,1,0,1
61.42,4.62,8,14,1,2,1,4,0,1,11,2,13.24,0,1,1,1,0
46.68,0.63,10,13,4,0,1,1,1,18,1,3,30.02,1,5,0,1,0
90.33,2.63,10,14,2,0,1,3,0,28,4,3,5.86,1,6,0,0,0
77.03,6.84,6,14,4,0,1,2,0,23,12,1,2.39,1,3,1,0,0
83.81,4.95,5,10,1,3,1,1,0,16,9,2,16.26,1,1,1,0,0
55.94,5.35,6,13,4,5,1,3,0,2,11,1,17.01,1,3,1,1,0
50.7,3.21,6,10,1,0,1,4,1,9,6,2,19.01,1,3,0,0,0
62.68,2.69,8,10,3,5,1,3,1,16,18,1,2.99,0,2,0,1,0
64.81,5.74,7,12,1,3,1,2,0,1,2,2,14.44,1,1,1,0,0
54.11,3.84,7,11,4,0,1,4,0,6,3,1,4.29,1,5,1,0,0
100.0,4.25,10,14,4,4,1,4,0,11,11,3,25.01,1,1,1,0,0
40.02,6.47,4,13,4,0,1,2,1,2,9,1,8.95,1,1,1,0,0
61.04,4.34,7,13,2,4,1,3,1,11,15,1,4.18,0,4,1,0,0
45.29,5.58,6,13,1,0,1,3,1,18,13,3,7.34,1,2,0,0,0
84.34,7.19,4,13,2,0,1,4,0,10,1,3,29.95,1,6,1,0,0
81.17,4.4,7,10,3,3,1,4,1,16,16,1,26.78,1,2,0,0,0
45.68,3.38,8,13,1,3,1,3,1,7,1,3,21.46,1,5,0,1,0
67.57,3.76,8,13,3,1,1,3,0,4,1,2,8.87,1,3,0,1,0
79.28,5.17,6,10,4,1,1,1,1,29,6,3,13.24,1,3,1,0,0
59.58,6.01,5,13,1,2,1,2,0,11,9,1,16.34,1,3,1,1,0
45.42,4.86,6,12,3,0,1,1,0,16,1,1,16.34,0,5,1,0,0
76.66,4.34,6,11,4,2,1,2,0,1,9,2,14.38,1,3,1,0,0
81.28,5.22,4,10,4,1,1,3,0,27,1,3,16.34,1,1,0,0,0
75.24,4.03,7,13,2,3,1,1,0,6,2,2,16.59,1,1,1,1,0
83.77,3.88,8,14,1,2,1,2,1,6,1,1,1.6,1,4,1,0,0
97.73,7.85,4,10,3,3,1,3,1,1,8,3,13.76,1,4,1,0,0
49.47,7.96,4,13,4,1,1,2,0,1,12,2,1.0,1,5,1,1,0
35.13,6.9,6,14,1,5,1,4,0,1,5,1,15.05,1,6,1,0,0
54.0,4.8,7,12,1,0,1,1,0,4,17,1,5.26,1,1,0,1,0
67.13,6.34,6,11,3,1,1,3,0,4,10,2,25.13,1,4,1,0,0
69.55,6.63,5,13,1,1,1,4,0,28,1,1,13.23,0,4,1,0,0
86.67,4.82,9,14,3,7,1,2,0,14,1,3,7.16,1,3,1,0,0
72.49,5.31,6,13,3,2,1,1,1,1,3,2,1.0,0,6,1,0,0
82.49,4.95,8,14,4,0,1,3,0,1,8,1,9.26,1,3,1,0,0
48.22,2.95,10,14,1,4,1,3,0,5,1,1,1.0,1,5,1,1,0
77.32,5.26,4,10,2,2,1,1,0,17,1,2,23.18,0,1,1,0,0
42.46,3.91,9,13,3,2,1,4,0,8,1,1,3.45,1,3,0,1,0
63.15,7.08,5,12,3,0,1,1,1,1,6,3,5.77,1,2,1,0,0
69.54,4.45,5,10,3,2,1,2,1,22,1,2,10.98,1,3,1,1,0
26.85,3.87,9,14,1,4,1,3,0,35,18,1,6.87,1,6,1,1,0
96.55,6.03,7,13,2,0,1,1,1,19,11,2,9.99,1,2,1,0,0
78.83,8.18,2,10,1,0,1,3,0,15,18,3,14.24,1,1,1,0,0
83.05,10.0,1,10,1,0,1,3,0,16,1,1,1.17,1,5,1,0,0
28.5,,6,14,0,3,0,3,0,48,1,3,22.77,1,3,1,0,1
69.73,5.91,4,11,3,4,1,3,1,6,10,2,24.91,1,3,1,0,0
66.61,6.23,6,13,1,2,1,4,1,12,7,3,11.99,1,6,1,0,0
89.95,6.52,6,13,2,0,1,3,0,25,1,3,8.89,1,6,1,0,0
86.04,3.63,10,14,3,0,1,3,0,16,5,1,20.96,1,3,1,0,0
38.89,6.47,3,10,3,3,1,3,0,21,10,1,1.0,1,3,1,0,0
86.46,5.51,5,10,3,2,1,3,0,22,13,1,6.67,0,2,1,0,0
67.71,5.16,6,12,2,0,1,1,0,19,1,1,1.0,1,2,1,0,0
74.2,4.24,6,12,1,3,1,1,0,21,4,3,28.86,0,6,1,0,0
70.31,8.93,2,10,1,0,1,4,0,5,10,2,1.0,1,2,1,0,0
79.47,4.66,9,14,3,3,1,4,1,17,6,2,17.28,1,4,1,0,0
60.47,6.73,4,11,3,1,1,1,0,10,1,1,7.64,1,4,1,1,0
4.51,4.19,8,12,1,3,0,1,0,29,37,2,19.64,1,6,0,0,1
78.01,5.48,5,10,1,3,1,2,0,5,5,1,8.33,1,4,1,1,0
66.14,4.56,6,10,2,3,1,1,0,29,13,3,13.18,0,1,1,1,0
77.87,6.22,6,14,1,1,1,2,0,11,15,3,22.42,1,1,1,1,0
67.5,5.56,5,13,4,2,1,1,0,11,8,2,6.13,1,6,1,1,0
38.73,0.18,10,14,4,3,1,1,1,1,1,3,13.03,1,2,0,1,0
0.93,4.13,8,12,1,3,0,1,0,41,44,3,31.07,1,2,0,1,1
65.34,6.86,4,14,3,0,1,2,0,28,1,1,12.15,1,2,1,0,0
75.79,5.65,6,11,2,0,1,1,1,8,11,1,6.33,1,3,1,0,0
92.16,8.33,1,10,2,0,1,1,0,3,13,3,23.33,1,1,1,0,0
100.0,7.06,4,13,2,1,1,3,1,12,10,1,13.82,1,2,1,0,0
50.29,6.27,5,13,1,4,1,1,1,11,9,2,4.25,0,2,1,0,0
42.01,4.6,8,13,2,1,1,4,1,28,4,2,3.78,1,5,0,0,0
96.35,5.82,6,11,1,0,1,1,0,4,1,2,5.49,1,6,1,0,0
57.48,7.83,4,11,1,4,1,2,0,16,1,1,19.81,1,5,1,0,0
0.0,1.3,10,13,1,2,0,1,1,28,30,1,18.94,1,3,0,1,1
55.59,5.16,7,13,4,2,0,1,0,14,1,2,12.87,1,3,1,1,1
61.04,4.28,6,10,3,3,1,3,0,12,1,2,1.84,1,3,1,1,0
78.07,4.34,8,11,2,1,1,4,1,1,20,2,15.31,1,3,1,0,0
71.52,7.94,3,11,4,3,1,1,0,11,10,1,10.28,1,2,1,0,0
51.8,3.32,10,14,3,2,1,3,1,33,13,2,8.65,1,6,1,1,0
67.97,8.22,4,14,4,3,1,1,1,1,2,3,1.0,0,1,1,0,0
90.25,7.58,5,14,1,0,1,4,0,20,3,2,7.3,0,6,1,0,0
90.48,5.21,6,11,4,1,1,1,0,7,1,2,23.98,1,3,0,0,0
72.22,6.68,3,10,2,0,1,3,0,5,14,3,23.55,1,6,1,0,0
82.9,4.89,9,14,4,0,1,3,0,10,7,2,12.04,1,4,1,0,0
65.08,6.58,4,11,3,2,1,2,0,22,7,2,22.56,1,3,0,0,0
77.96,5.07,5,10,4,3,1,2,0,10,5,2,11.6,0,5,1,0,0
62.47,4.87,8,14,3,4,1,1,1,21,1,2,15.16,1,1,1,0,0
59.28,2.23,10,12,4,1,1,2,0,12,7,1,28.17,1,4,0,1,0
58.11,5.17,5,12,1,0,1,4,0,6,1,1,16.87,1,3,0,0,0
7.96,1.59,9,10,0,4,0,3,0,38,18,1,16.56,1,5,0,0,1
58.1,4.02,5,10,1,1,1,1,1,19,15,2,6.68,1,2,1,0,0
64.49,4.6,7,10,4,0,0,3,0,5,19,2,5.13,1,3,1,0,1
67.31,5.27,6,12,4,4,1,4,0,7,1,1,24.24,0,4,1,0,0
64.24,3.55,10,14,1,0,1,3,1,15,6,3,15.63,0,6,0,0,0
62.4,9.35,0,13,3,2,1,2,0,1,15,2,23.06,1,4,1,0,0
48.31,5.35,6,11,3,2,1,1,0,1,10,1,9.58,0,6,0,1,0
39.43,2.99,10,13,2,4,0,2,0,1,1,1,1.12,1,1,1,0,1
57.74,3.07,9,11,3,2,1,1,0,2,3,1,24.47,1,1,0,0,0
82.03,7.67,2,10,2,2,1,4,0,25,16,3,12.23,0,1,1,0,0
91.46,7.24,5,14,2,0,1,4,0,6,1,1,2.38,0,1,1,0,0
72.0,6.75,3,11,2,3,1,2,0,9,1,1,1.0,0,6,1,0,0
91.09,5.88,5,10,2,2,1,3,0,1,22,2,1.0,1,5,1,0,0
79.07,5.66,6,13,2,0,1,1,0,12,5,3,23.31,1,2,1,0,0
58.46,3.65,8,14,1,3,1,4,1,25,1,3,1.0,1,4,0,0,0
49.8,2.57,7,10,4,5,1,1,0,20,1,2,1.0,1,2,0,0,0
62.76,4.9,9,14,2,2,1,2,0,10,1,3,15.54,1,5,0,0,0
73.55,4.27,9,14,3,0,1,4,0,6,11,2,1.0,1,6,0,0,0
58.07,6.91,3,11,2,1,1,1,0,20,1,3,10.97,0,2,1,0,0
92.45,6.56,3,11,2,1,1,3,0,5,10,2,35.0,1,6,1,0,0
36.38,1.58,10,13,1,9,1,2,1,22,11,1,1.0,1,3,0,0,0
54.17,3.03,7,11,1,2,1,4,1,1,9,3,10.14,1,3,1,1,0
72.81,4.87,7,10,2,7,1,1,0,13,3,1,7.13,1,3,1,0,0
36.74,4.74,9,14,2,6,1,3,1,1,1,2,15.99,1,4,1,0,0
66.45,6.38,5,11,1,3,1,1,0,7,3,2,15.36,1,5,1,0,0
79.5,6.93,4,12,3,2,1,3,0,14,13,1,23.89,1,6,1,0,0
62.02,6.77,6,13,3,0,1,4,0,1,1,2,16.62,0,5,1,0,0
56.36,4.0,8,11,4,4,1,1,1,21,1,1,25.83,1,2,0,0,0
61.8,6.26,6,11,1,1,1,2,0,11,8,3,24.81,1,3,1,1,0
51.65,7.19,5,14,1,4,1,4,0,5,9,1,23.98,1,4,1,0,0
75.72,7.9,4,13,2,5,1,4,0,22,1,3,24.15,1,2,1,0,0
73.59,6.97,5,14,4,0,1,3,0,6,1,1,4.07,1,5,1,0,0
54.14,6.91,3,11,3,0,1,1,0,5,5,3,22.69,0,6,1,0,0
48.88,7.45,2,11,3,2,1,1,0,2,7,1,8.37,1,5,0,1,0
27.09,0.92,10,12,1,4,1,3,1,47,7,2,3.49,1,4,0,1,0
71.82,4.51,9,14,3,0,1,4,1,24,1,2,26.04,1,3,0,1,0
71.68,6.32,5,11,4,1,1,3,0,19,1,2,20.52,0,1,0,0,0
83.72,6.67,4,11,3,1,1,2,1,10,1,1,3.27,1,3,1,0,0
66.2,8.15,1,10,4,2,1,3,0,1,1,1,6.7,1,4,1,0,0
92.07,6.23,5,11,1,3,1,3,0,1,6,1,1.0,1,4,1,0,0
57.25,7.32,4,14,3,0,1,3,1,1,3,3,6.89,1,1,1,0,0
93.08,7.53,4,12,3,0,1,2,0,20,5,2,25.78,1,3,1,0,0
100.0,5.66,6,14,2,3,1,3,0,15,1,2,7.79,1,5,1,0,0
99.08,6.55,3,11,2,0,1,1,0,15,1,3,10.17,1,1,1,0,0
63.68,4.35,5,10,3,0,1,2,0,21,22,1,9.55,0,5,1,0,0
2.22,,10,12,0,7,0,2,0,28,36,2,14.01,1,2,1,0,1
77.1,6.61,3,11,1,3,1,1,0,1,6,2,4.92,1,2,1,0,0
53.47,3.64,8,14,2,0,1,1,0,1,1,1,15.37,1,5,0,0,0
64.23,0.85,10,13,3,5,1,4,0,4,1,1,2.0,1,4,1,1,0
73.81,6.72,6,14,1,0,1,2,0,1,13,1,8.08,1,4,1,0,0
100.0,5.09,4,10,2,0,1,2,0,9,4,3,10.4,1,4,1,0,0
54.88,1.81,9,11,2,0,1,2,1,20,1,1,11.97,1,4,0,1,0
77.82,5.15,8,13,2,3,1,4,0,8,9,3,16.33,1,3,1,0,0
63.2,6.7,6,14,1,0,1,3,0,26,18,3,27.79,1,1,0,0,0
81.92,7.87,4,10,2,3,1,4,1,30,15,2,25.49,1,1,1,0,0
87.91,3.84,6,11,1,2,1,3,1,12,1,1,12.75,1,3,0,0,0
61.3,7.71,4,12,4,5,1,2,0,1,1,1,21.17,1,2,1,0,0
75.86,3.82,8,12,2,1,1,1,0,9,1,1,7.03,1,1,0,1,0
62.82,4.28,7,10,1,0,1,4,1,14,12,2,7.17,1,4,1,1,0
72.66,7.27,3,12,3,2,1,1,0,22,1,1,12.44,1,5,1,0,0
73.96,4.48,7,13,3,0,1,2,0,3,1,1,17.08,1,2,0,1,0
69.3,6.82,5,10,4,1,1,1,0,12,5,1,8.61,1,3,1,0,0
51.44,6.06,7,13,1,0,1,4,1,12,5,2,11.36,1,3,0,1,0
44.4,4.88,7,12,4,1,1,4,0,13,1,1,14.81,1,4,0,0,0
71.71,6.93,4,14,3,0,1,4,0,4,17,1,9.49,1,4,1,0,0
96.68,4.67,8,12,2,0,1,1,0,7,1,3,6.06,0,2,1,1,0
52.81,7.39,3,11,2,1,1,2,0,1,1,3,9.93,1,5,1,0,0
87.05,4.35,5,10,1,0,1,4,0,22,3,3,18.93,1,1,0,0,0
68.93,5.35,5,10,1,2,1,1,0,6,1,2,1.0,1,6,1,0,0
84.92,3.49,7,12,3,1,1,3,1,4,4,3,8.72,1,1,1,0,0
79.25,5.31,5,12,4,0,1,2,0,24,7,3,17.95,1,4,1,0,0
89.48,6.41,6,13,2,4,1,3,1,12,11,3,1.0,1,4,1,0,0
78.01,3.97,8,14,1,0,1,2,0,19,1,2,4.71,1,2,0,0,0
64.77,8.12,4,14,4,0,1,3,0,12,12,1,3.55,1,5,1,0,0
69.74,4.21,7,10,3,1,1,3,1,16,6,1,17.25,1,4,0,1,0
74.96,5.47,6,11,2,0,1,3,0,12,1,2,8.26,1,4,1,0,0
56.1,6.32,5,14,3,1,1,1,1,4,1,2,1.0,1,2,1,0,0
67.48,5.45,8,14,3,1,1,2,0,13,1,1,15.44,1,1,1,0,0
36.45,2.27,7,10,2,4,1,3,1,15,1,3,6.73,0,4,0,0,0
64.65,4.46,8,11,4,5,1,3,0,7,19,3,9.4,1,2,1,0,0
62.53,4.75,8,14,1,0,1,1,1,1,1,1,9.91,1,5,1,0,0
63.89,5.65,4,11,2,2,1,1,1,28,1,1,1.3,1,3,1,0,0
68.3,5.29,7,12,1,0,1,2,1,6,1,2,1.52,1,3,0,0,0
82.32,8.32,3,14,1,0,1,3,0,6,13,3,19.93,1,5,1,0,0
60.67,8.04,2,10,1,3,1,2,0,32,1,3,15.16,1,6,1,0,0
14.94,4.84,7,13,1,6,0,3,0,39,21,3,13.33,1,3,1,0,1
19.4,,7,11,0,3,1,3,0,20,24,3,14.89,1,5,1,1,1
77.45,7.42,5,13,3,2,1,1,0,16,1,1,15.78,1,1,1,0,0
61.27,4.25,10,14,3,2,1,1,0,28,9,3,19.52,1,5,1,1,0
63.18,2.19,10,13,4,2,1,2,0,20,9,3,7.94,1,4,1,1,0
78.06,8.0,2,11,4,1,1,1,1,19,7,2,18.25,1,2,1,0,0
84.07,4.81,8,12,1,1,1,2,0,9,12,2,1.0,1,2,1,1,0
83.62,7.69,5,13,4,1,1,4,0,13,15,1,1.0,1,1,1,0,0
66.49,6.93,6,14,2,1,1,4,0,21,12,3,7.33,1,5,0,0,0
60.95,6.01,5,10,3,1,1,4,0,9,5,1,10.66,0,1,1,1,0
58.35,5.24,5,11,1,0,1,2,1,19,6,1,1.0,1,1,1,0,0
83.62,6.84,3,12,2,3,1,4,0,15,1,3,13.24,1,6,1,1,0
95.97,7.05,4,13,1,2,1,4,0,12,1,2,5.97,0,6,1,0,0
78.6,4.18,10,14,1,0,1,1,1,1,13,3,10.86,1,2,1,0,0
78.49,4.94,8,13,1,0,1,1,0,11,1,2,9.75,1,4,1,1,0
41.13,8.68,1,13,3,0,0,1,0,9,12,3,10.13,1,3,1,0,1
100.0,6.08,6,11,4,2,1,3,1,24,1,3,20.26,0,4,1,0,0
50.83,4.64,7,12,2,3,1,2,1,1,1,3,1.0,1,5,1,0,0
70.66,8.41,3,13,1,1,1,4,0,1,14,1,9.02,1,2,1,0,0
74.8,4.25,7,13,4,0,1,1,0,24,9,3,1.0,1,4,0,0,0
73.1,5.67,6,13,3,0,1,1,0,3,7,3,1.0,1,6,1,0,0
100.0,7.31,5,13,3,1,1,3,0,18,19,1,25.23,1,2,1,0,0
71.5,2.08,10,12,1,5,1,3,0,12,5,1,16.91,1,5,1,0,0
62.95,3.4,6,10,2,3,1,2,1,9,7,2,1.0,1,3,0,0,0
82.79,7.06,4,14,1,0,1,3,0,15,4,3,2.34,1,1,1,0,0
67.55,6.48,4,10,2,0,1,4,0,16,1,2,10.07,1,5,1,1,0
43.91,5.75,6,14,1,1,1,4,0,1,13,1,10.84,1,6,1,1,0
87.34,8.14,3,10,2,3,1,3,0,14,5,3,16.13,1,1,1,0,0
60.82,6.09,4,10,2,3,1,4,0,16,8,2,1.82,1,3,0,1,0
43.71,2.94,10,13,3,2,1,1,0,2,13,3,15.63,0,6,0,0,0
97.44,5.06,4,10,4,0,1,1,0,11,1,3,6.62,1,2,1,0,0
77.26,4.51,6,12,3,4,1,1,0,1,17,2,23.85,1,3,1,0,0
93.47,4.58,6,12,2,3,1,4,0,3,8,1,11.26,0,3,1,0,0
63.86,3.94,8,12,2,4,1,2,1,1,1,1,7.97,1,4,1,0,0
4.46,5.49,5,10,1,4,0,3,1,51,39,2,1.0,1,6,1,0,1
100.0,3.39,7,12,4,3,1,1,0,32,7,1,10.92,1,2,0,0,0
78.31,4.72,5,11,3,1,1,2,0,18,8,3,18.61,1,3,1,0,0
71.65,5.16,4,10,2,2,1,4,0,12,13,1,1.0,1,6,1,1,0
18.26,3.8,8,11,2,3,0,3,0,49,32,3,22.03,1,3,1,0,1
72.23,5.46,6,11,3,1,1,3,0,18,1,1,9.19,1,6,1,1,0
70.76,3.63,7,12,1,5,1,1,0,6,12,2,16.84,1,1,1,0,0
69.37,4.5,6,12,2,1,1,3,1,19,1,2,25.66,1,3,1,0,0
79.3,7.23,5,12,1,5,1,3,0,14,1,3,21.96,1,4,1,0,0
70.78,6.46,4,12,1,4,1,4,0,16,10,3,23.04,0,2,1,1,0
70.09,4.32,8,11,2,1,1,2,0,16,2,2,11.24,1,1,1,1,0
0.0,,7,13,0,8,0,3,0,35,22,3,27.02,1,5,0,0,1
68.08,4.82,8,12,4,2,1,2,0,10,8,2,10.56,1,3,1,1,0
70.59,6.56,5,12,1,2,1,4,0,11,1,1,13.29,1,5,1,0,0
76.76,6.84,5,14,2,4,1,1,0,21,3,2,11.21,1,4,1,0,0
75.22,5.31,6,12,4,4,1,1,0,9,15,3,10.96,1,4,1,1,0
51.11,6.63,4,13,3,0,1,1,0,16,3,3,12.05,1,5,1,1,0
73.11,5.64,7,14,4,1,1,3,0,1,1,1,1.0,1,1,1,0,0
76.74,7.71,4,14,4,4,1,4,0,23,8,1,24.36,1,5,1,0,0
88.05,6.48,4,14,3,3,1,1,0,5,1,3,19.76,1,6,0,0,0
90.34,4.03,7,11,1,6,1,2,1,10,9,3,8.63,1,5,1,0,0
67.38,5.41,6,12,3,0,1,1,0,6,1,2,1.0,0,5,1,0,0
56.22,6.69,3,10,1,4,1,2,0,29,11,3,30.34,1,4,0,0,0
53.43,5.8,6,14,2,1,1,1,0,1,1,2,7.53,1,1,1,0,0
0.29,0.0,10,13,0,1,0,3,0,46,29,2,6.51,1,5,0,1,1
76.29,4.8,8,12,1,1,1,1,0,1,2,3,1.27,1,3,1,0,0
59.27,5.2,6,10,4,3,1,1,0,1,4,1,16.06,1,6,1,0,0
70.95,6.74,3,12,4,2,1,3,0,2,9,2,28.04,1,2,1,1,0
70.89,6.71,6,14,1,0,1,1,0,19,7,1,7.42,1,5,1,1,0
67.24,6.35,6,12,1,0,1,4,1,13,10,1,2.26,1,4,1,1,0
75.44,7.27,3,14,4,1,1,2,0,2,33,2,6.85,1,5,1,0,0
72.8,5.81,7,12,1,1,1,3,0,10,6,2,25.44,1,4,1,0,0
82.77,6.31,5,14,4,5,1,3,1,12,1,2,25.7,1,5,1,0,0
73.02,6.44,5,11,1,0,1,2,1,24,6,2,14.92,0,5,1,0,0
91.94,6.65,4,13,4,1,1,3,0,4,1,1,18.49,1,6,1,0,0
65.2,8.38,1,10,4,0,1,1,0,27,1,3,1.0,1,6,1,0,0
20.57,1.98,9,12,1,4,0,1,0,42,20,1,21.76,1,5,1,0,1
80.77,5.66,6,13,2,0,1,2,0,10,9,2,1.0,1,3,1,1,0
76.95,7.64,4,10,4,3,1,2,0,8,12,3,9.2,1,3,1,0,0
51.29,2.12,10,13,4,0,1,1,0,14,10,3,5.09,1,4,1,1,0
81.78,6.18,5,12,3,1,1,1,0,1,5,3,4.84,1,4,1,0,0
70.42,7.36,4,13,1,0,1,2,0,1,9,1,27.21,1,4,1,0,0
75.28,3.46,9,12,4,2,1,1,0,25,1,1,14.49,1,1,1,0,0
80.52,5.73,6,14,2,1,1,4,0,3,5,3,20.42,1,4,1,0,0
74.76,5.19,5,10,4,0,1,1,0,16,4,1,8.3,1,4,1,1,0
30.18,5.35,4,10,4,3,1,4,0,4,5,1,15.48,0,2,1,0,0
35.3,1.49,10,10,2,2,1,3,0,9,1,2,24.76,1,2,0,0,0
67.57,4.43,9,14,4,0,1,3,1,10,5,1,16.27,1,6,1,0,0
29.22,,8,14,0,4,1,2,1,32,2,1,21.61,1,6,0,0,1
54.9,3.78,9,13,2,0,1,4,0,4,1,1,36.41,1,4,1,0,0
77.14,4.19,6,10,3,1,1,2,0,29,12,1,17.88,1,2,0,0,0
76.56,10.0,2,10,4,1,1,4,1,4,1,1,8.74,1,4,1,0,0
71.7,7.43,2,10,2,1,1,3,1,7,6,1,1.0,1,1,1,0,0
77.58,8.26,2,10,1,2,1,4,0,5,17,2,1.0,1,4,1,0,0
35.61,2.14,8,10,1,3,1,4,1,10,8,1,6.07,1,5,1,1,0
79.65,5.56,6,14,4,4,1,4,0,1,1,1,3.86,1,2,1,0,0
74.71,7.59,3,13,3,1,1,4,0,12,16,1,7.25,1,3,1,1,0
70.04,7.33,3,12,3,2,1,4,0,7,2,1,17.92,1,4,1,0,0
25.89,4.35,6,11,1,5,0,1,1,48,6,1,23.85,1,2,1,1,1
87.92,5.5,7,14,1,0,1,3,0,20,6,3,11.6,1,6,1,0,0
100.0,7.77,4,13,2,1,1,3,0,6,12,2,25.16,1,2,1,0,0
36.37,3.27,8,11,1,5,1,3,0,1,1,3,14.9,1,3,1,0,0
67.91,2.87,10,14,3,2,1,1,1,15,1,1,5.7,1,1,1,1,0
48.44,8.84,2,12,4,2,1,4,0,19,17,3,18.26,1,5,1,0,0
70.55,4.71,7,12,3,3,1,3,1,3,14,1,13.86,0,5,0,0,0
91.44,8.68,1,14,1,0,1,4,0,12,1,2,24.53,1,5,1,0,0
62.65,6.35,6,13,2,3,1,2,0,21,15,1,16.23,1,5,1,1,0
49.79,6.76,4,14,1,0,1,1,0,11,1,1,1.0,1,4,1,0,0
100.0,6.78,3,10,2,1,1,2,0,20,5,3,17.7,1,1,1,0,0
57.86,4.67,5,11,1,2,1,1,0,19,3,1,6.09,1,3,0,0,0
72.93,7.12,5,11,4,0,1,1,0,4,9,3,10.69,1,4,0,0,0
86.92,7.33,3,10,3,4,1,1,0,5,9,1,5.94,0,1,1,0,0
57.86,6.55,5,11,2,0,1,4,0,6,1,1,35.33,1,2,1,1,0
36.44,2.04,10,14,4,10,0,1,0,10,12,3,6.1,1,6,1,0,1
58.19,3.64,9,13,4,2,1,4,0,1,9,1,6.56,1,5,0,0,0
41.83,2.38,9,11,2,0,1,1,1,1,7,1,18.63,1,3,0,0,0
100.0,4.75,7,10,3,2,1,3,0,14,1,3,8.51,1,1,0,0,0
81.55,4.83,8,12,2,4,1,1,0,12,13,1,10.34,1,1,0,0,0
57.43,4.59,9,14,4,0,1,3,0,31,1,2,37.08,1,3,1,1,0
100.0,10.0,2,10,1,2,1,2,0,24,3,2,21.77,1,1,1,0,0
82.7,6.19,6,11,2,3,1,2,0,9,3,3,15.67,1,1,1,0,0
79.53,7.26,4,10,2,3,1,3,0,25,1,3,23.47,0,4,1,0,0
67.03,7.54,4,13,2,1,1,2,0,12,13,1,14.67,1,3,0,0,0
89.18,7.9,4,14,2,4,1,3,0,1,1,1,17.22,1,5,1,1,0
73.27,8.82,1,14,3,0,1,3,0,1,1,3,13.01,1,3,1,0,0
68.69,6.35,5,12,1,0,1,4,0,18,1,1,1.0,1,2,1,0,0
62.12,1.61,9,11,2,0,1,4,1,1,22,1,12.17,1,1,1,1,0
64.52,4.01,9,13,1,1,1,4,1,1,1,2,31.52,1,3,1,0,0
69.17,6.97,5,13,3,0,1,1,0,21,10,2,8.96,0,3,0,0,0
91.61,8.73,1,13,3,1,1,1,0,4,20,3,6.97,1,6,1,0,0
64.8,7.14,3,13,3,0,1,3,0,3,1,1,18.04,1,2,1,0,0
69.42,5.27,6,10,3,3,1,2,0,1,18,2,4.41,1,2,0,1,0
79.34,8.5,3,12,4,2,1,4,1,21,5,1,23.41,1,4,1,0,0
64.4,5.06,7,14,4,0,1,3,0,15,1,2,3.54,1,4,0,1,0
88.16,4.16,7,13,1,0,1,3,1,7,1,3,26.34,1,1,1,1,0
69.56,5.75,5,12,2,3,1,3,0,15,16,3,1.7,1,3,1,0,0
100.0,5.34,7,13,3,1,1,3,0,19,4,1,8.6,1,1,1,0,0
89.29,4.47,5,10,3,1,1,1,0,1,7,3,10.91,1,3,0,1,0
70.26,6.33,5,10,2,0,1,4,0,18,10,1,15.0,1,4,1,1,0
47.17,5.11,6,10,2,1,1,3,0,16,17,3,6.01,1,5,1,0,0
98.53,7.12,2,10,3,2,1,1,0,10,19,1,12.68,1,1,1,0,0
92.27,6.39,3,11,2,3,1,1,0,1,6,3,10.12,1,1,1,0,0
64.42,3.61,7,11,4,3,1,4,0,10,1,1,17.79,1,2,1,0,0
24.01,1.55,10,14,2,2,0,1,0,55,29,2,8.52,1,4,1,1,1
45.37,1.55,10,13,1,1,1,1,1,9,1,3,1.0,1,2,0,0,0
75.47,8.91,2,11,4,3,1,1,0,3,14,3,1.0,1,6,1,0,0
72.58,6.28,4,12,3,0,1,1,1,25,6,1,1.0,1,5,0,0,0
60.6,5.7,6,11,4,2,1,4,0,27,1,3,6.87,1,1,1,1,0
73.35,4.37,6,10,4,2,1,1,0,10,1,2,22.73,1,2,1,0,0
85.04,5.27,7,11,2,5,1,4,0,1,1,2,18.46,0,2,1,1,0
90.56,6.68,6,13,4,3,1,1,0,18,9,1,6.54,1,1,1,0,0
50.78,4.02,8,14,4,3,1,1,0,17,15,1,28.81,1,3,1,1,0
67.97,4.47,6,11,2,0,1,4,0,1,6,3,16.33,1,4,0,0,0
55.94,6.47,6,13,3,2,1,4,0,1,6,1,30.75,1,4,1,0,0
81.57,7.65,4,14,2,0,1,2,0,15,1,1,12.71,1,1,1,0,0
66.37,1.88,9,10,1,1,1,1,0,20,1,1,16.69,1,4,0,0,0
60.28,3.45,7,12,2,0,1,1,1,22,9,3,9.63,1,3,0,0,0
87.42,6.33,3,10,2,0,1,3,0,6,6,1,18.23,1,1,1,1,0
92.56,5.2,5,11,1,0,1,3,0,8,1,1,15.37,1,2,0,0,0
78.78,7.11,5,13,3,0,1,2,0,26,4,1,8.44,0,6,1,0,0
57.12,6.95,3,12,1,0,1,1,0,8,3,2,12.83,1,1,1,0,0
67.0,6.56,4,10,4,3,1,4,0,6,6,1,10.79,1,5,1,0,0
62.75,4.76,7,13,4,6,1,1,0,8,1,1,2.87,1,1,0,0,0
75.82,6.0,7,13,2,2,1,1,0,6,4,3,1.0,1,3,1,0,0
87.56,2.3,10,12,4,0,1,4,0,16,1,2,9.57,1,3,1,1,0
100.0,3.67,7,10,4,1,1,4,1,15,1,2,14.54,1,1,1,1,0
52.28,4.84,5,11,1,2,1,4,0,8,1,2,19.74,1,6,1,0,0
84.62,6.77,5,14,3,2,1,4,0,15,2,3,13.34,1,1,1,1,0
60.82,9.16,1,11,4,2,1,2,1,5,6,3,5.89,1,4,1,0,0
59.51,5.1,8,13,4,3,1,2,0,5,23,1,8.24,1,1,1,1,0
65.92,4.54,8,13,4,5,1,2,1,17,1,2,21.85,1,6,1,0,0
83.86,9.53,2,13,1,2,1,1,0,17,9,2,17.77,1,5,1,0,0
58.24,8.41,1,12,3,0,1,3,0,1,1,1,7.98,1,1,1,0,0
13.09,4.38,6,10,1,6,1,4,1,22,30,2,3.67,1,4,0,0,0
95.99,4.7,9,14,4,0,1,4,0,10,6,2,3.75,1,1,1,0,0
60.7,5.08,7,14,2,0,1,2,0,10,18,1,14.63,1,1,0,1,0
58.25,5.5,4,11,1,0,1,2,0,1,1,2,14.03,1,2,1,0,0
46.84,3.31,9,14,4,1,1,4,0,13,23,1,1.0,1,4,0,0,0
65.49,5.62,7,12,3,3,1,4,1,16,11,3,37.46,1,1,1,0,0
79.68,4.09,8,11,1,0,1,2,1,4,1,1,16.51,1,5,1,1,0
32.28,2.15,8,10,1,2,1,4,1,9,12,2,23.75,1,5,0,0,0
41.82,5.52,4,11,1,2,1,4,1,6,5,1,18.1,1,4,1,0,0
79.47,5.58,4,11,2,3,1,4,0,6,2,2,5.53,0,3,1,0,0
92.7,7.43,4,14,2,0,1,4,0,10,1,2,18.38,1,4,1,0,0
12.19,4.52,5,10,1,7,0,3,0,31,30,1,21.66,1,6,1,1,1
87.37,4.39,7,14,2,3,1,2,0,1,25,3,16.31,1,4,1,0,0
54.39,8.46,1,10,4,0,1,4,0,8,5,3,9.38,0,5,1,0,0
36.96,4.99,6,12,3,5,1,3,0,27,1,3,11.02,1,5,1,0,0
76.15,6.68,3,12,4,2,1,4,0,26,8,3,22.18,1,5,1,1,0
53.06,6.92,5,10,1,0,1,2,0,20,14,3,10.32,1,5,0,0,0
65.59,4.68,7,14,2,2,1,3,1,1,18,2,6.23,1,3,1,1,0
60.1,7.51,2,11,2,2,1,1,0,3,7,1,15.47,1,2,1,0,0
56.94,5.76,4,10,3,3,1,2,1,14,17,2,14.94,1,3,1,1,0
49.45,6.48,5,11,3,2,1,2,0,1,9,1,28.76,1,5,1,0,0
80.89,4.29,7,10,2,1,1,1,1,22,6,2,3.95,1,4,1,0,0
100.0,8.35,1,10,3,0,1,1,0,17,10,2,17.88,1,3,1,0,0
40.34,6.29,3,10,2,2,1,2,0,9,3,1,25.45,1,5,0,0,0
7.97,,8,14,0,1,0,2,0,37,19,2,2.81,1,3,1,1,1
69.75,3.95,7,10,2,1,1,3,0,21,9,1,32.18,1,1,1,1,0
59.67,5.45,6,12,4,1,1,1,1,6,9,1,17.03,1,2,0,0,0
75.07,7.22,5,14,1,0,1,2,0,17,7,3,3.79,1,1,1,0,0
82.18,4.84,5,10,2,3,1,3,0,9,8,3,5.92,1,2,0,0,0
69.97,4.91,9,14,1,5,1,1,0,17,15,2,15.13,1,2,1,1,0
64.36,7.15,4,12,2,1,1,2,0,13,2,2,12.74,0,4,1,0,0
46.33,2.84,10,12,3,2,1,1,0,19,1,3,28.03,1,2,0,1,0
66.71,6.92,6,13,4,1,1,4,0,17,14,3,1.09,1,1,1,1,0
30.89,2.01,9,12,4,6,1,1,0,7,15,1,2.5,1,5,1,1,0
61.59,5.56,7,14,3,1,1,2,0,17,1,3,19.05,1,5,0,0,0
83.53,7.49,2,11,4,0,1,3,0,10,18,2,11.14,1,2,1,0,0
70.86,7.06,3,12,3,0,1,4,0,10,26,1,6.57,0,6,1,0,0
41.01,4.19,7,13,3,0,1,3,1,6,1,2,15.84,1,2,1,0,0
80.01,4.41,6,11,1,3,1,2,0,13,5,2,31.22,1,1,1,0,0
70.14,4.34,7,13,4,2,1,4,0,5,1,1,22.73,1,6,1,1,0
71.91,6.06,5,13,3,0,1,2,0,17,11,1,13.74,1,1,0,0,0
59.27,8.22,2,14,1,0,1,2,0,10,8,2,16.82,1,1,1,1,0
94.22,6.58,4,14,1,4,1,4,0,17,12,1,1.13,1,1,1,1,0
43.21,7.55,3,12,1,4,1,3,0,9,1,2,7.67,1,6,1,1,0
62.44,5.49,6,13,2,3,1,2,0,9,6,3,10.27,1,4,0,0,0
86.15,7.7,3,12,2,0,1,1,0,14,1,2,11.08,1,2,1,1,0
94.5,7.32,2,10,4,0,1,3,0,2,8,2,11.28,1,2,1,0,0
65.65,4.16,8,12,3,4,1,1,0,4,24,3,8.07,1,4,0,0,0
41.7,5.68,5,10,4,5,1,2,1,11,11,2,41.45,1,4,0,0,0
61.76,3.9,8,12,4,3,1,1,1,3,9,3,1.0,1,1,0,0,0
77.53,2.44,9,11,2,3,1,2,1,18,1,1,23.76,1,5,0,1,0
52.92,5.57,4,11,4,4,1,3,0,17,1,2,6.48,1,1,1,1,0
37.4,3.44,8,11,1,3,1,3,0,11,1,3,4.27,1,4,0,1,0
33.68,1.92,8,11,4,6,1,3,0,11,4,1,22.27,1,6,1,1,0
68.77,3.89,9,13,3,6,1,3,0,12,8,1,7.29,1,3,1,1,0
69.84,5.41,7,13,2,2,1,1,0,17,4,2,1.0,1,1,0,1,0
65.02,3.54,8,11,3,4,1,3,1,3,2,2,28.02,1,1,1,0,0
76.67,4.55,8,13,3,0,1,4,1,22,3,2,18.44,1,6,1,0,0
83.41,7.11,5,12,3,0,1,1,0,9,16,3,5.19,0,1,1,0,0
90.23,9.35,2,11,4,5,1,1,0,20,10,1,16.41,1,4,1,0,0
51.42,6.83,4,10,4,5,1,2,0,1,2,2,16.17,1,5,1,1,0
77.53,5.74,6,12,4,0,1,2,0,7,10,1,7.87,1,2,0,1,0
94.25,2.85,10,14,1,1,1,2,0,12,1,3,11.28,1,4,1,0,0
54.74,6.31,6,14,1,0,1,4,0,11,10,2,1.0,1,1,0,0,0
63.43,6.01,6,14,2,1,1,2,0,15,9,2,8.72,1,4,0,0,0
59.08,6.78,5,10,4,2,1,3,1,17,1,3,11.55,1,4,1,0,0
60.15,5.0,6,10,4,0,1,4,1,1,1,3,10.03,1,1,1,0,0
93.87,6.57,3,11,2,0,1,1,0,15,2,2,13.49,1,4,1,0,0
91.1,4.56,9,14,2,3,1,1,0,19,10,3,1.0,1,2,0,0,0
21.21,2.8,8,11,0,3,0,4,0,52,31,3,10.04,1,4,1,0,1
66.07,4.39,8,14,4,2,1,2,1,1,1,1,1.0,1,2,0,0,0
74.83,8.86,2,12,2,0,1,1,0,17,5,1,8.39,1,1,0,0,0
74.07,4.39,7,10,2,0,1,3,0,9,3,3,11.02,1,4,1,0,0
88.43,4.34,9,14,2,0,1,3,1,32,16,3,10.41,1,3,1,0,0
86.77,4.55,9,13,1,3,1,1,0,8,1,2,18.9,1,6,0,0,0
69.0,5.86,5,10,2,3,1,1,0,16,1,1,3.67,0,3,1,1,0
67.45,5.42,5,12,1,2,1,2,0,1,18,2,18.04,1,2,1,0,0
76.68,4.96,6,10,3,4,1,1,1,8,1,1,10.3,1,6,1,1,0
57.68,7.0,4,11,4,1,1,2,0,1,1,3,5.92,1,1,1,1,0
69.26,6.09,5,10,3,4,1,1,0,10,4,2,27.38,1,3,1,0,0
47.85,6.13,4,12,4,2,1,1,0,13,1,2,9.87,1,6,1,0,0
83.46,5.53,5,11,1,0,1,4,0,16,8,2,1.0,1,4,1,0,0
55.19,3.51,8,10,4,2,1,2,0,29,1,2,10.9,1,1,0,0,0
69.07,5.71,6,11,4,1,1,3,0,24,10,2,6.97,1,5,1,0,0
26.12,3.23,8,11,1,2,0,3,0,44,1,1,33.84,1,1,0,0,1
35.51,1.07,9,11,3,3,1,3,1,8,8,3,16.22,0,4,0,1,0
94.89,4.93,5,10,4,2,1,3,0,17,17,1,13.55,1,6,1,0,0
75.27,4.89,7,13,2,3,1,1,1,23,4,3,1.0,1,3,1,0,0
64.45,6.89,5,12,4,0,1,2,0,8,1,1,10.64,1,2,0,0,0
84.4,7.9,2,13,4,3,1,2,0,23,5,1,13.23,1,3,1,0,0
45.66,4.69,8,12,4,3,1,1,1,1,6,1,19.46,1,5,1,0,0
57.23,3.77,8,11,2,0,1,1,0,1,10,2,2.21,1,6,0,0,0
57.92,3.84,9,13,1,0,1,4,0,21,5,1,17.52,1,2,0,1,0
13.29,5.76,7,14,2,3,0,2,0,38,32,1,11.41,1,3,1,0,1
75.29,5.17,8,13,4,2,1,2,0,31,13,2,6.75,1,4,0,0,0
65.75,7.48,3,14,3,0,1,1,0,4,1,2,25.33,1,1,1,0,0
83.28,4.86,5,10,4,2,1,1,0,10,6,1,22.88,1,2,1,1,0
59.45,5.99,6,12,1,0,1,2,1,1,11,1,4.67,0,2,1,0,0
67.11,6.1,4,12,4,0,1,4,0,2,3,1,4.42,1,2,1,0,0
76.57,8.24,2,11,2,3,1,1,0,11,3,2,1.0,1,3,1,0,0
79.86,3.46,10,14,1,2,1,4,0,16,2,2,11.92,1,2,1,1,0
63.18,6.15,7,14,2,1,1,1,0,1,5,3,11.17,0,4,1,0,0
0.0,,9,13,0,2,0,4,0,31,27,3,1.0,1,6,0,0,1
72.91,6.98,3,12,1,0,1,3,0,1,8,2,19.59,1,3,1,0,0
51.32,3.43,8,13,3,0,1,1,0,25,5,1,15.48,1,4,0,0,0
74.13,5.45,6,11,1,2,1,1,0,9,18,3,26.2,0,3,1,0,0
58.06,2.96,9,14,1,4,1,4,1,1,10,1,3.77,1,6,1,1,0
100.0,5.53,6,13,3,3,1,1,1,24,1,2,19.84,1,3,1,0,0
76.64,4.95,5,10,3,1,1,4,1,22,5,2,20.58,1,2,1,0,0
65.48,2.22,8,10,3,2,1,2,0,12,12,3,14.19,1,6,0,0,0
100.0,6.61,4,14,1,2,1,3,0,1,18,3,28.76,1,3,1,0,0
88.41,5.77,6,12,4,1,1,4,0,14,7,3,4.84,1,3,1,0,0
71.33,5.52,5,10,1,1,1,1,0,1,9,3,14.2,1,4,1,1,0
50.5,5.48,4,10,3,0,1,2,0,29,5,1,12.24,0,1,1,1,0
100.0,7.32,4,11,1,1,1,3,0,20,12,3,1.0,1,2,1,0,0
56.98,5.76,7,14,4,5,1,1,0,7,14,1,23.97,1,6,0,0,0
63.15,7.54,3,14,4,0,1,2,1,1,17,3,27.09,0,3,1,0,0
77.73,7.72,2,12,3,3,1,1,0,11,18,2,16.73,1,4,1,1,0
89.25,5.15,6,10,2,1,1,1,0,5,5,3,8.33,0,1,1,0,0
48.47,5.05,4,10,2,0,1,2,1,11,3,3,10.87,1,3,0,0,0
71.97,3.12,9,14,3,2,1,3,1,6,4,1,18.48,1,3,1,0,0
87.4,7.22,5,13,3,2,1,2,0,20,7,1,18.88,1,1,1,0,0
56.34,2.81,9,12,3,1,1,4,0,1,18,3,23.72,1,3,1,0,0
78.6,5.97,5,10,2,2,1,1,0,5,7,2,5.17,1,2,1,0,0
86.63,3.42,9,13,4,0,1,4,1,24,4,1,10.16,1,3,1,0,0
77.58,6.27,4,11,3,3,1,2,1,1,1,3,5.78,1,1,1,0,0
52.0,6.1,3,10,4,3,1,4,0,42,12,3,10.76,1,5,1,0,0
93.01,6.33,4,13,2,0,1,3,0,11,6,1,31.38,1,4,1,0,0
65.88,5.06,4,10,1,1,1,1,0,1,4,3,18.88,1,1,1,0,0
84.93,5.57,6,10,2,2,1,3,1,18,3,2,1.0,1,3,1,0,0
80.56,5.89,4,11,3,1,1,2,0,1,22,2,4.3,1,6,1,0,0
70.55,4.18,8,13,3,5,1,3,0,32,13,2,23.93,1,4,1,0,0
67.78,9.46,1,12,3,0,1,2,0,13,5,3,13.46,1,6,1,0,0
73.58,4.73,8,12,3,2,1,2,0,1,23,2,1.0,1,4,1,0,0
74.01,7.38,2,11,3,1,1,4,0,14,1,3,23.6,1,2,1,0,0
100.0,6.78,4,13,1,3,1,3,0,4,6,3,12.14,0,4,1,0,0
70.85,7.25,2,10,4,3,1,2,0,7,6,2,19.01,1,4,0,0,0
80.85,3.87,7,10,1,4,1,2,1,8,8,3,1.0,1,2,1,0,0
66.69,5.9,6,14,3,0,1,1,0,21,1,2,8.31,1,1,0,0,0
86.19,4.24,7,10,3,3,1,4,0,11,1,2,16.49,1,4,1,1,0
86.22,8.25,4,12,1,2,1,4,0,26,3,1,2.37,1,4,0,1,0
50.5,7.69,5,13,4,0,1,3,0,1,18,3,9.72,1,5,0,0,0
69.43,4.98,8,14,3,1,1,3,0,1,1,3,8.12,1,2,0,0,0
83.34,6.76,5,11,2,3,1,4,0,24,3,2,17.54,1,1,1,0,0
48.78,2.61,8,11,2,4,1,3,1,10,10,2,26.32,1,1,0,0,0
61.16,5.68,6,11,4,2,1,2,0,11,11,1,13.63,1,6,1,0,0
57.98,7.91,2,11,3,0,1,4,0,14,1,2,10.39,1,2,1,0,0
100.0,4.98,7,11,2,0,1,3,0,14,1,3,15.95,1,2,1,0,0
67.37,5.92,5,10,1,1,1,2,1,1,1,1,33.57,1,6,1,0,0
70.55,3.14,10,14,1,0,1,2,1,28,1,3,23.89,0,4,1,0,0
100.0,4.75,6,11,3,0,1,1,0,2,2,2,19.18,1,3,1,0,0
83.35,8.96,1,10,1,0,1,4,0,10,1,2,17.34,1,2,1,0,0
0.0,,9,13,0,4,0,2,0,46,22,1,13.55,1,6,1,1,1
87.42,6.67,4,10,4,2,1,1,0,1,7,1,12.72,1,3,1,0,0
50.9,6.73,5,11,3,3,1,3,1,1,1,1,20.44,1,2,1,0,0
74.6,5.76,5,12,4,2,1,4,1,1,1,2,9.77,1,2,1,0,0
69.53,4.74,6,13,1,3,1,1,0,10,6,1,7.69,1,5,1,1,0
60.04,7.99,4,13,3,1,1,1,0,2,3,2,10.14,1,4,1,0,0
53.27,6.35,7,14,2,4,1,4,0,17,1,3,17.09,1,5,1,0,0
43.58,3.48,8,10,4,3,1,3,0,1,5,2,12.42,1,3,0,0,0
82.48,10.0,0,12,4,1,1,2,0,2,19,1,15.53,1,4,1,0,0
81.46,4.87,6,10,1,0,1,3,0,7,1,3,16.05,1,2,1,0,0
9.2,1.95,10,14,0,7,0,4,0,29,24,2,15.73,1,4,1,1,1
49.82,5.56,6,10,4,3,1,2,0,1,1,1,11.91,1,6,1,0,0
89.01,7.58,3,10,3,0,1,1,0,1,13,2,25.23,1,5,1,0,0
73.4,7.61,3,12,4,0,1,3,0,13,1,2,20.32,1,3,1,1,0
84.31,6.85,5,11,4,3,1,2,0,1,21,1,1.0,1,5,1,0,0
100.0,5.01,6,14,1,0,1,4,0,1,14,1,19.89,1,1,1,0,0
69.41,6.27,6,14,4,0,1,3,1,1,14,2,27.99,0,6,1,1,0
58.15,5.22,5,12,4,2,1,2,0,3,9,2,14.41,1,3,1,0,0
61.19,6.05,5,14,4,4,1,3,0,18,4,3,19.91,1,5,1,1,0
81.79,4.18,7,12,3,0,1,1,1,1,10,3,11.28,1,2,1,0,0
66.44,3.65,9,14,2,0,1,4,0,17,12,1,1.0,1,2,1,0,0
73.06,5.62,4,10,4,4,1,4,0,14,4,1,1.0,1,1,1,0,0
90.55,5.71,4,10,4,5,1,1,0,4,5,3,1.0,0,5,1,0,0
62.18,4.12,5,10,3,1,1,3,1,15,1,3,3.13,1,5,1,0,0
59.77,5.99,6,14,4,4,1,2,0,6,11,2,2.02,1,5,1,0,0
51.22,3.53,8,12,1,0,1,1,1,29,1,2,22.75,1,3,1,0,0
66.88,8.02,3,14,1,1,1,4,0,7,4,3,35.44,1,5,1,0,0
74.01,6.45,5,11,1,0,1,4,0,20,12,1,15.32,1,6,1,0,0
87.65,8.35,2,10,2,6,1,2,0,4,7,2,20.54,1,1,1,0,0
100.0,8.51,1,11,1,0,1,4,0,3,11,3,7.14,1,2,1,0,0
100.0,8.79,3,10,3,4,1,4,0,1,1,3,16.32,1,1,1,0,0
71.31,8.87,2,14,2,2,1,4,0,5,8,3,33.67,1,5,1,0,0
58.53,4.07,7,13,2,1,1,3,0,9,3,3,16.17,1,2,1,1,0
87.86,8.23,2,14,3,2,1,1,0,31,9,2,28.78,1,4,1,0,0
85.98,3.48,7,12,1,2,1,1,1,15,1,2,16.56,1,6,0,0,0
68.48,3.35,10,13,3,2,1,1,1,14,6,2,30.55,1,3,0,0,0
40.3,5.94,7,14,4,0,0,1,0,15,14,1,4.52,1,1,1,0,1
78.12,5.79,7,12,3,0,1,4,0,5,15,1,31.43,1,4,1,0,0
53.23,3.59,8,10,3,4,1,4,0,11,9,2,18.37,1,6,0,0,0
95.38,6.56,6,13,1,2,1,2,0,3,6,2,1.0,1,5,1,0,0
65.66,2.51,10,12,3,0,1,4,0,1,8,1,20.19,1,5,1,1,0
71.8,6.99,3,11,1,3,1,4,0,1,16,2,10.34,1,2,1,0,0
100.0,6.41,6,12,1,0,1,1,0,3,19,3,16.83,1,6,1,0,0
68.72,5.66,6,10,4,2,1,2,0,1,1,1,1.0,1,5,1,1,0
87.8,7.91,2,10,1,1,1,4,0,5,1,3,24.16,1,5,1,0,0
70.57,6.42,4,11,2,1,1,4,0,9,4,3,3.47,1,5,1,1,0
89.15,8.13,3,12,4,1,1,4,0,8,6,3,12.15,1,4,1,0,0
71.01,7.85,3,13,1,0,1,2,0,14,8,3,7.42,1,4,1,0,0
69.88,6.26,6,12,3,0,1,1,1,12,1,3,19.84,1,3,0,0,0
61.02,8.23,4,14,4,1,1,2,0,28,1,3,8.33,1,1,1,0,0
74.78,5.28,4,10,2,3,1,3,0,16,1,1,1.0,0,5,1,0,0
51.24,6.22,4,12,2,0,1,2,0,40,1,2,17.09,1,2,0,1,0
81.82,9.48,2,10,1,0,1,4,0,21,4,2,14.34,1,5,1,0,0
83.68,6.74,4,12,3,1,1,3,0,1,3,2,36.41,1,3,1,0,0
67.42,6.48,5,13,4,0,1,1,0,21,12,1,4.32,1,2,1,0,0
64.23,4.28,6,10,2,4,1,4,0,1,1,2,18.18,1,5,1,0,0
91.79,8.69,3,10,2,0,1,4,0,15,7,3,13.07,1,4,1,0,0
75.21,5.74,7,12,3,2,1,2,0,1,30,1,24.57,1,5,1,1,0
73.72,3.04,10,12,3,0,1,2,0,10,7,3,17.17,1,5,0,0,0
74.66,3.22,9,12,4,4,1,2,0,22,5,3,26.36,1,4,0,0,0
85.47,10.0,2,12,4,2,1,1,0,8,14,2,1.0,1,6,1,0,0
45.21,4.95,8,13,1,2,1,1,1,16,1,3,27.35,1,5,1,1,0
99.65,7.88,4,13,4,3,1,1,0,18,1,3,14.56,1,3,1,0,0
46.05,2.68,10,14,2,1,1,2,0,2,1,3,4.02,1,1,1,1,0
100.0,2.95,10,13,2,0,1,3,0,8,16,3,12.97,1,1,0,0,0
58.38,6.15,6,13,2,5,1,4,0,5,4,2,15.78,1,5,1,0,0
87.19,6.38,6,12,2,1,1,4,0,15,10,1,13.67,0,1,1,0,0
97.35,7.65,3,11,2,1,1,1,0,21,4,1,12.34,1,2,1,0,0
72.9,6.64,6,12,4,2,1,1,0,8,16,1,1.0,1,4,1,0,0
67.36,5.73,6,12,1,1,1,1,0,7,1,3,12.8,1,4,1,1,0
81.82,6.62,5,13,3,4,1,2,0,1,2,2,14.57,1,4,1,0,0
60.07,6.88,6,14,1,3,1,3,1,13,19,3,19.26,1,2,1,0,0
100.0,8.1,4,13,2,0,1,4,0,20,10,2,1.0,1,2,1,0,0
66.36,6.94,3,10,3,0,1,3,0,10,1,2,6.65,1,5,1,1,0
52.73,2.46,10,14,3,0,1,4,0,1,17,1,21.08,0,3,0,1,0
81.69,6.13,4,10,2,6,1,3,0,1,11,2,16.04,1,2,1,1,0
69.88,4.46,6,12,2,4,1,1,0,1,1,2,12.18,1,2,1,1,0
88.48,8.42,3,11,1,2,1,1,0,25,1,2,16.35,1,2,1,0,0
59.57,9.28,2,10,2,4,1,3,0,2,9,3,24.66,1,1,1,1,0
67.12,4.77,7,14,2,0,1,3,1,3,1,1,4.75,1,3,1,0,0
16.59,5.04,6,14,1,5,0,1,0,48,17,1,6.19,1,1,1,0,1
50.55,7.2,5,13,1,3,1,1,0,4,1,1,21.39,1,4,1,0,0
91.35,5.38,5,12,3,0,1,2,0,8,1,1,21.92,1,1,1,0,0
59.38,3.4,8,10,3,2,1,3,1,1,1,1,22.67,1,3,1,1,0
54.78,4.27,5,10,4,1,1,3,0,1,4,1,5.73,1,4,0,1,0
83.26,7.12,3,11,4,1,1,2,0,10,5,1,7.13,0,4,1,0,0
62.7,5.34,7,11,2,3,1,2,1,15,12,1,21.28,1,5,0,1,0
26.31,4.01,9,12,0,6,1,2,1,29,4,1,5.7,1,1,0,1,0
75.59,3.97,6,11,2,2,1,3,1,11,9,2,9.72,1,1,1,0,0
76.24,8.26,3,12,4,0,1,4,0,2,1,2,2.22,1,5,1,0,0
69.23,5.66,7,14,1,0,1,2,1,2,1,2,1.92,1,2,1,0,0
98.81,5.93,6,11,3,3,1,4,0,14,1,1,21.94,1,3,0,0,0
70.09,4.12,9,12,3,2,1,1,0,19,1,2,15.3,0,4,1,1,0
58.32,6.08,6,14,1,4,1,4,0,12,1,2,21.09,1,6,1,0,0
57.04,6.46,4,11,3,0,1,4,0,1,2,2,22.41,1,5,1,0,0
22.21,3.4,10,14,0,3,0,2,0,47,24,1,20.34,1,5,1,0,1
74.01,5.21,5,12,2,2,1,3,0,5,16,2,15.4,1,5,0,0,0
100.0,5.13,6,12,2,2,1,2,0,23,11,3,3.87,1,2,1,0,0
92.33,6.62,4,10,4,0,1,2,0,11,1,2,13.51,1,1,1,0,0
51.11,5.62,5,13,1,1,1,3,0,10,12,1,14.03,0,5,1,1,0
70.46,6.48,3,10,4,3,1,2,0,1,8,1,12.58,1,2,0,1,0
81.6,2.66,10,12,1,0,1,4,0,14,12,2,22.05,1,1,1,1,0
0.0,,8,10,0,4,0,2,0,47,19,3,15.5,1,3,0,1,1
83.02,8.66,3,13,2,2,1,3,0,31,1,2,5.39,1,2,1,0,0
83.99,6.9,3,10,3,0,1,4,0,15,6,3,3.74,1,6,1,0,0
83.39,6.12,6,12,4,2,1,4,0,7,5,1,1.0,1,4,1,1,0
99.29,7.15,3,12,2,2,1,1,0,11,4,1,19.67,0,2,1,0,0
68.07,5.83,6,11,4,1,1,3,0,17,16,3,1.0,1,1,0,1,0
97.02,3.09,10,13,2,2,1,4,0,7,2,2,13.49,1,3,1,1,0
57.27,10.0,2,10,3,0,1,1,0,14,2,1,7.65,1,1,1,0,0
50.88,4.61,6,10,1,3,1,1,0,22,3,2,1.0,1,5,1,1,0
89.38,7.46,2,10,2,3,1,4,0,27,10,2,29.1,1,3,1,0,0
35.15,3.17,8,11,1,5,0,1,0,14,13,1,1.94,0,5,1,0,1
74.49,5.53,5,11,1,4,1,2,0,1,9,1,15.9,1,2,1,0,0
88.86,9.66,2,11,1,3,1,4,0,1,14,1,19.9,1,5,1,0,0
74.54,3.44,7,11,1,1,1,1,0,4,12,3,1.0,1,4,1,1,0
57.45,5.38,7,11,1,2,1,1,0,16,10,2,1.0,1,4,0,0,0
52.41,5.2,6,10,4,0,1,2,1,3,1,2,5.95,1,2,0,0,0
40.69,6.62,5,11,1,0,1,1,0,7,1,1,13.05,1,5,1,0,0
77.83,3.74,6,11,3,0,1,2,0,26,9,1,12.55,0,1,1,0,0
58.05,6.78,4,10,3,3,1,4,0,1,16,3,5.93,0,2,1,1,0
64.42,2.92,10,13,2,5,1,3,1,2,7,1,1.0,1,3,0,0,0
90.48,6.75,6,14,4,3,1,3,0,10,2,3,25.67,1,6,1,0,0
76.7,9.23,0,10,2,4,1,3,0,1,6,1,21.09,1,5,1,0,0
83.94,5.82,5,11,4,0,1,3,0,16,15,3,12.69,1,6,1,0,0
57.74,9.23,2,13,2,2,1,2,1,1,1,3,15.62,1,4,1,0,0
41.66,7.46,3,10,1,2,1,3,0,1,1,1,17.99,1,6,0,0,0
81.08,4.55,6,12,2,4,1,4,1,4,17,1,16.42,0,4,1,0,0
23.16,,7,14,0,5,1,4,1,18,19,2,11.75,1,5,0,0,1
38.57,1.47,9,11,2,7,1,2,0,13,1,1,13.07,1,2,1,1,0
67.6,4.54,8,12,2,4,1,3,0,6,1,1,7.26,1,5,1,0,0
70.33,6.41,4,12,2,2,1,1,1,1,1,1,29.53,1,1,1,0,0
90.14,5.03,7,11,2,6,1,2,1,7,9,1,23.49,1,4,1,0,0
74.55,6.57,5,14,1,5,1,2,0,12,17,1,1.0,1,4,1,1,0
78.92,8.82,1,12,3,2,1,3,0,4,20,1,27.36,1,5,1,0,0
98.75,5.65,6,12,3,1,1,4,0,10,25,2,20.66,1,1,1,1,0
58.69,5.73,5,10,2,0,1,2,0,10,17,2,15.67,1,5,1,1,0
57.56,7.51,5,14,4,3,1,1,0,18,11,3,22.9,1,2,0,0,0
69.96,5.47,7,13,2,5,1,1,0,18,21,2,6.51,1,3,1,0,0
47.22,6.67,5,10,3,0,1,3,0,12,11,1,16.35,1,5,0,0,0
61.72,5.37,6,12,1,3,1,2,0,1,1,3,23.52,1,6,1,0,0
49.9,6.64,4,13,4,0,1,2,0,13,1,2,1.49,1,3,1,1,0
91.99,3.17,6,10,4,3,1,4,0,4,3,3,20.21,1,4,1,0,0
72.08,5.5,7,14,1,1,1,2,0,1,15,2,35.12,1,6,1,0,0
61.45,6.29,5,13,3,2,1,2,0,17,10,2,15.76,1,3,1,1,0
84.08,4.53,6,11,3,4,1,3,0,9,18,3,20.22,1,2,1,0,0
64.48,1.9,9,12,3,1,1,4,1,21,5,3,2.09,1,6,1,1,0
69.02,5.61,5,11,4,0,1,4,0,1,2,1,19.0,0,1,1,0,0
100.0,5.42,7,14,2,1,1,3,1,16,4,2,12.9,1,2,1,0,0
71.44,3.47,7,11,4,3,1,3,0,1,19,1,10.99,0,2,1,1,0
90.51,5.13,6,13,1,2,1,1,1,13,3,2,1.0,0,5,1,0,0
50.5,4.84,7,14,4,2,1,1,1,1,1,2,1.0,1,4,1,1,0
77.94,5.55,4,11,4,1,1,3,0,15,4,1,6.59,1,1,1,0,0
0.0,,9,10,0,1,0,1,1,50,45,1,8.82,1,5,1,1,1
71.22,2.14,10,14,1,0,1,1,0,3,14,1,20.18,1,4,1,1,0
65.59,6.86,4,12,2,2,1,3,1,1,9,3,3.99,1,2,1,0,0
66.84,7.52,5,14,4,0,1,2,0,5,11,1,13.11,1,6,0,0,0
33.96,4.42,6,10,2,5,1,4,0,34,2,3,3.97,1,6,0,0,0
66.17,9.42,2,10,4,2,1,1,0,25,13,3,14.88,1,2,1,0,0
67.99,5.83,6,13,4,0,1,4,0,7,1,3,16.42,0,1,1,1,0
64.55,4.64,5,11,1,3,1,2,1,12,19,3,32.52,0,4,1,1,0
99.6,6.84,3,11,1,0,1,2,0,21,3,1,16.99,1,1,1,0,0
84.12,4.69,6,13,4,5,1,3,0,10,14,1,21.02,1,4,1,0,0
68.94,7.78,4,13,2,2,1,3,1,8,9,3,13.44,1,1,1,0,0
80.27,6.46,3,11,3,4,1,1,0,27,3,1,13.47,1,2,1,0,0
34.06,6.73,5,11,2,1,0,2,0,1,4,1,10.49,1,5,1,0,1
75.85,6.67,4,11,2,2,1,3,0,1,2,1,24.8,1,5,1,0,0
100.0,7.51,4,11,3,5,1,2,0,1,6,1,19.18,1,1,1,0,0
84.36,5.11,7,13,2,2,1,3,0,16,11,1,26.59,1,3,1,0,0
64.89,1.83,9,11,4,2,1,3,0,11,4,2,15.02,1,2,0,0,0
52.31,5.65,7,13,3,5,1,4,0,1,1,2,25.82,1,4,0,1,0
51.83,5.63,5,12,3,1,1,1,0,18,1,2,19.06,1,5,1,0,0
68.39,5.4,6,12,4,3,1,3,1,9,5,1,23.76,1,5,1,1,0
60.73,6.42,5,11,4,1,1,2,0,10,1,3,11.53,1,4,1,0,0
58.0,5.3,4,10,2,1,1,1,1,1,1,2,5.24,1,3,1,0,0
99.84,8.94,2,13,3,0,1,1,0,1,17,2,12.92,1,2,1,0,0
74.0,7.66,4,14,1,6,1,1,0,1,1,2,21.03,1,3,1,0,0
76.85,9.72,0,11,2,0,1,4,0,9,19,3,1.0,1,5,1,0,0
30.53,2.97,10,13,1,4,1,4,1,23,5,1,4.47,1,3,1,1,0
59.57,4.14,6,11,4,0,1,1,0,12,2,1,24.08,1,5,1,1,0
28.67,0.07,10,12,2,3,0,2,0,54,1,2,3.33,0,1,1,0,1
85.24,10.0,2,13,4,3,1,4,0,42,11,1,5.7,0,2,1,0,0
30.22,3.64,7,11,1,3,0,3,0,27,20,3,1.0,1,4,1,0,1
92.37,5.5,7,14,1,2,1,4,0,25,6,2,16.17,0,2,1,0,0
73.22,7.19,3,14,1,3,1,3,0,11,4,1,2.17,1,3,1,1,0
64.84,6.72,4,10,4,0,1,3,0,7,11,3,14.62,0,3,1,0,0
67.04,6.03,5,12,1,2,1,1,0,18,8,1,25.15,1,5,1,0,0
63.46,6.34,5,11,1,0,1,2,0,14,5,3,13.1,0,3,1,1,0
86.62,3.56,9,14,3,0,1,2,1,1,1,1,17.95,1,3,1,0,0
48.91,6.12,4,10,4,1,1,4,1,7,10,3,13.91,1,3,1,0,0
63.61,8.85,3,13,1,3,1,2,1,7,4,2,36.81,0,6,1,0,0
56.55,4.49,5,10,4,5,1,4,0,9,1,2,6.78,1,5,1,1,0
100.0,5.99,5,13,1,1,1,3,0,1,1,1,21.23,1,4,1,0,0
70.76,5.22,7,14,1,0,1,4,0,5,4,2,3.12,1,5,1,1,0
85.42,4.99,6,12,2,0,1,4,1,1,18,2,19.4,1,2,1,0,0
92.28,7.13,5,12,1,0,1,3,1,21,10,2,6.78,1,1,1,0,0
66.33,7.77,4,11,1,3,1,3,0,22,2,1,3.38,1,2,1,0,0
55.2,5.89,5,12,2,0,1,1,0,22,1,3,8.86,1,5,1,1,0
71.31,6.13,5,13,3,0,1,2,0,2,1,1,3.89,1,3,1,1,0
37.91,4.76,7,11,4,1,1,4,0,9,13,1,33.5,1,5,0,1,0
56.93,4.39,7,10,1,0,1,3,0,20,1,1,11.48,1,4,1,1,0
88.7,5.02,5,10,1,0,1,1,0,16,1,1,10.89,1,1,1,0,0
68.85,9.89,0,13,3,0,1,1,0,1,8,2,7.66,1,6,1,0,0
88.39,5.42,6,10,4,5,1,4,0,4,11,1,15.45,0,1,1,0,0
70.7,8.56,1,12,4,0,1,4,0,4,1,3,5.32,1,4,1,0,0
61.58,3.26,8,11,2,1,1,2,1,9,3,3,11.0,1,3,1,0,0
54.58,5.58,4,11,2,2,1,1,0,16,13,2,1.0,1,6,1,1,0
65.68,4.59,7,13,2,6,1,1,0,20,2,2,30.19,1,4,1,1,0
59.01,3.32,6,10,1,1,1,4,0,21,1,3,9.64,1,6,0,1,0
54.65,5.52,6,12,2,5,1,3,1,1,9,3,4.12,1,3,1,1,0
58.95,7.85,3,12,2,0,1,1,0,1,3,3,33.43,1,5,1,0,0
76.15,6.93,5,14,2,0,1,4,0,11,1,2,18.94,1,4,1,0,0
70.87,4.74,7,13,2,3,1,3,0,23,1,1,16.42,1,4,0,1,0
49.02,5.27,8,13,2,0,1,2,1,1,8,2,19.64,1,5,1,0,0
79.33,4.81,5,10,4,6,1,3,0,1,1,3,19.23,1,1,1,0,0
82.83,8.25,1,11,3,1,1,4,0,8,4,1,17.77,1,3,1,0,0
62.77,7.17,4,12,2,0,1,2,0,29,11,2,22.58,1,2,0,0,0
63.31,3.74,8,10,1,2,1,1,0,11,19,3,16.38,1,1,0,0,0
79.8,3.76,8,14,3,4,1,2,0,5,22,3,24.15,1,1,1,1,0
88.51,7.54,5,14,2,0,1,1,0,1,1,3,1.0,1,5,0,0,0
62.68,5.22,6,11,1,0,1,4,1,11,18,1,15.11,1,4,1,0,0
75.04,2.37,10,14,4,0,1,3,0,14,4,3,26.2,1,2,0,0,0
82.81,4.8,5,11,3,1,1,1,0,6,14,1,13.38,1,1,1,0,0
18.38,2.4,10,11,1,6,0,3,0,45,27,1,1.0,1,1,1,0,1
66.48,3.94,8,13,2,1,1,3,0,23,3,3,3.68,1,5,1,1,0
88.92,8.24,3,13,4,1,1,2,0,8,19,3,19.16,1,1,1,0,0
46.1,5.65,4,10,3,4,1,4,0,10,3,3,19.99,1,5,0,1,0
85.83,3.99,10,14,4,5,1,1,0,19,10,3,30.04,1,4,1,1,0
66.49,6.33,6,11,2,1,1,1,1,6,10,2,1.0,1,3,1,0,0
84.59,7.02,5,14,3,1,1,4,0,15,11,2,21.94,1,3,1,0,0
72.99,3.88,9,14,2,1,1,1,0,5,4,2,18.88,1,5,1,0,0
63.1,5.03,7,13,1,3,1,4,1,25,3,3,35.43,1,4,0,0,0
82.17,9.3,0,12,4,1,1,4,0,1,12,1,20.41,0,3,1,0,0
90.43,5.45,4,10,3,1,1,2,0,20,7,2,16.59,1,6,1,0,0
73.62,5.33,6,13,3,3,1,2,0,13,2,3,15.8,1,4,0,1,0
49.46,2.63,7,10,3,0,1,4,1,8,13,3,27.08,1,2,1,1,0
67.67,6.41,3,11,3,2,1,2,0,16,1,1,1.0,1,6,0,0,0
93.36,5.13,4,10,2,0,1,4,0,11,2,3,17.93,1,4,1,1,0
63.93,3.22,8,11,4,0,1,4,0,8,16,2,3.5,0,6,0,0,0
75.82,5.98,6,10,4,0,1,3,0,10,9,2,28.86,1,3,1,0,0
100.0,7.51,4,10,3,0,1,4,0,11,1,3,8.65,1,4,0,0,0
69.56,5.2,7,12,3,2,1,1,0,1,3,2,12.27,0,2,1,0,0
70.68,7.71,4,12,2,1,1,2,0,6,4,2,20.25,1,3,1,0,0
76.79,3.62,9,13,2,1,1,2,0,15,17,2,29.63,1,4,0,0,0
13.14,4.7,8,12,1,4,0,1,0,41,28,3,25.34,1,6,1,0,1
41.29,2.57,9,12,2,0,1,2,0,13,4,3,2.65,1,5,0,1,0
88.29,5.1,5,12,3,4,1,3,0,8,1,3,26.64,1,6,1,0,0
87.77,3.68,8,13,1,1,1,3,1,14,8,1,5.16,1,1,1,0,0
52.62,8.29,2,13,2,3,1,3,0,20,1,2,17.57,1,4,1,0,0
69.19,5.36,5,10,1,2,1,2,0,3,20,2,5.51,1,5,0,0,0
58.03,5.32,6,12,1,0,1,1,0,14,7,3,1.0,1,6,1,0,0
97.94,8.68,2,14,4,0,1,2,0,3,3,1,4.73,0,2,1,0,0
60.47,7.63,2,10,1,3,1,2,0,26,21,3,6.2,1,6,1,0,0
99.21,5.34,7,11,3,1,1,4,1,12,12,3,28.63,1,4,1,0,0
78.1,4.23,8,11,4,0,1,2,1,24,8,3,13.03,1,3,1,0,0
58.6,4.48,9,14,1,2,1,1,0,1,15,3,14.96,1,4,0,0,0
49.18,4.69,7,11,3,2,1,4,1,24,1,3,11.46,1,3,0,0,0
52.55,4.69,5,11,4,3,1,4,0,18,11,2,15.75,1,4,1,1,0
52.79,6.16,6,13,3,0,1,2,0,1,15,2,3.42,1,4,1,1,0
62.27,2.89,9,13,4,4,1,1,1,5,1,3,21.71,1,1,1,0,0
50.9,5.11,7,11,1,1,1,3,1,11,1,1,7.72,1,2,1,0,0
94.04,4.56,7,11,2,4,1,4,0,5,1,2,1.0,1,6,1,1,0
56.56,5.59,7,12,1,6,1,3,0,24,7,1,14.46,1,2,0,0,0
61.38,7.58,2,12,3,3,1,2,0,7,1,3,23.24,1,4,1,1,0
90.19,5.62,6,13,4,0,1,2,0,5,1,3,13.65,1,3,1,1,0
78.98,5.36,5,11,3,3,1,2,1,8,7,3,5.32,1,6,1,0,0
47.05,7.17,4,14,2,0,1,4,0,14,13,1,1.0,1,1,1,0,0
61.42,7.43,3,14,4,0,1,4,1,11,4,2,29.75,1,6,1,1,0
72.48,7.14,4,14,2,1,1,1,0,1,4,3,1.0,1,4,1,1,0
77.53,7.66,3,14,4,0,1,3,0,1,9,2,4.94,1,2,1,0,0
91.35,4.73,6,13,4,2,1,4,0,1,1,3,15.09,1,2,1,0,0
57.74,3.84,8,12,1,0,1,3,0,10,18,1,16.55,1,2,0,0,0
62.34,6.96,5,14,2,0,1,1,0,2,11,1,5.47,1,5,1,1,0
100.0,8.26,3,13,4,2,1,1,0,15,11,1,19.97,1,5,1,0,0
60.77,3.76,10,13,4,0,1,3,1,15,3,2,12.13,1,3,0,1,0
54.47,5.08,4,10,1,0,1,2,0,2,3,3,10.36,1,5,1,0,0
66.03,6.5,5,12,2,3,1,1,0,19,2,1,17.04,1,2,0,1,0
64.3,6.54,3,11,3,4,1,1,1,13,15,3,12.41,1,2,1,1,0
80.32,5.22,6,11,4,2,1,1,0,23,1,1,21.0,1,1,1,1,0
93.73,6.87,4,14,4,0,1,4,0,7,1,3,1.0,1,2,1,0,0
61.04,6.56,4,12,1,2,1,1,0,13,16,2,23.83,1,1,1,0,0
38.83,3.55,8,11,4,4,1,1,1,15,5,3,3.82,1,1,1,1,0
74.11,5.74,4,10,3,0,1,1,0,26,12,3,1.0,1,5,1,0,0
87.74,7.28,4,14,2,0,1,3,0,1,3,2,26.92,1,4,0,0,0
58.2,3.62,8,10,4,2,1,4,1,1,4,1,5.52,1,4,1,1,0
51.33,6.81,4,14,4,0,1,1,0,7,1,2,7.12,1,4,1,0,0
74.74,6.72,3,10,3,0,1,2,0,7,8,1,11.36,1,4,1,1,0
30.06,3.02,9,12,3,6,1,2,0,12,3,2,23.73,1,1,1,0,0
52.86,2.5,9,10,4,0,1,3,0,1,7,1,24.22,1,4,0,1,0
62.93,4.94,6,11,4,3,1,3,1,1,1,2,1.0,1,4,1,1,0
78.75,7.0,3,10,4,3,1,4,0,23,21,3,1.0,1,5,1,0,0
95.5,5.32,8,13,2,5,1,2,0,4,1,3,34.08,1,6,1,1,0
73.88,4.94,6,11,1,4,1,1,0,19,6,2,5.78,0,6,1,0,0
75.03,7.24,3,14,2,6,1,1,0,22,10,3,10.25,1,6,0,1,0
49.87,4.04,8,14,1,4,1,4,1,1,23,3,4.59,1,1,1,1,0
100.0,6.19,7,14,4,0,1,3,0,2,1,3,17.96,1,3,1,0,0
79.23,5.5,5,10,2,0,1,1,0,16,3,1,32.45,1,2,1,0,0
63.38,5.45,8,14,1,5,1,1,0,1,1,1,22.29,1,6,0,0,0
58.17,8.37,2,13,3,0,1,1,0,34,5,2,1.0,0,6,1,0,0
36.87,2.62,10,11,4,4,1,1,1,1,22,2,16.53,1,3,0,0,0
62.84,4.07,10,14,2,0,1,1,0,16,15,2,20.28,1,1,0,1,0
92.03,5.84,5,10,4,0,1,4,0,11,23,2,16.18,1,1,1,0,0
53.88,5.1,6,13,2,5,1,2,0,14,1,1,7.94,1,6,1,1,0
68.02,5.46,6,14,3,3,1,2,0,21,1,2,21.38,1,1,1,0,0
90.31,5.8,7,12,2,0,1,4,0,2,10,1,24.03,1,5,1,0,0
59.76,3.69,10,14,2,3,1,2,0,12,7,1,17.6,1,3,0,0,0
50.21,8.15,4,12,2,0,1,1,0,12,1,3,8.44,1,1,1,0,0
85.43,4.22,7,10,2,5,1,2,0,10,12,3,17.25,1,4,1,0,0
84.4,3.77,8,12,3,0,1,1,0,18,5,1,27.9,1,5,1,1,0
100.0,6.18,4,10,2,1,1,4,0,3,1,3,9.5,1,1,1,0,0
79.93,7.17,5,12,3,0,1,4,0,18,13,1,8.59,1,6,1,0,0
94.56,5.04,7,13,1,2,1,2,0,13,8,2,1.0,1,2,0,1,0
68.41,5.77,6,14,2,0,1,2,0,9,16,2,16.3,1,2,1,1,0
59.94,6.51,4,11,1,4,1,2,0,1,1,3,16.83,1,3,1,1,0
71.48,6.55,4,10,2,0,1,2,1,14,6,1,13.11,1,5,1,0,0
64.33,6.55,5,12,3,0,1,2,0,21,4,2,22.17,0,1,1,0,0
89.41,5.34,5,12,2,2,1,3,0,15,1,1,5.06,0,1,1,0,0
86.52,9.2,1,10,4,2,1,4,0,1,2,2,13.67,0,1,1,0,0
100.0,5.9,5,11,1,3,1,1,0,1,1,2,20.76,1,5,1,0,0
59.01,8.32,2,14,1,0,1,4,0,19,2,1,10.77,1,6,1,0,0
64.65,5.64,6,11,3,3,1,2,0,20,1,1,17.45,1,3,1,1,0
75.3,4.98,7,14,4,2,1,2,1,12,2,3,14.5,1,6,1,0,0
77.79,7.5,5,14,2,2,1,1,0,10,1,3,22.02,1,1,1,0,0
80.0,6.2,4,10,3,3,1,4,0,1,3,3,1.0,1,2,1,0,0
72.62,6.61,4,11,2,0,1,2,0,15,1,2,4.7,1,6,1,0,0
73.87,5.4,7,14,1,0,1,3,0,2,11,2,29.68,0,3,1,0,0
94.41,6.86,3,12,3,2,1,4,0,1,1,2,1.0,1,2,1,0,0
69.38,6.54,5,14,3,2,1,4,0,18,9,3,16.49,1,5,0,1,0
91.37,6.25,4,12,3,0,1,3,0,21,1,3,17.04,1,4,0,0,0
79.15,6.9,3,10,2,1,1,3,0,1,5,2,15.15,1,5,1,0,0
72.09,7.38,5,13,4,2,1,4,0,9,7,2,14.01,0,6,0,0,0
65.63,8.43,2,10,4,2,1,1,0,16,8,1,1.0,1,1,1,0,0
54.5,7.16,3,13,3,2,1,3,0,17,1,2,10.33,0,2,1,0,0
78.55,5.62,6,10,4,1,1,1,0,1,5,2,8.76,1,1,1,0,0
76.6,8.04,4,12,2,5,1,4,0,19,4,3,20.55,1,3,1,0,0
66.02,4.43,8,13,3,3,1,2,1,13,12,2,18.14,1,1,0,0,0
64.6,5.34,5,10,4,1,1,2,1,18,6,2,13.66,1,2,1,0,0
64.95,5.2,7,14,2,4,1,4,1,18,8,2,10.5,1,6,0,0,0
63.27,5.46,6,11,4,0,1,3,0,23,1,3,17.71,0,1,1,0,0
43.68,6.38,6,14,3,0,1,2,0,2,10,1,10.66,1,2,0,0,0
36.91,1.55,10,14,4,2,1,2,1,4,8,1,1.0,1,5,0,0,0
88.99,8.44,3,13,4,0,1,4,0,15,12,2,8.42,0,6,1,0,0
43.58,8.06,3,11,4,0,1,3,0,41,4,3,21.96,0,6,1,0,0
99.86,6.29,4,11,2,0,1,1,0,9,1,3,11.62,1,6,1,0,0
19.31,4.29,6,11,1,7,0,3,1,47,14,2,1.0,1,6,1,0,1
81.33,6.37,4,11,4,5,1,4,0,34,1,3,23.04,1,2,1,0,0
42.3,3.18,9,13,4,1,1,4,1,12,5,2,9.2,0,5,0,0,0
61.69,5.24,7,11,3,5,1,3,0,2,1,1,12.82,1,6,0,0,0
63.03,8.1,3,13,4,1,1,4,0,17,4,3,19.0,1,2,0,0,0
58.68,5.42,5,12,4,0,1,3,1,15,8,3,5.62,1,4,1,0,0
66.24,5.13,6,10,2,1,1,1,1,16,4,1,12.99,1,2,1,1,0
66.99,5.97,6,12,4,3,1,2,1,10,27,1,16.38,1,3,1,0,0
76.06,8.08,2,12,4,1,1,3,0,22,3,1,2.4,0,3,1,0,0
69.48,3.91,7,10,1,1,1,4,0,1,10,1,1.0,0,6,1,1,0
100.0,7.41,3,13,3,4,1,1,0,1,6,3,20.51,1,3,1,1,0
75.24,6.82,4,14,1,2,1,3,0,23,13,3,8.96,1,1,1,0,0
66.36,5.17,7,13,3,1,1,4,0,22,16,1,10.57,1,3,1,0,0
71.51,5.38,7,14,4,0,1,4,0,10,13,3,24.37,1,6,1,0,0
61.06,4.8,6,11,3,5,1,4,0,1,2,2,21.25,1,1,0,0,0
26.21,,7,10,0,2,0,4,0,38,13,2,10.01,1,6,1,1,1
45.15,5.5,4,11,4,4,1,1,0,7,11,2,1.0,1,5,0,0,0
77.5,6.61,5,12,4,1,1,2,1,1,6,1,17.51,1,3,1,0,0
65.6,9.12,2,13,3,0,1,3,0,1,10,1,24.22,1,2,1,0,0
72.65,6.52,5,11,2,1,1,4,0,1,1,3,1.0,0,6,1,0,0
34.59,2.49,10,12,4,4,1,3,0,1,7,1,14.02,1,4,0,1,0
95.6,7.89,4,12,2,0,1,3,0,13,5,1,9.75,1,1,1,0,0
76.98,3.39,10,14,2,5,1,3,0,1,2,3,2.63,1,3,1,0,0
85.79,4.77,9,14,1,2,1,3,1,10,10,3,18.5,1,5,1,0,0
81.97,4.98,8,12,3,0,1,1,0,17,3,2,17.23,0,4,1,1,0
88.24,4.55,8,12,2,0,1,1,0,26,8,3,22.42,0,1,1,1,0
41.06,5.2,6,13,3,2,1,3,0,6,4,1,13.38,0,1,0,0,0
15.77,3.6,7,11,1,1,1,2,0,36,29,1,1.0,1,5,0,1,0
57.79,5.79,4,10,4,2,1,2,1,4,15,1,23.81,0,3,1,0,0
66.56,3.37,6,10,2,4,1,1,0,17,11,2,1.0,0,3,0,0,0
93.76,9.29,2,12,4,1,1,3,0,1,10,3,9.44,1,1,1,0,0
69.16,5.59,6,12,3,1,1,1,0,6,20,3,6.6,1,6,0,0,0
48.01,4.77,6,12,3,0,1,1,1,3,3,2,32.99,0,5,1,0,0
54.55,6.45,6,13,1,1,1,4,1,11,10,3,9.59,1,4,1,0,0
56.77,1.96,10,11,2,1,1,3,1,12,3,1,1.0,1,6,0,0,0
59.99,8.17,3,10,2,0,1,4,1,10,8,2,19.75,1,2,1,0,0
29.59,,9,12,0,1,0,1,0,41,10,1,1.0,1,4,1,0,1
76.67,4.6,7,13,3,2,1,2,0,4,1,3,27.08,0,6,1,0,0
47.87,2.77,10,12,4,3,1,3,1,15,5,3,1.05,1,6,1,1,0
70.32,3.91,7,10,3,2,1,3,1,6,13,1,3.6,0,2,1,0,0
52.33,6.13,6,11,1,0,1,4,0,1,22,1,1.0,0,6,0,0,0
62.57,5.29,5,10,3,5,1,3,1,17,1,2,1.0,0,2,1,0,0
81.21,6.69,4,14,1,3,1,3,0,32,11,1,7.99,0,3,1,0,0
91.49,5.91,4,11,3,0,1,1,0,6,1,2,9.19,1,6,1,0,0
76.11,6.89,5,13,4,1,1,4,0,21,11,3,1.41,1,4,1,0,0
0.0,1.87,10,11,0,1,0,1,0,27,35,1,16.65,1,6,1,0,1
70.75,7.94,2,13,3,3,1,1,0,26,15,1,1.0,1,5,1,0,0
73.94,6.44,5,11,3,2,1,2,0,13,10,3,39.01,1,5,1,1,0
70.86,7.69,2,12,1,3,1,3,0,19,2,2,15.64,1,5,1,0,0
100.0,6.82,5,10,2,3,1,3,0,1,2,3,13.79,1,4,1,0,0
91.29,6.96,6,14,4,1,1,4,0,3,1,2,17.43,1,5,1,0,0
71.59,6.54,5,11,2,1,1,2,0,6,5,3,9.97,1,6,1,0,0
63.95,8.89,2,10,2,2,1,3,1,18,7,2,6.49,1,3,1,0,0
100.0,7.39,3,14,4,3,1,4,0,14,13,2,17.36,0,6,1,0,0
63.47,6.24,4,12,4,0,1,1,0,13,1,1,15.57,1,3,1,0,0
77.01,5.59,8,14,3,1,1,2,0,14,8,3,21.2,1,6,1,0,0
88.02,5.41,7,12,1,4,1,4,0,1,1,3,24.15,1,6,1,0,0
58.13,7.12,6,14,1,4,1,4,0,13,20,2,21.99,1,6,1,0,0
66.35,6.66,4,12,4,3,1,4,0,8,6,2,16.09,1,3,1,0,0
27.96,4.76,7,14,1,3,1,1,0,22,1,2,14.83,1,5,1,0,0
49.62,3.82,7,11,2,0,1,2,0,16,11,1,12.0,1,6,1,1,0
98.88,5.41,6,13,2,3,1,4,0,26,10,3,7.48,1,5,1,0,0
68.49,5.56,5,12,1,2,1,2,0,1,6,1,1.0,1,1,1,0,0
62.55,5.28,7,12,2,1,1,4,0,1,14,2,17.63,1,4,0,1,0
10.33,0.0,10,11,2,2,0,4,0,36,29,2,11.77,1,1,1,0,1
77.06,5.57,6,10,2,0,1,3,0,24,1,3,27.1,1,4,1,0,0
76.31,7.45,4,14,2,2,1,4,0,5,5,2,38.48,1,1,1,0,0
78.81,5.11,6,12,1,0,1,2,0,5,1,3,12.4,1,2,1,1,0
81.75,7.77,3,11,1,0,1,2,1,3,1,2,1.0,1,2,1,0,0
62.71,5.96,5,10,4,1,1,1,0,1,9,2,23.53,1,3,1,0,0
59.63,4.82,7,13,1,3,1,3,1,17,18,2,9.58,1,1,1,0,0
85.86,5.91,4,12,2,0,1,1,0,1,1,2,6.83,1,5,1,0,0
60.71,4.46,8,14,3,1,1,3,0,17,2,2,4.31,1,5,1,1,0
65.99,5.65,6,12,3,3,1,3,0,1,6,3,1.0,1,1,1,0,0
63.87,6.15,5,13,4,0,1,3,0,28,1,2,1.0,1,5,1,0,0
77.21,2.16,10,13,1,2,1,2,1,11,7,2,23.57,1,5,1,1,0
97.24,6.97,3,10,1,3,1,3,0,16,1,3,1.0,1,1,1,0,0
55.18,3.38,9,12,1,3,1,4,0,18,13,1,12.95,0,2,1,1,0
91.72,7.77,3,12,2,1,1,4,0,3,11,2,12.18,1,1,1,0,0
62.27,5.12,5,11,3,0,1,2,0,26,5,3,13.27,1,6,1,0,0
71.3,5.76,7,13,3,2,1,3,0,1,20,2,11.03,1,5,0,0,0
72.29,6.49,3,10,3,3,1,4,0,8,14,1,7.66,1,5,1,0,0
70.93,4.05,6,10,3,1,1,1,0,1,15,2,8.85,1,1,0,0,0
66.69,8.59,2,14,4,0,1,2,0,17,3,2,13.69,1,6,1,0,0
60.36,6.27,5,13,2,4,1,3,0,14,5,3,5.46,1,6,1,0,0
78.8,3.71,7,10,1,0,1,3,1,2,6,3,11.18,1,1,1,0,0
99.22,6.03,7,14,4,1,1,3,0,11,19,3,27.39,1,4,1,1,0
86.56,6.06,7,13,1,0,1,2,0,3,9,1,21.36,1,3,1,0,0
88.42,6.13,6,13,4,3,1,2,0,28,9,2,20.5,1,5,1,0,0
49.57,5.43,5,10,4,3,0,1,0,9,4,2,1.0,1,3,1,0,1
83.64,5.91,4,10,3,5,1,1,0,15,10,1,20.72,0,2,1,1,0
40.89,5.13,6,14,3,0,1,4,1,4,1,2,22.83,1,6,0,0,0
99.84,6.52,5,10,4,3,1,3,0,1,4,3,28.09,1,4,1,0,0
0.0,0.32,10,13,0,3,0,4,1,22,27,1,16.28,1,6,0,0,1
63.82,5.7,7,14,4,2,1,1,0,1,28,1,1.02,1,2,0,0,0
83.91,4.89,5,11,2,3,1,2,0,8,1,1,31.44,1,1,1,0,0
85.51,6.37,7,14,4,4,1,2,0,21,4,2,28.63,1,1,1,0,0
99.52,6.92,5,13,3,1,1,2,0,1,5,1,15.88,1,3,1,0,0
80.31,4.81,5,10,3,0,1,4,0,20,19,2,15.58,1,1,0,0,0
100.0,7.54,3,14,1,2,1,4,0,5,11,3,12.07,1,6,1,0,0
58.15,5.11,6,12,1,4,1,2,0,1,1,1,10.97,1,4,1,1,0
62.21,7.54,2,10,1,4,1,2,1,1,11,2,18.06,1,3,1,0,0
57.87,8.18,3,13,3,0,1,1,0,6,21,3,11.44,1,4,1,0,0
77.45,6.65,5,13,2,0,1,2,0,2,1,3,4.16,1,5,1,0,0
56.68,4.17,6,11,4,1,1,4,1,8,5,1,1.0,1,6,1,0,0
84.67,7.88,3,14,1,0,1,2,0,1,3,1,19.16,1,3,1,0,0
77.34,0.19,10,14,3,1,1,4,0,1,4,2,11.93,1,4,0,1,0
42.76,5.23,7,13,1,4,1,1,0,29,8,3,1.0,0,2,1,0,0
53.56,7.0,5,14,1,3,1,1,0,1,20,1,15.01,1,6,1,0,0
80.61,6.66,5,14,2,0,1,4,0,10,8,1,11.53,1,5,1,0,0
62.1,2.28,9,11,4,4,1,2,1,11,1,2,8.93,1,2,0,0,0
70.77,3.43,8,12,4,1,1,1,1,1,1,1,5.35,0,1,1,1,0
91.41,6.31,6,11,3,0,1,1,0,11,20,1,22.56,1,2,1,1,0
57.36,9.71,1,12,3,4,1,2,0,12,1,3,4.58,1,3,1,0,0
68.09,5.54,6,14,2,0,1,2,1,12,12,1,4.82,1,1,1,0,0
71.93,5.34,6,11,1,3,1,4,0,22,9,1,8.13,1,5,1,0,0
93.36,7.7,4,14,4,0,1,1,0,35,3,3,10.88,1,3,1,0,0
70.44,5.04,7,12,4,3,1,2,1,8,25,3,1.0,1,1,1,0,0
78.48,1.93,10,13,4,1,1,4,0,21,1,3,12.17,1,1,1,1,0
72.86,4.22,6,11,4,0,1,4,1,30,2,1,13.98,1,6,1,0,0
67.19,6.0,5,12,4,2,1,3,0,4,12,2,2.98,1,6,0,0,0
42.77,4.34,9,13,3,2,1,2,1,1,7,1,17.04,1,5,0,0,0
73.79,3.19,7,10,4,0,1,3,0,8,6,3,12.5,1,2,0,0,0
56.96,5.62,7,14,4,2,1,4,0,18,1,2,19.46,1,1,0,0,0
93.51,8.29,1,11,4,5,1,4,0,16,1,3,7.18,1,2,1,0,0
71.55,4.19,10,14,1,0,1,3,0,1,1,3,8.45,1,2,0,0,0
57.62,5.34,6,13,2,3,1,2,0,2,5,3,18.82,1,6,1,0,0
100.0,5.57,6,13,4,2,1,3,0,21,7,2,15.27,1,4,1,0,0
60.3,4.93,7,13,2,3,1,2,0,17,1,3,9.12,1,4,0,0,0
56.9,6.26,4,12,2,0,1,2,0,8,1,3,15.18,1,4,0,1,0
68.2,4.14,7,12,2,4,1,2,1,1,6,1,1.0,1,6,1,0,0
42.19,6.89,4,12,2,3,1,4,0,1,1,1,13.4,1,5,0,1,0
58.15,6.49,5,11,3,0,1,1,0,19,1,2,5.55,0,4,0,0,0
83.37,4.13,9,14,2,1,1,1,0,18,10,1,13.57,1,3,1,1,0
67.26,5.33,8,14,3,0,1,3,0,23,1,2,1.0,1,3,1,0,0
51.06,8.86,1,12,1,5,1,3,0,16,6,2,16.33,0,6,1,0,0
29.7,2.41,9,11,1,5,0,1,0,38,1,2,18.16,1,4,1,0,1
76.35,8.72,3,10,4,3,1,2,0,1,13,1,21.9,0,5,1,0,0
63.61,6.47,5,10,1,2,1,3,0,20,7,3,10.79,0,4,1,1,0
59.1,5.04,8,14,4,3,1,4,0,9,13,1,19.37,1,2,1,1,0
55.52,6.76,5,14,3,2,1,4,0,23,3,1,11.84,1,2,0,1,0
56.68,3.61,6,10,4,1,1,2,1,9,4,1,3.96,1,1,1,0,0
88.79,9.07,2,14,2,1,1,3,0,23,1,2,2.25,1,1,1,0,0
65.37,4.09,7,10,1,0,1,4,1,5,5,2,19.24,1,6,1,1,0
67.71,3.89,7,10,1,0,1,4,0,1,10,2,23.93,1,2,1,1,0
62.05,6.04,6,14,4,1,1,3,0,1,10,2,8.85,1,2,1,0,0
73.48,3.29,9,14,3,2,1,2,1,2,17,1,18.42,1,3,1,0,0
60.61,5.01,8,13,2,0,1,1,0,1,14,2,20.87,1,5,1,0,0
70.52,4.7,7,13,2,1,1,1,1,1,19,2,14.56,1,2,1,0,0
89.38,7.74,2,12,1,3,1,1,0,29,1,3,10.63,1,1,1,0,0
83.81,9.12,1,12,2,0,1,2,0,19,1,1,1.0,1,5,1,0,0
76.07,6.45,5,14,2,4,1,1,0,29,3,2,9.0,1,2,1,0,0
54.32,6.61,6,12,1,5,1,3,0,5,16,2,19.38,1,5,1,0,0
48.33,3.3,9,14,3,10,1,1,1,10,1,2,22.19,1,1,0,0,0
80.92,6.95,5,12,2,5,1,4,0,3,18,1,30.33,0,3,0,0,0
31.81,1.28,8,10,2,5,1,4,1,1,1,3,6.33,1,5,1,1,0
100.0,9.43,0,12,3,4,1,3,0,29,5,1,7.49,1,2,1,0,0
37.86,3.61,8,12,4,3,1,3,0,7,1,2,12.63,1,2,0,0,0
79.86,5.04,8,14,2,2,1,1,0,1,9,1,21.57,1,1,1,1,0
45.63,4.93,7,10,4,3,1,1,0,7,5,3,4.8,1,5,1,1,0
71.67,5.76,5,13,4,2,1,3,0,2,14,1,31.76,1,2,1,0,0
66.88,6.84,3,10,2,1,1,4,0,21,19,3,18.42,1,3,0,0,0
32.69,5.86,6,10,1,3,1,2,0,2,1,2,3.73,0,6,0,1,0
56.34,7.33,3,10,3,3,1,4,0,15,7,2,1.0,1,4,1,1,0
59.89,7.48,3,14,2,1,1,2,0,23,4,2,2.32,1,3,1,1,0
55.45,5.6,7,12,2,3,1,4,0,1,1,3,1.0,1,5,0,0,0
67.74,5.5,6,14,2,0,1,2,0,4,1,1,25.82,1,3,0,0,0
97.82,5.06,4,10,3,2,1,2,0,21,2,1,10.5,1,4,1,0,0
40.87,2.89,9,13,4,3,1,3,1,1,5,2,18.65,1,3,0,1,0
88.51,4.61,6,12,1,0,1,2,0,1,9,1,7.71,1,3,1,1,0
88.03,6.52,5,12,4,1,1,2,0,6,18,3,23.6,1,4,1,1,0
86.68,6.89,4,14,2,2,1,3,0,1,20,1,3.44,1,3,1,0,0
81.69,4.94,5,11,1,3,1,1,0,15,11,2,21.12,1,5,1,1,0
57.97,2.94,10,13,2,2,1,1,0,1,10,1,7.53,1,2,0,0,0
98.28,5.73,5,13,2,3,1,1,0,6,14,1,32.6,1,3,1,0,0
53.98,5.6,4,10,3,2,1,4,1,12,27,3,19.88,1,2,1,0,0
60.62,2.3,8,10,3,1,1,2,0,1,15,1,24.07,1,5,0,0,0
62.65,4.02,10,14,1,0,1,2,0,3,13,2,14.75,1,1,0,0,0
69.26,6.4,5,14,4,1,1,1,0,1,11,1,9.09,1,1,1,1,0
67.06,6.28,6,12,2,3,1,3,0,21,3,1,20.79,1,6,0,0,0
72.59,6.21,4,13,3,5,1,4,0,1,2,2,7.16,1,3,1,1,0
82.07,7.77,3,10,2,3,1,1,1,6,6,3,1.0,0,4,1,0,0
63.41,3.98,7,11,4,0,1,2,0,22,7,1,19.03,1,3,1,1,0
84.92,6.74,5,12,1,1,1,4,1,10,25,3,3.84,1,2,1,0,0
65.38,9.01,3,11,2,4,1,4,0,13,2,1,18.33,1,3,1,0,0
62.32,5.66,7,13,3,4,1,1,0,3,16,1,16.75,1,1,1,0,0
80.78,6.78,4,10,2,4,1,4,0,2,5,3,3.14,1,1,1,0,0
76.06,5.14,6,10,3,0,1,3,0,10,11,2,18.74,0,4,1,0,0
0.0,1.18,10,11,2,5,0,2,1,49,31,3,15.79,1,3,1,0,1
56.01,5.4,6,12,1,0,1,2,0,10,11,3,9.01,1,6,1,1,0
93.22,8.14,2,14,1,2,1,1,0,26,1,2,21.24,1,6,1,0,0
63.74,5.09,6,10,3,0,1,3,0,1,10,2,1.0,1,5,1,0,0
26.01,4.7,7,14,1,5,0,4,0,41,12,3,11.3,1,4,1,1,1
60.33,5.89,5,10,1,4,1,3,0,7,1,2,3.83,1,4,0,0,0
99.22,3.95,8,10,2,0,1,1,0,11,7,3,13.44,1,3,1,0,0
91.85,7.6,4,13,3,0,1,2,0,3,19,1,12.31,1,3,1,0,0
100.0,6.02,7,13,4,3,1,4,0,1,10,1,24.67,1,1,1,0,0
56.21,5.6,4,10,2,3,1,2,1,21,23,2,6.1,1,6,1,0,0
58.29,6.11,5,12,1,1,1,1,1,8,12,3,27.34,1,1,0,0,0
47.95,5.58,7,13,4,0,0,4,0,18,1,1,21.49,1,2,1,0,1
61.82,7.74,4,11,3,2,1,2,0,16,1,3,25.34,1,2,1,0,0
79.12,4.92,6,10,2,0,1,3,1,24,17,1,1.47,1,3,1,1,0
48.7,5.66,6,11,4,1,1,4,0,1,6,3,16.93,0,4,1,0,0
65.44,4.15,9,12,4,1,1,4,1,1,5,1,25.43,1,2,1,0,0
57.94,3.83,10,13,3,0,1,4,1,27,17,2,11.47,0,1,1,1,0
81.3,7.51,2,12,1,0,1,2,0,5,13,3,5.24,1,5,1,1,0
64.69,4.17,6,11,1,1,1,2,1,11,1,2,1.0,1,5,1,1,0
83.48,6.46,4,11,4,0,1,1,0,5,1,2,28.89,1,5,1,0,0
71.22,5.51,5,12,3,0,1,1,0,1,10,1,17.1,1,3,1,0,0
64.39,7.37,2,10,2,1,1,4,0,1,19,1,11.97,1,4,1,0,0
67.59,5.05,6,11,1,0,1,4,0,19,1,3,10.11,1,1,0,1,0
64.41,6.23,4,10,4,0,1,1,1,9,11,1,1.0,1,6,1,0,0
54.45,4.99,7,10,1,0,1,2,0,28,1,3,6.46,1,6,0,0,0
82.67,5.29,8,13,4,7,1,2,0,24,9,2,12.79,1,3,1,0,0
61.34,7.99,4,10,1,0,1,1,1,24,2,2,26.3,1,1,1,0,0
83.02,4.8,8,13,1,4,1,1,0,22,21,2,1.0,1,3,1,0,0
54.29,5.55,5,13,4,1,1,3,1,1,10,3,13.46,1,1,1,0,0
80.87,8.43,2,12,4,1,1,4,0,16,14,1,6.79,1,3,1,1,0
12.2,,8,13,0,6,0,4,1,30,19,1,10.76,1,1,0,0,1
53.88,8.21,1,10,3,4,1,4,0,1,6,2,13.11,1,5,1,0,0
100.0,1.85,8,11,3,1,1,1,0,8,4,2,20.52,1,4,1,1,0
95.46,7.27,4,12,4,2,1,4,0,1,9,1,1.0,1,1,1,1,0
63.71,4.12,9,12,4,0,1,4,0,17,1,2,1.0,1,3,0,1,0
87.41,7.79,4,14,3,1,1,1,0,9,18,2,11.17,1,5,1,0,0
88.49,8.16,1,10,4,1,1,4,0,19,8,2,2.03,0,4,1,0,0
16.03,0.4,10,10,0,3,0,1,0,46,17,1,7.94,1,3,1,1,1
65.51,7.19,3,11,1,0,1,3,0,6,18,2,6.67,0,3,0,0,0
92.75,4.79,5,11,3,0,1,2,0,16,5,3,6.83,1,4,1,0,0
84.15,4.96,5,11,3,1,1,1,0,27,1,2,22.32,1,3,1,0,0
40.3,3.6,9,12,1,0,1,2,1,24,4,2,19.07,1,1,1,1,0
61.43,5.22,6,13,4,1,1,1,0,11,1,2,10.99,1,6,1,1,0
69.96,4.45,6,11,4,2,1,3,0,1,27,3,1.0,0,3,1,0,0
38.04,5.19,7,14,4,3,1,3,0,10,7,3,10.5,1,4,0,0,0
57.76,3.83,8,13,4,2,1,4,0,24,13,1,13.44,1,4,1,1,0
54.82,4.21,7,10,2,1,1,1,0,17,12,2,26.99,1,4,0,1,0
83.99,6.02,6,13,3,3,1,4,1,10,1,1,1.0,1,3,1,0,0
75.78,5.14,6,12,3,1,1,1,0,5,4,1,25.92,0,6,1,0,0
73.3,7.64,5,13,4,2,1,2,0,19,1,2,15.52,1,1,1,0,0
80.11,4.37,5,10,4,2,1,1,0,16,1,3,1.0,1,2,1,0,0
72.04,5.46,5,13,3,2,1,4,0,9,1,1,22.09,1,1,1,0,0
45.62,1.67,9,11,1,2,1,2,0,4,1,1,21.35,0,6,0,0,0
95.25,6.53,6,14,4,3,1,1,0,1,1,3,13.55,1,3,1,0,0
84.34,6.17,4,11,2,5,1,1,0,21,1,2,10.03,1,2,1,0,0
40.99,5.84,6,13,2,0,1,3,0,3,1,3,14.71,0,6,0,0,0
52.96,5.92,4,11,2,3,1,4,0,1,8,1,5.27,0,5,1,1,0
56.31,5.32,5,11,1,2,1,2,0,14,18,1,8.78,1,4,0,0,0
48.85,7.57,4,12,2,1,1,1,0,19,13,2,17.97,1,5,1,0,0
77.41,5.8,7,14,1,0,1,2,0,26,13,3,13.56,1,5,1,1,0
75.85,6.36,4,13,4,6,1,2,0,17,16,2,1.0,0,6,1,0,0
86.29,6.2,5,11,2,0,1,2,0,2,1,3,10.39,1,3,1,0,0
80.52,7.86,3,14,4,2,1,1,0,21,1,1,22.29,1,2,1,0,0
57.52,3.76,9,12,1,2,1,4,0,1,1,2,26.77,1,5,1,1,0
63.53,6.77,6,13,1,3,1,2,0,16,1,2,1.0,1,6,1,0,0
48.94,6.5,5,10,2,2,1,3,0,17,1,2,19.17,1,6,0,1,0
10.81,,10,12,0,4,0,1,0,28,20,3,12.32,1,4,1,1,1
86.31,5.73,6,11,4,0,1,4,1,17,21,3,10.12,1,4,1,0,0
74.23,5.31,8,14,1,5,1,2,0,20,1,2,9.6,1,3,0,0,0
85.97,4.49,5,10,4,0,1,4,0,14,13,1,12.2,1,4,1,1,0
0.0,5.98,4,11,1,4,0,1,0,33,35,1,18.25,1,2,0,0,1
89.47,10.0,0,14,2,1,1,3,0,1,4,3,23.16,0,6,1,0,0
74.46,4.72,8,13,1,2,1,2,0,1,8,1,4.46,1,1,0,1,0
51.25,7.08,3,11,3,5,1,1,0,5,5,2,25.97,1,3,0,0,0
74.9,5.81,7,12,4,0,1,1,1,1,2,2,17.77,1,5,1,0,0
72.81,4.14,7,12,4,3,1,2,1,15,14,3,5.04,0,6,1,0,0
65.89,7.23,4,10,1,2,1,1,0,15,15,3,15.1,1,3,1,0,0
82.05,6.38,3,10,2,2,1,2,0,1,1,2,12.11,1,2,1,0,0
74.14,5.48,6,10,2,5,1,2,0,7,10,3,12.81,1,6,1,1,0
100.0,4.15,8,14,2,0,1,4,1,13,4,3,2.09,0,3,1,0,0
50.81,5.98,4,11,4,4,1,4,0,13,1,2,11.12,1,6,1,1,0
100.0,5.69,6,12,1,3,1,3,0,1,4,2,1.0,1,2,1,0,0
40.35,5.04,7,14,1,0,1,3,1,8,18,3,1.0,1,1,1,1,0
95.09,7.72,4,14,2,4,1,2,1,3,1,3,24.74,1,3,1,0,0
47.75,5.2,8,14,4,2,1,4,1,1,7,1,26.78,1,1,1,1,0
33.99,3.78,8,11,2,3,1,2,0,18,1,3,3.86,1,3,0,1,0
62.85,4.54,6,12,4,3,1,3,0,1,6,2,18.4,1,4,1,1,0
100.0,8.6,3,11,3,0,1,3,0,13,10,1,1.0,0,2,1,0,0
73.0,7.68,3,11,4,6,1,4,1,1,25,3,12.62,1,3,1,0,0
88.26,4.68,5,11,1,0,1,3,0,5,13,2,4.09,0,3,1,0,0
58.17,4.4,8,14,1,4,1,1,0,24,20,2,21.51,1,4,1,0,0
26.45,3.42,9,12,1,2,1,1,1,31,1,2,11.01,1,6,0,0,0
61.71,5.7,6,10,1,1,1,2,0,14,4,2,32.36,1,5,1,0,0
10.75,3.48,8,12,1,1,0,1,0,29,24,2,34.31,1,4,1,1,1
74.71,9.1,1,10,1,0,1,2,0,6,7,1,14.76,1,4,1,0,0
100.0,5.57,6,14,1,2,1,3,0,11,1,2,25.31,1,1,1,0,0
58.91,3.53,8,10,2,1,1,4,0,18,1,2,26.38,1,5,1,1,0
55.03,6.36,7,14,4,0,1,2,1,12,8,2,18.88,1,5,1,1,0
67.54,5.18,8,14,2,3,1,4,0,29,1,3,12.8,1,2,1,0,0
64.9,7.72,5,14,4,3,1,1,0,12,1,3,25.59,1,6,0,0,0
64.08,7.39,3,14,1,4,1,1,0,14,7,2,13.93,1,2,1,1,0
37.23,2.39,10,12,3,6,1,3,0,27,10,2,1.0,1,6,0,0,0
87.83,6.07,5,11,4,4,1,3,0,1,4,2,13.07,0,2,1,1,0
81.52,6.63,5,10,4,1,1,3,0,9,5,1,1.0,1,6,1,0,0
48.48,5.07,8,13,1,1,1,4,0,12,4,2,3.36,1,6,0,0,0
72.6,7.09,4,14,4,1,1,4,0,6,6,2,1.7,1,3,1,0,0
43.03,4.92,6,10,2,3,1,1,0,35,1,3,15.61,1,6,1,1,0
75.81,5.39,6,10,3,1,1,1,0,5,7,2,14.45,1,2,0,0,0
87.83,8.1,2,12,3,3,1,2,0,9,5,1,27.84,1,6,1,0,0
41.66,3.97,6,11,2,2,1,2,0,19,10,3,22.51,1,1,0,0,0
51.56,4.09,6,10,3,1,1,4,0,14,12,1,15.01,1,6,1,1,0
48.06,5.7,5,10,4,3,1,4,0,1,4,3,3.39,1,4,0,1,0
63.78,4.15,5,10,4,4,1,1,1,1,1,1,18.56,1,6,1,1,0
71.98,5.86,6,13,3,0,1,1,0,5,2,1,8.52,1,3,1,1,0
76.77,7.12,3,10,4,2,1,3,0,1,1,1,8.91,0,2,1,0,0
58.33,6.88,4,10,2,1,1,4,0,25,1,2,12.36,1,5,1,0,0
86.86,8.29,3,12,3,5,1,3,0,1,5,1,10.7,0,3,1,0,0
80.63,5.57,4,11,3,0,1,2,0,32,15,2,21.57,1,4,1,0,0
64.83,7.28,4,10,1,1,1,2,0,20,8,3,5.7,1,4,1,0,0
100.0,6.38,5,14,4,2,1,2,0,7,2,3,1.69,0,2,1,0,0
49.53,2.97,10,13,1,0,1,1,1,3,12,2,1.0,1,4,0,0,0
41.94,6.45,3,11,1,3,1,1,0,23,6,1,12.56,0,6,1,1,0
78.88,8.6,2,10,2,3,1,2,0,20,7,3,5.82,1,4,1,0,0
64.54,5.89,5,14,1,0,1,4,0,2,15,3,15.2,1,5,1,0,0
68.54,6.87,4,13,2,2,1,1,1,12,21,3,1.0,1,2,1,0,0
54.5,7.91,3,10,4,2,1,3,1,17,1,3,12.49,1,2,1,1,0
50.0,8.55,2,10,2,4,1,2,0,14,1,1,21.84,1,5,0,0,0
59.14,7.39,5,13,2,0,1,1,0,12,15,2,5.5,1,1,1,0,0
73.22,3.62,8,13,4,3,1,4,0,3,18,3,1.0,1,3,1,0,0
45.58,7.57,2,12,3,2,1,3,0,1,1,2,1.0,1,6,0,0,0
87.26,9.55,1,10,3,3,1,1,0,22,6,3,18.83,1,5,1,0,0
67.95,7.28,2,10,4,0,1,4,0,16,7,1,13.28,1,1,1,0,0
45.75,2.05,9,10,4,2,1,4,1,1,13,2,15.33,1,2,0,0,0
54.9,5.01,5,10,4,3,1,4,1,7,8,3,29.33,1,5,0,0,0
67.51,6.35,5,13,4,3,1,4,0,10,1,3,10.08,1,6,1,1,0
80.17,7.07,3,12,2,3,1,3,0,7,11,1,13.18,1,1,1,1,0
0.0,4.94,9,14,0,4,0,1,0,36,39,3,16.56,1,1,0,0,1
55.66,2.58,9,13,4,4,1,3,0,1,1,1,1.0,1,6,1,1,0
56.04,6.56,4,12,1,2,1,2,0,1,1,2,2.35,1,3,0,1,0
16.16,4.76,7,10,1,6,0,3,0,37,24,1,1.0,1,2,1,0,1
79.48,7.03,5,13,1,3,1,3,0,6,13,1,15.45,1,1,1,0,0
48.02,6.07,6,11,2,4,1,2,1,22,12,1,16.18,1,4,1,1,0
74.21,4.49,8,12,4,1,1,4,0,13,4,3,6.81,1,5,0,1,0
100.0,7.08,6,14,3,7,1,4,0,12,6,3,1.0,1,4,1,0,0
51.32,6.07,4,11,3,1,1,3,0,1,4,1,6.6,1,6,1,1,0
64.14,7.17,2,10,3,3,1,2,1,4,8,2,20.81,1,6,1,0,0
29.29,2.14,10,14,2,5,0,1,0,50,4,3,6.76,1,4,0,0,1
78.98,3.56,9,13,1,4,1,1,0,13,11,2,7.73,1,4,0,0,0
55.5,5.92,5,14,1,1,1,2,0,5,25,2,10.08,1,5,1,0,0
67.77,7.11,4,10,3,2,1,4,1,2,7,1,1.0,1,3,1,0,0
58.83,7.7,2,10,1,1,1,1,0,4,6,3,11.12,1,5,1,1,0
31.66,6.24,6,13,3,6,0,3,0,18,10,3,1.0,1,5,0,0,1
54.49,0.93,10,10,2,1,1,4,1,1,9,3,8.36,1,5,0,1,0
56.45,4.23,8,11,2,3,1,4,0,6,14,2,2.34,1,1,0,0,0
77.16,4.53,8,12,3,2,1,2,0,13,1,3,23.23,1,3,1,0,0
58.81,5.38,5,10,2,2,1,4,0,5,7,3,1.0,1,6,0,0,0
63.96,6.78,4,13,2,3,1,4,0,1,7,3,14.58,1,2,1,0,0
48.49,3.41,7,10,4,2,1,2,0,24,16,2,6.05,1,3,0,0,0
60.08,5.43,6,13,4,2,1,4,1,20,23,3,8.6,1,2,0,0,0
19.73,3.17,6,10,1,3,0,1,0,46,29,1,17.13,1,5,1,0,1
63.71,3.87,8,10,4,1,1,3,0,3,14,3,11.83,0,2,0,1,0
54.74,3.59,8,12,2,2,1,2,0,12,15,3,13.72,0,5,0,0,0
60.31,5.02,6,14,4,3,1,4,1,18,6,3,6.96,1,3,0,0,0
64.49,4.02,8,11,4,2,1,2,0,7,4,3,12.82,0,4,0,1,0
2.92,2.55,10,12,2,3,0,3,0,37,21,1,14.43,1,6,0,1,1
61.09,5.09,4,10,2,2,1,4,1,1,10,3,9.19,0,2,1,0,0
71.91,7.21,4,11,4,0,1,3,0,5,1,2,13.64,1,5,1,0,0
78.16,9.34,2,11,1,0,1,1,0,4,1,2,18.23,1,2,1,1,0
99.09,5.4,5,10,4,0,1,3,1,17,3,2,20.82,1,4,1,0,0
88.49,4.52,7,10,3,3,1,1,0,4,1,1,13.2,1,3,1,0,0
83.22,7.94,4,13,4,2,1,1,0,1,1,2,21.07,1,2,1,0,0
62.21,6.4,7,14,2,3,1,2,0,7,11,3,9.05,1,3,0,0,0
89.22,5.73,6,11,1,4,1,2,0,21,5,3,5.46,1,2,1,0,0
77.44,6.99,3,11,2,0,1,2,0,9,1,2,1.0,1,2,0,0,0
24.91,4.72,6,11,1,3,0,2,0,45,28,2,19.07,1,6,1,0,1
83.75,7.24,5,13,4,1,1,2,0,9,6,2,1.0,1,1,1,0,0
100.0,4.98,8,12,2,1,1,3,1,22,1,3,22.79,1,2,1,0,0
39.61,4.07,8,13,2,2,1,1,0,5,1,2,12.8,1,6,1,0,0
70.93,7.18,5,11,4,3,1,2,0,2,10,1,10.23,1,2,1,0,0
51.42,2.03,9,12,2,2,1,2,0,8,10,2,15.09,1,6,0,0,0
72.93,5.84,6,14,2,5,1,4,0,8,1,3,12.13,1,6,1,0,0
53.39,5.29,7,14,3,1,1,3,1,10,8,2,16.25,1,1,0,0,0
93.15,4.31,7,14,4,5,1,3,0,20,24,2,4.09,0,3,0,0,0
85.3,6.63,5,11,2,3,1,2,0,17,1,3,4.9,1,2,1,0,0
89.04,7.2,3,13,4,1,1,1,0,1,21,3,7.97,1,5,1,1,0
56.39,7.58,3,11,3,5,1,3,0,8,5,1,13.99,0,5,1,1,0
57.32,3.95,6,11,1,0,1,1,1,4,4,3,32.97,1,2,1,0,0
84.54,4.73,6,11,2,0,1,4,0,1,12,3,3.97,1,2,1,0,0
96.82,8.32,2,10,1,1,1,2,0,7,1,1,1.0,1,5,1,0,0
59.25,8.4,2,13,4,0,1,4,0,15,9,1,12.47,1,6,1,1,0
14.51,5.19,6,12,1,5,0,3,0,38,41,3,16.27,1,4,1,0,1
61.72,7.44,4,11,4,5,1,1,0,1,6,2,19.95,0,2,1,1,0
68.44,3.76,9,14,2,2,1,2,0,12,6,3,1.0,1,1,0,0,0
78.14,5.12,8,14,4,1,1,2,0,26,12,1,3.66,1,1,1,0,0
79.06,10.0,1,12,3,4,1,3,0,20,11,3,14.04,1,1,1,0,0
80.16,7.46,5,13,4,4,1,3,1,7,1,2,9.59,1,2,1,0,0
84.11,4.31,6,11,3,2,1,1,0,22,12,1,10.32,0,2,1,0,0
88.7,4.82,6,13,2,0,1,3,0,20,16,3,23.14,1,5,1,0,0
71.13,5.68,7,12,1,5,1,2,0,1,10,2,14.96,1,1,1,0,0
82.4,7.04,2,10,3,1,1,2,0,6,18,1,4.06,1,4,1,0,0
58.9,1.79,10,12,2,1,1,2,0,1,14,2,18.1,1,1,0,1,0
77.13,5.17,6,11,4,1,1,4,0,2,11,3,18.52,1,6,1,0,0
56.94,3.63,6,10,2,3,1,1,1,3,15,3,27.29,1,1,0,1,0
96.76,7.69,4,11,1,2,1,1,0,21,7,3,1.0,1,3,1,0,0
76.54,5.51,4,11,2,0,1,1,0,12,10,3,18.57,1,3,1,1,0
60.3,6.87,6,14,4,3,1,2,0,24,4,1,17.91,1,3,1,0,0
36.87,1.35,10,12,1,1,1,4,1,18,8,1,8.66,1,4,0,0,0
48.52,5.98,4,12,4,1,1,3,0,27,17,1,10.03,1,1,0,0,0
91.37,4.82,8,12,3,5,1,3,0,27,1,2,1.0,0,2,1,0,0
64.87,8.17,3,13,1,3,1,3,0,7,1,3,6.25,1,3,1,0,0
99.19,5.82,5,10,2,6,1,1,0,24,5,1,19.21,1,4,1,0,0
75.84,5.74,7,12,1,2,1,4,0,23,8,1,22.39,1,6,1,0,0
0.0,3.73,6,10,1,8,0,3,0,35,39,2,26.15,1,1,1,0,1
71.02,10.0,0,11,2,5,1,4,0,4,3,1,13.25,1,6,1,0,0
60.88,3.63,7,10,4,2,1,1,1,11,7,3,25.22,1,1,1,0,0
45.01,4.86,8,14,3,5,1,3,0,18,16,2,5.1,1,4,1,1,0
86.62,5.57,6,13,2,3,1,1,0,6,3,3,20.49,1,2,1,0,0
61.03,6.13,6,12,2,1,1,3,1,1,9,3,30.67,1,6,1,0,0
48.54,7.57,2,10,4,0,1,3,0,1,1,3,2.19,1,5,1,0,0
86.27,6.87,4,11,4,1,1,2,0,14,9,1,8.21,1,2,1,1,0
29.15,3.05,9,12,2,7,0,3,0,27,1,3,14.56,1,4,1,1,1
92.86,7.48,3,10,2,0,1,2,0,1,8,1,20.62,1,1,1,0,0
70.33,7.75,4,12,3,1,1,3,0,40,1,1,1.0,1,1,1,1,0
62.1,8.08,2,14,2,4,1,3,1,12,14,3,2.35,1,4,1,0,0
88.95,5.38,6,13,3,0,1,2,0,13,1,2,12.37,1,1,1,1,0
61.06,6.64,6,12,3,1,1,3,0,1,9,2,25.68,1,3,1,1,0
13.09,,8,10,0,2,0,2,0,37,29,2,12.85,0,4,1,1,1
34.19,2.67,10,13,3,1,1,1,0,10,1,1,1.57,0,5,1,0,0
0.0,2.27,10,14,0,4,0,3,0,24,36,3,12.83,1,2,0,1,1
62.77,4.59,7,14,4,3,1,3,1,6,5,3,1.0,1,2,0,0,0
54.34,5.58,5,12,2,3,1,1,1,25,17,2,28.55,1,1,0,0,0
92.77,5.29,4,10,3,8,1,3,0,8,1,3,1.0,1,6,1,1,0
64.94,3.9,8,10,1,1,1,4,0,1,6,1,1.0,1,4,1,1,0
81.26,6.3,4,12,1,1,1,3,0,22,2,2,13.81,1,6,1,0,0
79.43,5.28,6,12,4,1,1,2,0,17,15,2,21.02,1,1,1,0,0
50.67,7.24,3,13,1,0,1,3,0,1,7,2,6.21,0,6,1,0,0
68.6,4.73,6,10,3,1,1,2,0,1,11,3,2.95,1,2,1,0,0
40.17,5.78,4,10,1,0,1,1,1,18,1,2,4.58,1,6,1,0,0
91.34,6.2,5,13,3,2,1,1,0,35,1,3,5.84,1,3,1,0,0
62.74,3.52,10,14,3,4,1,1,1,1,7,3,5.24,0,5,0,0,0
7.72,2.08,10,14,0,2,0,4,0,44,22,1,1.12,1,2,0,0,1
65.73,6.04,4,11,1,0,1,2,0,1,1,2,20.23,1,5,0,0,0
71.23,5.78,7,14,3,5,1,2,0,14,15,3,21.11,1,1,0,0,0
50.15,3.71,8,10,3,2,1,1,1,22,8,2,23.12,1,1,0,0,0
76.83,6.28,5,12,3,0,1,1,1,28,14,1,10.2,1,4,1,0,0
18.07,3.95,8,11,1,5,0,2,0,36,30,1,19.2,1,3,1,1,1
59.12,8.68,1,13,4,1,1,1,0,26,1,2,22.03,1,6,1,0,0
85.46,7.71,4,10,2,1,1,1,0,13,10,3,22.35,1,1,1,0,0
0.73,5.99,4,10,1,6,0,3,0,37,34,3,8.07,1,5,1,0,1
85.45,5.57,6,13,1,0,1,4,0,3,20,3,1.0,0,4,1,1,0
72.65,4.94,7,10,4,2,1,1,0,11,21,2,1.41,1,6,1,0,0
64.61,7.38,5,13,4,2,1,2,0,26,1,1,11.76,1,6,1,0,0
79.79,9.39,2,12,2,2,1,3,0,1,19,3,36.23,1,5,1,0,0
74.01,5.81,6,14,2,0,1,3,0,14,17,1,1.0,1,4,1,0,0
100.0,4.83,6,11,4,3,1,4,0,4,4,2,4.18,1,3,1,0,0
72.63,6.23,5,13,3,4,1,3,0,12,1,1,16.28,1,4,1,0,0
73.96,8.69,2,11,1,0,1,2,0,12,2,2,14.11,1,2,1,1,0
65.73,5.65,5,12,3,2,1,3,0,20,14,2,15.29,1,6,1,1,0
35.92,2.66,9,10,3,4,1,2,1,1,1,2,19.5,0,4,1,0,0
64.03,5.63,5,12,4,0,1,2,0,7,1,2,10.37,1,6,1,1,0
80.95,6.84,4,11,3,0,1,4,0,12,1,3,3.88,0,1,1,0,0
25.77,2.27,10,12,2,6,0,2,1,49,6,3,21.39,0,2,1,0,1
59.31,4.68,6,11,2,5,1,2,1,37,1,1,26.86,1,6,0,0,0
30.75,7.64,4,10,1,6,1,2,0,9,17,3,8.32,1,6,0,0,0
56.86,4.43,6,11,2,1,1,1,0,32,11,3,15.1,1,2,1,1,0
80.16,4.02,7,11,1,4,1,4,0,1,1,3,8.58,1,6,1,0,0
68.99,5.33,5,10,3,2,1,4,1,24,7,3,12.63,1,6,1,0,0
98.69,8.07,3,12,3,4,1,2,0,13,1,1,1.0,1,3,1,0,0
100.0,8.01,2,12,4,0,1,3,0,13,8,1,21.54,1,2,1,0,0
66.35,7.35,5,14,4,0,1,3,0,1,1,3,28.1,0,5,1,0,0
69.84,4.89,7,11,1,0,1,4,0,23,6,3,21.96,1,5,0,1,0
77.7,5.59,6,10,2,1,1,3,0,15,19,1,15.27,1,6,1,0,0
55.97,5.01,5,12,3,4,1,1,1,8,9,1,1.0,1,4,1,0,0
84.84,3.91,9,13,1,0,1,4,0,16,1,1,4.05,1,4,0,0,0
20.71,2.37,8,11,1,6,0,1,0,45,42,3,4.83,1,5,0,0,1
57.52,3.39,7,10,2,1,1,3,0,8,1,3,13.06,1,2,1,1,0
99.03,7.58,5,14,2,2,1,3,0,19,15,3,1.0,1,4,1,0,0
66.25,6.73,5,13,3,4,1,4,0,15,17,3,1.68,1,6,1,1,0
65.1,5.28,4,10,2,1,1,2,1,14,15,3,18.87,1,1,1,0,0
47.11,2.82,10,12,2,2,1,4,0,26,1,3,28.98,1,6,1,1,0
88.8,6.27,6,14,3,0,1,3,0,17,6,3,1.0,0,2,1,0,0
74.94,7.44,4,10,1,5,1,1,0,23,8,2,15.29,1,5,1,0,0
78.16,7.29,4,13,2,0,1,3,0,1,22,2,1.0,1,2,1,0,0
90.8,2.37,10,14,3,4,1,3,0,1,20,1,16.87,1,5,1,0,0
53.78,5.56,5,13,2,0,1,4,0,8,21,2,1.0,1,5,0,1,0
82.66,6.42,5,12,1,0,1,4,0,9,1,1,12.09,0,1,1,0,0
78.89,4.22,8,11,2,2,1,4,0,24,13,3,12.63,1,4,0,0,0
40.02,5.35,6,12,1,0,1,4,0,13,20,2,12.3,1,5,0,0,0
35.79,2.44,9,13,4,3,1,4,1,18,10,2,9.88,0,6,1,1,0
52.12,6.21,5,14,2,1,1,4,0,2,1,1,13.67,1,5,0,1,0
58.28,2.19,10,12,4,0,1,2,1,13,1,2,15.96,1,5,1,1,0
6.08,,8,10,0,4,0,1,0,31,38,1,4.45,1,5,1,0,1
98.45,7.25,4,14,4,2,1,4,1,9,1,2,8.52,1,3,1,0,0
82.89,6.33,5,13,3,0,1,1,0,3,1,3,12.11,1,4,1,0,0
67.32,4.09,10,14,2,2,1,4,1,18,15,3,16.93,1,1,1,1,0
76.92,7.25,5,14,1,0,1,1,0,5,1,1,9.32,1,6,1,0,0
41.7,8.15,3,14,2,3,1,4,0,1,1,1,6.46,1,3,1,0,0
90.94,4.42,8,14,2,1,1,4,0,18,4,1,11.02,1,1,1,0,0
39.51,2.97,9,13,3,3,1,3,1,13,8,3,19.3,1,3,0,0,0
69.31,5.62,5,11,1,4,1,3,0,12,2,1,1.0,1,5,1,0,0
85.15,6.89,5,14,2,0,1,4,0,3,1,1,3.84,1,5,1,0,0
59.26,8.9,1,14,3,5,1,2,0,7,1,3,1.0,1,6,1,0,0
88.16,5.51,7,13,1,1,1,1,0,18,10,3,4.52,1,3,1,0,0
63.7,3.25,10,14,3,1,1,2,1,1,5,1,1.0,1,2,1,0,0
71.1,6.92,6,13,2,5,1,1,0,3,8,2,1.0,1,1,0,0,0
59.49,4.02,8,13,1,0,1,1,0,6,9,1,13.3,1,5,1,0,0
61.27,5.81,6,10,2,2,1,2,0,13,9,1,12.56,1,6,0,0,0
22.97,,9,14,0,1,0,1,0,37,30,3,1.21,1,4,0,0,1
54.6,4.26,6,11,2,3,1,2,1,16,1,2,21.95,1,2,0,0,0
69.54,5.91,5,13,1,0,1,2,0,6,1,1,3.11,1,2,1,0,0
78.52,6.82,5,10,1,3,1,4,0,11,9,3,20.78,1,5,1,0,0
53.87,6.47,3,11,3,0,1,1,0,1,4,1,21.12,1,1,1,0,0
100.0,7.77,3,14,1,0,1,3,0,11,6,2,12.28,1,3,1,0,0
74.69,5.02,5,10,4,1,1,1,0,3,1,3,2.91,1,6,0,0,0
100.0,6.36,4,13,1,3,1,3,0,5,1,3,12.17,1,3,1,0,0
87.28,7.34,5,14,2,4,1,3,0,1,17,3,15.65,1,4,1,0,0
72.37,6.52,6,12,1,5,1,3,0,1,2,2,1.0,1,2,0,1,0
28.75,4.93,7,12,2,8,0,4,0,41,1,3,16.52,1,2,1,0,1
75.21,7.12,5,11,4,4,1,4,0,15,3,1,1.0,1,3,1,0,0
79.96,4.34,7,13,2,0,1,4,0,1,15,2,18.95,1,1,0,0,0
85.46,6.22,5,11,1,0,1,2,0,1,1,2,1.39,1,4,1,0,0
61.73,7.54,5,13,4,1,1,1,0,1,9,1,13.3,0,6,0,0,0
100.0,8.11,2,11,1,3,1,3,0,1,15,2,24.92,1,3,1,0,0
29.21,6.2,5,11,1,8,0,1,0,25,14,1,12.45,1,2,1,0,1
69.26,8.04,2,11,4,1,1,3,0,11,13,1,15.15,1,1,1,0,0
38.37,3.48,6,10,2,1,1,3,1,19,1,2,22.31,0,3,0,0,0
54.83,3.41,7,11,2,3,1,2,1,2,11,3,9.26,1,6,0,0,0
24.18,,6,12,0,7,1,1,1,24,20,3,21.01,0,5,0,0,1
41.36,5.42,7,13,4,1,0,2,0,26,1,3,5.28,1,2,1,1,1
14.38,,10,14,0,2,1,1,1,28,18,3,33.16,1,5,0,1,1
62.36,5.92,5,12,4,2,1,4,1,11,13,1,8.38,1,2,1,0,0
64.52,2.69,9,13,2,3,1,3,0,1,12,3,1.0,1,3,0,0,0
78.44,6.57,5,12,2,3,1,3,0,6,1,3,7.62,1,6,1,1,0
74.81,7.64,3,14,2,1,1,3,0,1,1,1,1.0,0,5,1,1,0
6.52,1.56,10,13,0,6,0,4,0,31,19,2,11.31,1,5,1,0,1
100.0,8.25,3,14,3,1,1,1,0,14,9,3,1.0,0,3,1,0,0
88.1,4.55,8,14,4,0,1,2,1,11,7,1,20.47,1,2,1,0,0
86.77,6.55,6,12,4,2,1,1,0,17,12,2,10.25,1,1,1,1,0
78.15,3.29,9,12,1,0,1,3,0,6,8,1,9.64,1,4,0,1,0
67.94,6.65,3,11,3,2,1,1,0,17,1,3,1.0,1,3,1,0,0
65.38,5.39,6,11,2,3,1,4,0,12,9,1,10.91,1,2,1,1,0
72.2,5.49,5,12,2,1,1,3,0,12,13,2,5.31,1,6,1,0,0
67.02,4.8,7,10,4,0,1,1,0,24,10,2,15.73,1,5,1,0,0
44.4,3.38,10,14,3,3,1,2,1,2,16,2,24.55,0,1,0,0,0
57.0,3.67,8,14,3,2,1,2,0,1,3,1,9.94,1,4,0,0,0
67.41,5.43,5,10,4,0,1,4,1,23,12,1,16.43,1,1,1,1,0
85.84,5.06,8,13,2,0,1,4,0,1,11,2,20.01,1,5,0,0,0
100.0,5.08,7,13,4,2,1,4,0,17,3,1,20.73,1,4,1,0,0
66.19,8.12,1,10,2,4,1,2,0,7,28,1,1.0,1,5,1,0,0
61.39,8.9,3,13,2,4,1,3,0,10,1,2,6.66,1,5,1,0,0
100.0,6.72,5,12,3,3,1,4,0,9,26,3,26.0,1,1,1,0,0
99.16,7.27,4,14,3,0,1,2,0,15,4,1,13.52,0,1,1,0,0
55.36,8.39,4,14,3,3,1,1,0,1,6,1,11.18,1,6,1,0,0
39.2,0.03,10,11,3,1,0,4,0,4,1,3,20.17,1,2,0,0,1
54.48,4.05,8,13,2,2,1,1,0,14,19,1,17.39,1,5,1,1,0
47.09,4.72,8,14,3,6,1,2,0,23,3,1,17.23,1,5,0,0,0
81.88,7.17,4,13,2,0,1,4,0,23,1,1,6.55,1,4,0,0,0
75.92,6.9,5,14,3,1,1,1,0,3,12,1,18.75,1,2,1,0,0
63.87,6.0,5,14,2,2,1,3,0,6,6,1,8.37,1,3,0,0,0
76.71,3.5,8,13,4,3,1,3,0,7,1,1,12.12,1,6,1,1,0
65.16,2.64,8,12,3,2,1,2,1,20,2,2,15.08,1,1,1,1,0
5.06,3.34,10,14,0,4,0,4,0,39,13,2,16.57,0,5,1,1,1
1.96,,7,13,0,1,1,4,0,56,29,2,10.29,0,6,0,1,1
86.11,7.72,2,10,4,2,1,2,0,16,13,1,16.16,1,1,1,0,0
55.64,6.96,4,11,4,3,1,3,0,2,13,3,6.86,1,4,1,1,0
20.66,,9,13,0,2,0,1,1,30,43,1,28.84,1,6,1,0,1
45.18,4.73,7,11,2,2,1,4,0,27,3,1,5.03,1,4,0,0,0
70.92,7.23,2,10,4,0,1,3,0,2,1,3,4.32,1,5,1,0,0
51.41,5.23,7,11,3,0,1,2,0,4,16,2,13.94,0,5,1,0,0
66.44,6.2,5,13,4,3,1,4,0,32,4,2,21.25,1,4,1,1,0
75.5,6.35,6,13,3,1,1,1,0,8,22,2,5.54,1,5,1,0,0
54.1,6.49,5,10,3,1,1,2,0,18,1,2,34.4,1,3,1,0,0
44.53,6.2,7,14,3,0,1,4,0,1,4,2,11.19,1,5,1,0,0
49.11,5.26,6,14,3,0,1,4,0,13,1,3,22.16,1,3,0,0,0
98.33,5.23,7,11,2,0,1,1,0,6,17,1,29.46,1,4,1,1,0
87.81,6.91,4,13,1,1,1,4,0,10,11,1,1.0,1,3,1,0,0
75.94,7.85,4,11,2,2,1,3,0,16,5,1,3.22,1,4,1,0,0
50.21,6.0,6,14,4,0,1,2,1,8,1,1,5.85,1,2,1,0,0
95.8,6.53,3,10,4,4,1,2,0,11,1,1,14.94,1,4,1,0,0
78.89,8.98,3,10,2,0,1,3,1,2,14,1,1.0,1,3,1,0,0
56.63,3.12,10,14,1,1,1,1,1,18,5,2,17.98,1,5,1,1,0
73.89,6.86,4,14,2,1,1,2,0,16,15,1,20.29,1,4,1,0,0
59.16,4.96,8,13,3,0,1,2,0,1,3,2,30.3,1,3,1,1,0
100.0,6.22,3,10,4,4,1,4,0,6,6,1,25.06,1,2,1,0,0
53.34,9.14,3,14,1,2,1,1,0,14,1,1,3.77,1,4,1,0,0
56.38,6.86,3,11,1,0,1,4,0,7,10,2,30.39,1,5,0,0,0
92.09,7.87,3,11,2,4,1,4,0,1,6,3,8.63,0,1,0,0,0
84.22,5.55,6,10,1,2,1,4,0,39,6,3,14.47,1,5,1,0,0
72.13,5.5,8,14,2,3,1,3,0,14,1,2,1.0,1,4,1,0,0
73.55,4.55,7,13,3,2,1,4,0,1,1,2,25.25,1,5,0,0,0
72.86,4.39,8,11,4,2,1,1,0,7,10,3,1.0,1,2,1,1,0
51.24,4.55,6,12,4,2,1,1,1,8,1,2,23.75,1,6,0,0,0
55.92,7.8,4,10,3,3,1,3,0,9,1,3,17.08,1,3,1,0,0
39.44,0.0,10,13,3,3,1,2,1,18,1,2,11.67,1,6,0,0,0
74.13,5.9,6,11,1,0,1,4,0,1,16,2,13.01,1,6,1,1,0
74.39,2.25,10,12,4,1,1,1,1,15,14,1,2.75,0,3,0,0,0
93.76,4.6,7,13,2,0,1,2,0,16,28,1,10.57,1,1,0,0,0
100.0,6.65,4,10,1,2,1,2,0,6,6,1,5.48,1,3,1,0,0
69.94,7.12,3,10,2,5,1,1,0,8,5,3,3.6,0,4,1,1,0
54.12,4.49,7,13,3,2,1,3,0,1,7,2,23.04,1,5,0,0,0
34.11,5.19,7,12,2,3,1,3,0,14,2,1,23.96,1,6,1,0,0
75.7,4.38,7,14,2,0,1,4,1,15,12,2,19.52,1,6,1,0,0
68.48,7.25,5,13,3,6,1,4,0,24,3,3,4.94,1,3,1,0,0
61.03,4.01,8,14,1,0,1,4,0,20,13,3,9.67,1,2,0,1,0
100.0,5.86,6,10,4,3,1,3,0,7,6,1,13.56,1,4,1,0,0
56.95,5.25,6,10,3,3,1,2,0,1,1,3,25.24,1,6,1,0,0
90.28,7.66,4,14,4,2,1,3,0,15,4,2,30.04,1,4,1,0,0
70.52,7.6,4,10,1,0,1,2,0,23,12,3,21.29,1,5,1,0,0
70.09,6.49,5,13,4,2,1,3,0,5,1,3,1.0,1,6,1,0,0
57.9,6.79,5,12,2,4,1,2,0,14,12,2,11.14,1,4,1,0,0
71.18,8.48,3,14,3,4,1,3,0,1,1,3,1.0,1,3,1,1,0
70.34,4.69,6,13,4,2,1,2,0,8,3,3,20.18,1,1,0,0,0
86.04,7.91,2,12,2,2,1,2,0,8,4,2,12.73,1,3,1,0,0
79.46,7.73,2,13,2,0,1,4,0,13,2,2,7.89,1,2,1,0,0
69.17,5.39,5,12,2,0,1,4,0,1,1,3,1.0,0,6,0,0,0
81.35,3.69,9,12,3,1,1,3,1,7,16,2,16.0,1,3,1,0,0
0.0,2.09,10,13,1,5,0,4,0,41,26,3,15.86,1,6,1,0,1
63.15,9.82,2,10,1,1,1,4,0,1,8,3,27.69,1,6,1,0,0
68.72,6.49,3,11,3,1,1,4,0,12,12,3,19.26,1,4,1,0,0
100.0,6.22,5,10,2,7,1,4,0,13,1,1,13.35,0,6,1,0,0
51.08,5.85,4,10,1,3,1,3,0,1,1,2,8.03,1,6,0,0,0
79.78,7.22,2,10,2,0,1,4,0,1,7,2,28.9,1,2,1,0,0
59.44,5.58,5,11,4,1,1,1,0,12,12,1,1.0,1,2,1,1,0
92.36,7.51,4,10,2,0,1,2,0,8,10,3,10.02,1,5,1,0,0
100.0,5.38,6,13,4,0,1,3,0,1,23,1,13.32,1,4,1,0,0
100.0,7.21,4,13,4,2,1,4,0,1,4,2,15.82,1,2,1,0,0
49.23,3.61,8,11,2,1,1,4,0,4,4,2,8.11,1,6,0,0,0
64.95,6.16,5,13,4,6,1,3,0,13,1,3,1.14,1,5,1,0,0
99.28,4.52,7,14,4,2,1,3,0,10,1,1,26.53,1,3,1,0,0
74.16,7.01,2,10,3,0,1,4,0,9,14,3,12.99,1,2,1,0,0
82.68,5.88,6,13,4,1,1,1,0,9,1,1,1.0,1,5,0,0,0
54.81,5.14,6,12,2,1,1,4,0,19,1,1,5.56,1,2,1,0,0
71.5,4.73,8,13,1,2,1,1,1,7,1,1,12.42,1,3,1,0,0
66.77,6.58,4,14,4,1,1,1,0,29,11,2,14.2,1,3,0,0,0
53.53,5.63,7,13,4,2,1,3,0,17,5,2,11.82,0,6,0,0,0
96.07,5.54,7,13,2,0,1,4,0,3,1,3,9.09,1,6,0,1,0
63.7,6.03,5,13,2,3,1,3,0,14,10,2,1.0,0,2,1,0,0
57.4,2.68,8,10,1,1,1,2,0,8,1,1,18.94,1,2,0,0,0
44.23,7.45,2,10,2,4,0,3,0,4,11,1,8.5,1,3,1,0,1
43.02,4.41,8,13,3,1,1,1,1,10,1,1,8.61,0,1,1,0,0
82.12,7.09,3,11,2,2,1,4,0,17,3,2,21.35,1,3,1,0,0
61.17,5.46,5,12,1,0,1,2,0,9,3,1,3.17,1,6,1,1,0
53.64,5.02,6,13,1,1,1,1,1,1,3,2,20.29,1,5,0,1,0
63.13,8.47,3,14,3,0,1,3,0,1,1,3,19.47,0,6,1,0,0
49.0,3.17,6,10,4,0,1,3,0,23,23,1,19.73,1,5,1,1,0
87.7,9.48,2,13,4,2,1,3,0,17,1,1,1.0,0,1,1,0,0
68.2,4.71,8,13,1,2,1,4,0,1,18,2,7.29,0,2,1,1,0
70.77,8.45,2,10,2,0,1,2,0,1,10,1,1.0,0,2,1,0,0
84.05,4.34,7,13,3,0,1,2,0,1,15,1,14.48,1,4,1,1,0
54.43,1.86,10,12,2,5,1,3,1,2,8,2,12.44,1,4,1,0,0
48.61,6.2,3,10,4,4,1,4,0,1,13,3,5.17,1,4,0,0,0
66.45,7.19,4,14,4,0,1,1,1,14,11,2,10.86,1,6,1,0,0
70.85,4.02,8,13,1,4,1,2,0,9,11,1,1.0,0,1,1,0,0
12.39,5.01,7,12,1,3,0,3,0,44,18,1,1.56,1,6,1,0,1
94.12,7.95,2,11,2,0,1,2,0,4,2,1,14.69,1,3,1,0,0
70.64,4.63,7,10,3,0,1,1,1,9,1,1,16.83,1,3,1,0,0
61.98,4.91,9,14,3,1,1,1,0,19,4,2,7.89,1,6,1,0,0
87.14,7.82,2,13,2,3,1,2,0,6,3,1,28.63,1,2,1,1,0
98.89,8.79,3,14,1,5,1,3,0,1,13,1,21.88,1,1,1,0,0
66.51,3.97,7,10,2,0,1,1,0,6,1,3,25.43,1,6,0,1,0
57.75,7.12,6,14,2,1,1,2,1,22,1,1,1.0,1,5,1,0,0
41.41,6.55,6,13,3,2,0,1,0,21,7,2,13.95,1,5,1,0,1
52.12,9.71,0,14,2,5,1,1,0,5,21,3,16.78,1,6,1,1,0
64.93,4.67,9,14,4,6,1,2,1,2,1,1,30.06,1,1,1,0,0
61.19,3.94,8,10,4,0,1,3,1,1,13,3,14.87,1,6,0,0,0
55.37,4.55,8,12,2,1,1,2,0,1,3,2,11.18,1,3,0,0,0
39.86,1.87,10,13,3,2,1,4,0,25,1,3,10.92,1,1,0,0,0
81.88,4.91,6,13,2,2,1,2,0,12,10,3,15.1,1,1,0,1,0
43.01,10.0,0,10,1,0,1,2,0,7,15,2,16.23,1,5,1,0,0
55.43,6.64,4,13,1,0,1,1,0,30,1,1,8.81,1,5,1,1,0
16.49,5.5,6,13,1,6,0,1,0,56,27,1,14.73,1,6,1,0,1
86.37,4.85,8,14,1,4,1,4,0,1,12,3,15.35,1,1,1,1,0
76.86,8.39,3,11,4,0,1,3,0,4,12,3,1.0,1,4,1,0,0
90.41,4.91,6,10,2,1,1,1,0,1,1,1,1.0,1,2,1,0,0
30.92,1.39,10,12,4,3,1,3,0,1,11,1,31.47,0,6,0,0,0
71.26,9.75,0,13,4,0,1,3,0,13,1,3,9.72,1,6,1,0,0
81.76,4.28,8,13,3,1,1,2,1,8,6,2,15.71,1,4,1,1,0
80.29,5.59,6,11,3,0,1,2,0,3,1,2,1.0,1,5,1,0,0
84.46,2.93,9,14,1,1,1,1,0,19,12,3,1.0,1,1,1,0,0
82.16,6.47,4,14,1,0,1,4,0,5,10,3,2.33,1,4,1,0,0
72.09,3.4,9,14,4,2,1,1,0,10,1,2,1.0,1,2,1,1,0
54.97,5.18,6,11,2,0,1,3,0,5,2,1,12.14,1,3,1,0,0
51.2,4.95,8,13,3,3,1,1,1,10,2,1,20.39,1,4,1,1,0
81.32,4.85,6,10,3,1,1,2,1,18,7,3,3.22,1,6,1,0,0
17.07,3.64,6,10,1,3,0,4,0,47,24,2,14.09,1,4,1,1,1
55.76,6.45,6,13,4,1,1,1,0,2,1,2,7.72,1,6,1,1,0
65.92,3.24,8,12,2,1,1,1,1,5,15,1,1.0,1,3,1,1,0
66.8,6.85,5,10,2,3,1,3,0,1,11,3,12.29,0,4,1,1,0
58.8,8.65,1,13,3,2,1,3,0,1,18,1,6.84,1,6,1,0,0
78.53,6.33,4,12,3,0,1,4,1,3,7,3,20.29,1,1,0,0,0
87.81,5.41,4,10,1,2,1,3,0,9,1,1,1.0,1,1,1,0,0
81.96,4.4,5,10,2,4,1,1,0,15,13,3,28.95,1,3,1,0,0
78.15,6.43,3,11,1,2,1,2,0,1,3,2,12.22,1,5,1,0,0
68.22,5.01,4,10,1,1,1,3,0,9,8,3,6.24,1,6,1,1,0
100.0,8.49,3,12,4,3,1,2,0,24,10,2,13.81,1,1,1,0,0
57.42,4.8,5,11,1,0,1,2,0,7,3,2,16.93,1,2,1,0,0
84.87,8.24,2,10,3,0,1,1,0,1,1,2,13.71,1,2,1,0,0
69.15,6.64,5,12,3,2,1,1,0,15,1,3,14.3,1,5,1,0,0
81.19,10.0,2,13,1,0,1,3,0,13,23,1,1.0,1,1,1,0,0
72.93,6.13,3,10,2,2,1,2,0,11,14,2,23.29,1,6,1,1,0
91.03,6.34,5,13,3,2,1,1,0,1,1,3,9.74,1,5,1,0,0
86.51,7.37,5,12,4,0,1,1,0,19,19,1,10.53,1,4,1,0,0
66.87,8.38,2,14,3,1,1,4,0,15,9,3,15.85,1,4,0,0,0
100.0,5.08,7,11,3,2,1,3,0,4,7,3,4.2,1,6,1,0,0
77.7,6.76,5,11,3,2,1,3,1,11,1,3,21.53,1,6,1,0,0
44.79,4.06,10,14,4,0,1,2,1,13,12,3,11.58,1,3,1,1,0
98.42,4.58,6,10,1,1,1,3,0,21,2,1,7.32,0,2,1,0,0
78.7,8.16,3,13,4,2,1,3,0,8,1,3,16.35,1,5,1,0,0
42.13,4.58,9,13,4,3,1,3,0,1,1,3,1.0,1,2,0,0,0
48.89,5.17,5,11,3,3,0,1,0,11,16,3,12.85,1,1,1,0,1
84.27,7.35,3,10,2,0,1,4,0,7,9,3,14.42,1,2,1,1,0
35.68,1.83,8,11,1,4,1,4,0,17,21,1,20.8,1,6,1,1,0
17.47,1.49,10,12,0,3,0,4,0,30,22,2,12.42,1,1,1,1,1
54.28,5.87,7,14,2,0,1,4,0,9,18,3,10.49,1,5,1,0,0
49.28,4.23,7,13,4,0,1,1,0,1,7,1,13.53,1,5,0,0,0
45.0,2.4,8,10,2,0,1,1,0,1,11,1,1.0,1,2,0,0,0
72.71,10.0,0,13,3,4,1,3,0,14,6,2,2.69,1,2,1,0,0
54.04,7.38,3,14,2,2,1,4,0,37,14,2,14.74,1,5,1,0,0
49.77,5.14,7,11,2,0,1,1,0,11,6,3,27.15,1,6,1,0,0
58.12,4.52,9,13,2,0,1,4,0,30,1,3,1.0,1,6,0,0,0
67.58,5.48,7,13,3,0,1,2,0,13,8,1,26.78,1,2,1,0,0
75.71,6.81,5,10,2,1,1,2,0,1,8,2,13.49,1,4,1,0,0
54.67,5.59,6,13,1,3,1,3,0,17,1,1,24.04,1,6,1,0,0
95.79,4.19,7,11,4,4,1,4,0,20,3,2,25.71,1,5,1,0,0
69.92,8.75,2,14,3,0,1,1,0,19,3,3,31.79,1,1,1,0,0
91.79,7.11,5,14,3,0,1,3,0,27,2,1,20.44,1,2,1,0,0
85.49,6.79,3,12,3,1,1,4,0,33,9,1,17.41,1,1,1,1,0
74.3,5.97,6,13,4,2,1,3,0,11,7,1,8.25,0,1,1,0,0
74.3,7.02,5,12,1,0,1,1,0,20,7,2,16.23,1,3,1,0,0
75.96,1.87,10,13,2,3,1,4,0,6,22,3,19.13,1,3,0,0,0
80.12,7.8,4,11,2,0,1,1,0,11,10,1,14.99,1,6,1,0,0
57.25,4.45,7,12,2,0,1,4,0,1,11,3,6.61,1,6,0,0,0
56.02,7.37,5,12,4,0,1,4,0,20,7,1,20.74,1,2,0,0,0
100.0,7.54,2,10,2,0,1,4,0,13,12,1,17.86,1,2,1,0,0
11.6,,6,14,0,4,0,2,1,30,11,3,2.28,1,5,1,0,1
100.0,5.73,6,10,2,1,1,2,0,11,1,2,36.12,1,1,1,0,0
66.73,7.25,3,10,4,0,1,4,0,8,1,3,1.0,1,3,1,0,0
61.07,4.89,5,10,4,4,1,2,0,7,1,1,8.8,1,5,1,1,0
62.99,4.5,6,11,3,5,1,1,0,5,6,2,20.68,1,3,1,0,0
100.0,8.8,1,12,1,0,1,2,0,13,1,1,4.18,1,1,1,0,0
82.34,7.86,4,11,4,1,1,2,0,23,14,3,8.72,1,1,1,0,0
73.19,6.55,5,13,1,3,1,1,0,8,13,3,1.0,1,2,0,0,0
81.92,5.37,7,13,4,0,1,4,0,8,7,3,16.63,1,4,1,0,0
66.66,7.82,4,11,2,4,1,1,0,15,1,3,14.97,1,1,1,1,0
21.8,,6,12,0,5,0,3,0,49,34,2,22.43,1,3,1,0,1
89.4,4.13,7,12,2,0,1,1,0,1,1,2,11.37,1,4,0,0,0
34.0,6.19,5,12,1,5,0,3,0,9,1,3,15.43,1,2,1,0,1
89.31,5.83,4,11,4,5,1,3,0,8,22,2,2.25,1,6,1,0,0
79.76,5.78,5,12,3,2,1,4,0,3,14,1,5.49,1,6,1,0,0
86.06,5.01,5,10,4,0,1,2,0,3,19,2,21.52,0,6,1,0,0
43.13,2.53,8,12,3,1,1,3,0,9,3,2,24.65,1,6,0,1,0
79.05,4.11,8,13,4,1,1,2,0,12,14,3,15.96,0,6,1,1,0
66.04,2.18,10,13,1,3,1,1,0,7,1,2,14.43,1,1,0,0,0
93.53,6.51,5,12,2,3,1,1,0,5,1,3,9.69,1,1,1,0,0
92.03,6.39,6,12,1,4,1,4,0,1,4,2,14.08,0,1,1,0,0
100.0,6.77,4,12,3,3,1,1,0,1,7,3,3.87,0,2,1,0,0
100.0,6.48,4,13,4,1,1,2,0,10,1,1,39.83,1,1,1,0,0
87.75,7.13,3,11,4,3,1,3,0,10,5,2,1.0,1,1,1,1,0
89.64,7.82,4,11,1,6,1,1,0,10,1,2,17.57,1,3,1,0,0
76.51,2.51,9,12,2,3,1,2,0,28,1,2,9.52,1,5,0,0,0
59.39,6.28,5,10,1,0,1,4,0,9,11,2,9.76,0,2,1,0,0
67.71,3.28,9,14,1,3,1,2,0,1,4,2,1.0,1,3,0,0,0
85.19,5.94,4,12,4,0,1,2,1,5,1,2,14.79,1,2,1,0,0
61.02,4.79,6,11,3,0,1,2,0,4,9,2,14.48,1,6,1,0,0
71.6,5.79,4,10,1,3,1,1,0,11,8,3,12.97,1,3,1,1,0
41.89,6.5,3,10,2,3,1,3,0,1,21,1,8.54,1,5,1,0,0
79.13,6.88,3,12,2,0,1,3,0,5,25,3,1.0,1,4,1,0,0
81.61,5.78,7,14,3,1,1,3,0,8,11,2,18.72,1,6,0,1,0
70.94,6.26,5,11,3,3,1,3,0,1,15,3,16.11,1,3,1,0,0
18.57,3.21,10,14,2,3,0,1,0,19,19,1,16.29,1,5,1,1,1
87.8,5.94,6,11,1,2,1,3,1,23,3,3,18.21,1,3,1,0,0
54.83,6.73,4,14,4,4,1,4,0,28,13,1,17.34,1,1,0,0,0
52.59,5.92,6,13,4,1,1,4,0,8,1,2,11.59,1,3,0,0,0
98.06,6.53,5,13,3,0,1,1,0,5,3,1,9.34,1,1,1,0,0
42.71,7.17,5,11,4,0,1,4,0,4,12,2,12.41,1,3,1,0,0
55.88,9.27,2,12,3,2,1,4,0,9,29,1,13.6,1,5,1,0,0
35.31,0.71,10,12,3,5,1,4,1,1,8,1,27.7,1,2,0,1,0
72.99,6.42,5,12,2,0,1,1,0,11,1,2,7.82,1,2,0,0,0
86.39,5.09,5,12,4,0,1,1,0,20,2,3,1.0,0,1,1,1,0
44.48,5.29,7,11,3,3,1,3,1,1,11,2,2.46,1,6,1,1,0
7.07,4.28,8,12,2,5,0,3,0,27,31,2,29.11,0,4,1,0,1
19.39,,6,11,0,9,0,3,0,58,42,3,1.26,1,3,0,0,1
80.9,7.94,2,12,2,1,1,2,0,5,1,1,1.45,1,2,1,1,0
61.78,4.97,7,13,4,5,1,1,0,2,1,3,5.34,1,1,0,0,0
94.89,6.62,5,11,1,2,1,4,1,18,9,1,24.86,1,1,1,0,0
80.5,7.68,5,14,2,1,1,2,0,1,8,1,13.26,0,6,1,0,0
62.81,4.19,8,13,2,3,1,4,0,1,1,2,1.0,1,5,1,0,0
60.0,2.72,10,11,4,2,1,2,1,2,3,3,1.0,1,2,1,0,0
96.99,6.51,3,10,3,2,1,1,0,3,5,1,12.37,1,1,1,0,0
65.59,5.35,7,14,3,2,1,4,0,13,9,2,23.92,1,6,1,0,0
90.59,5.1,5,11,3,0,1,2,0,19,7,1,15.2,1,1,1,0,0
94.14,4.74,6,11,2,0,1,4,0,37,13,1,34.79,1,4,1,0,0
66.78,7.85,4,14,3,3,1,1,1,10,1,1,4.25,0,1,1,0,0
57.09,7.75,3,14,1,3,1,4,0,13,6,3,9.36,1,6,1,0,0
45.84,4.5,5,10,4,2,1,1,1,8,1,3,3.02,1,6,1,1,0
81.46,5.97,6,14,3,2,1,1,0,6,1,1,12.83,1,6,1,0,0
68.33,5.93,4,12,4,0,1,4,1,18,16,2,9.31,1,5,1,0,0
48.94,6.68,4,13,1,3,1,3,0,26,21,1,14.51,1,5,1,1,0
75.49,4.18,6,10,1,2,1,4,1,1,5,2,11.4,1,2,1,0,0
100.0,6.1,6,14,1,5,1,1,0,19,8,2,11.7,1,3,1,0,0
84.98,6.55,5,14,4,0,1,4,0,10,2,1,1.0,0,4,1,0,0
85.24,5.42,5,10,2,0,1,2,0,25,8,3,19.85,0,3,1,0,0
71.49,7.22,3,11,4,2,1,4,0,16,9,2,15.84,0,3,1,0,0
56.21,0.72,10,13,1,1,1,4,1,3,1,2,27.19,1,3,0,0,0
72.95,7.0,6,14,4,1,1,3,1,12,1,3,27.75,1,6,1,0,0
49.28,3.48,10,13,4,0,1,2,0,2,1,2,13.03,1,6,1,1,0
51.32,2.97,8,11,3,3,1,4,1,1,14,1,12.31,1,5,1,0,0
81.76,3.25,10,12,3,5,1,2,1,19,1,2,1.0,1,6,0,0,0
27.86,5.03,6,14,1,6,0,3,0,24,3,1,16.57,1,3,1,0,1
70.08,4.31,5,10,2,2,1,2,0,14,6,2,4.86,1,4,0,0,0
13.29,2.04,7,10,0,6,0,4,0,26,17,3,7.02,1,4,1,0,1
74.95,6.61,4,11,3,4,1,4,0,11,1,2,13.87,1,6,1,0,0
71.4,4.33,7,14,4,0,1,4,0,2,21,3,20.6,1,3,0,0,0
70.28,8.51,2,13,2,2,1,2,0,6,1,1,17.5,0,1,1,1,0
74.44,6.12,5,13,4,0,1,4,0,12,17,1,20.68,1,6,1,0,0
77.45,4.94,6,13,2,2,1,1,1,11,9,2,10.68,1,2,1,0,0
61.13,9.04,3,13,2,3,1,4,1,21,1,1,1.0,1,3,1,0,0
68.64,5.02,6,13,4,2,1,1,0,8,9,2,10.79,1,6,1,0,0
56.94,2.76,10,14,3,2,1,4,0,1,13,1,19.98,1,3,0,0,0
76.72,5.44,7,14,4,0,1,2,0,10,15,3,7.05,1,2,1,0,0
87.48,7.01,5,12,2,3,1,2,1,22,1,1,27.54,1,4,1,0,0
67.78,6.55,4,10,2,6,1,1,1,9,15,1,21.59,1,5,1,0,0
62.3,2.35,10,12,3,1,1,3,0,1,1,2,21.26,1,1,0,1,0
79.94,5.9,7,13,1,2,1,4,0,20,8,2,16.72,1,3,1,0,0
70.09,4.65,7,12,4,6,1,4,0,11,1,3,24.28,1,1,0,0,0
45.89,6.64,6,13,3,0,1,4,0,1,6,2,22.22,1,4,0,0,0
80.89,5.7,6,11,3,1,1,4,0,8,12,2,18.7,1,1,1,0,0
63.53,6.64,4,14,4,1,1,4,0,29,11,1,20.75,1,5,1,1,0
67.16,8.06,2,10,3,2,1,2,0,12,1,3,31.83,1,6,1,0,0
100.0,5.08,4,10,3,3,1,4,0,17,6,2,14.1,1,6,1,0,0
88.07,5.11,5,12,1,1,1,1,0,27,1,1,20.21,1,2,1,0,0
76.32,3.5,6,10,1,0,1,3,0,1,12,3,10.85,1,1,0,0,0
71.7,9.15,2,11,3,1,1,3,0,18,8,2,10.78,1,3,1,0,0
98.16,7.31,4,12,3,0,1,2,0,9,17,2,23.78,1,4,1,0,0
93.69,5.51,5,11,1,0,1,3,0,19,1,2,3.59,1,4,1,0,0
39.13,4.13,9,14,3,6,0,1,0,9,5,2,1.0,1,2,0,0,1
62.3,6.07,7,14,1,2,1,1,0,1,9,3,1.0,0,6,1,0,0
75.35,7.58,3,14,2,0,1,4,0,21,17,3,24.59,1,4,1,0,0
23.86,,10,14,0,4,0,1,0,41,25,1,6.08,1,4,0,0,1
85.19,6.31,4,11,3,1,1,2,0,10,18,3,27.79,1,1,1,0,0
7.13,2.2,9,10,2,5,0,3,0,53,16,3,18.92,1,3,1,1,1
70.31,2.82,7,11,2,1,1,1,1,24,3,2,1.0,1,6,0,0,0
68.74,3.19,8,10,3,0,1,2,0,6,11,2,4.74,1,6,1,0,0
79.81,4.51,6,11,1,4,1,4,1,1,7,2,17.96,1,3,1,1,0
69.82,5.67,4,10,2,3,1,3,0,4,1,3,1.0,1,3,0,0,0
53.49,5.01,5,11,2,0,1,1,0,12,8,3,1.0,1,6,1,0,0
100.0,6.45,4,12,1,4,1,1,0,1,10,1,4.08,1,3,1,0,0
62.92,6.39,3,11,3,0,1,4,1,1,1,2,9.72,1,6,1,0,0
95.17,4.12,7,11,4,3,1,3,0,17,1,2,25.42,1,1,1,0,0
3.07,4.16,7,13,1,7,0,2,0,21,23,3,1.0,1,1,0,0,1
57.53,6.88,3,11,1,0,1,3,0,33,4,1,16.9,1,4,1,0,0
17.4,1.81,10,11,1,4,0,2,1,45,30,2,14.31,1,2,0,0,1
66.97,4.97,6,11,1,1,1,1,0,12,1,3,6.19,1,2,0,1,0
70.49,1.58,10,13,3,5,1,1,1,1,1,2,17.56,1,3,1,0,0
68.25,4.41,9,13,1,3,1,3,1,3,1,3,21.42,1,2,1,0,0
79.63,5.01,6,12,4,4,1,3,1,11,16,1,8.15,1,2,1,0,0
54.78,6.29,6,11,2,0,1,1,0,1,1,3,1.67,1,3,0,0,0
62.71,5.27,5,12,2,0,1,4,0,13,13,3,12.76,1,6,0,1,0
69.88,4.28,5,10,4,6,1,2,0,1,1,1,7.87,0,3,0,0,0
90.49,7.05,5,11,4,3,1,2,0,5,13,2,15.88,1,1,1,1,0
100.0,4.07,8,13,3,2,1,4,0,13,19,1,14.83,1,3,1,0,0
65.95,5.52,7,13,3,0,1,2,0,15,1,1,27.59,1,3,1,0,0
68.53,7.17,4,14,4,0,1,1,0,31,12,2,1.54,0,6,1,0,0
79.84,3.42,8,10,3,0,1,3,0,9,1,1,30.21,1,2,1,1,0
100.0,6.0,6,14,3,0,1,3,0,12,7,2,25.75,1,6,1,0,0
100.0,5.83,7,13,2,1,1,3,0,1,5,1,23.86,0,6,1,0,0
60.32,6.29,5,14,1,3,1,2,0,14,11,1,13.48,1,1,1,0,0
98.26,6.39,6,13,2,0,1,2,0,1,3,1,1.14,1,3,1,0,0
67.8,5.27,4,10,2,3,1,4,0,19,1,1,1.0,0,3,1,0,0
48.93,4.39,7,14,1,3,1,3,0,6,1,3,20.76,1,1,1,0,0
83.83,3.31,6,10,3,2,1,3,0,21,15,3,6.7,1,5,1,0,0
50.79,2.87,9,11,3,3,1,1,1,15,1,3,16.88,1,6,1,0,0
82.05,7.52,3,14,4,2,1,1,0,1,11,2,1.0,1,4,1,0,0
61.62,4.81,8,13,2,1,1,1,0,18,16,3,10.38,1,3,0,0,0
13.12,,10,12,0,6,0,3,0,42,22,3,29.95,1,6,1,1,1
70.81,6.22,5,11,2,3,1,4,0,1,4,3,12.55,1,2,1,0,0
68.11,7.4,3,13,2,4,1,3,0,1,12,2,2.32,1,4,1,0,0
100.0,3.64,8,13,4,0,1,1,0,1,11,2,27.61,1,4,1,0,0
92.47,6.65,5,14,4,3,1,2,0,4,1,3,24.52,1,1,1,0,0
73.16,5.81,6,12,2,0,1,3,0,1,7,1,14.98,1,4,1,0,0
76.8,7.23,4,14,1,0,1,3,0,13,1,2,3.72,0,3,1,0,0
68.36,8.12,2,11,2,4,1,2,0,27,12,3,48.03,1,5,1,0,0
80.62,7.99,3,11,2,5,1,4,0,24,14,3,7.81,1,1,1,0,0
9.52,,6,11,0,5,0,2,0,33,19,1,27.63,1,6,1,0,1
62.83,5.16,8,13,2,0,1,2,1,6,7,3,6.2,1,2,1,0,0
90.31,4.76,5,11,2,2,1,4,0,24,1,2,1.0,1,1,1,0,0
65.33,4.55,8,13,1,5,1,3,0,1,16,2,23.14,1,2,1,1,0
54.31,5.54,6,13,1,2,1,3,0,1,4,1,4.23,1,6,1,1,0
81.2,4.43,6,10,4,1,1,1,1,12,3,2,3.83,1,2,1,0,0
72.88,9.15,2,14,1,1,1,1,0,10,8,1,22.05,1,6,1,0,0
75.44,5.61,6,14,2,2,1,2,0,7,5,2,2.41,1,1,1,1,0
38.02,3.62,7,10,1,4,1,2,0,16,13,2,19.67,1,4,0,1,0
74.7,4.05,7,13,4,1,1,3,0,17,1,1,11.83,1,6,1,1,0
58.37,4.29,6,12,3,2,1,2,1,1,19,1,24.45,1,4,1,1,0
36.83,3.2,7,10,1,5,1,4,0,4,2,3,26.47,1,4,1,1,0
82.1,3.6,8,11,3,0,1,4,0,19,6,1,1.0,1,4,1,1,0
59.4,4.15,8,11,3,6,1,1,1,10,4,2,3.77,1,6,1,1,0
28.92,5.26,5,10,1,7,0,3,1,26,5,1,9.6,1,1,1,0,1
83.99,6.01,5,11,1,0,1,3,0,13,6,2,8.94,0,4,1,1,0
71.29,4.55,8,13,4,0,1,3,0,19,5,1,1.0,1,1,1,0,0
72.58,9.47,0,13,2,3,1,4,0,10,4,3,17.3,1,4,1,0,0
55.35,5.32,6,14,1,0,1,2,0,6,2,1,1.0,1,1,1,0,0
30.86,0.74,10,13,2,2,1,1,1,18,4,3,23.67,1,4,0,1,0
72.06,4.77,7,12,4,2,1,1,0,15,1,3,30.93,1,1,1,1,0
91.45,7.6,5,14,4,3,1,4,1,15,7,1,1.0,0,4,1,0,0
42.19,2.95,9,14,4,0,1,3,1,13,1,3,9.44,1,1,0,0,0
75.69,6.1,3,10,1,1,1,3,0,7,12,2,1.0,1,1,1,0,0
95.37,6.82,4,11,3,0,1,4,0,3,1,3,6.74,1,1,1,0,0
71.88,5.19,5,10,3,3,1,4,0,6,24,1,1.0,1,3,0,0,0
49.09,5.32,6,12,2,4,1,2,1,1,1,2,15.45,1,3,1,1,0
66.6,8.61,2,14,2,2,1,4,1,3,14,1,21.39,1,3,1,0,0
69.15,4.97,7,11,2,2,1,3,0,17,1,3,24.12,1,5,1,1,0
51.73,7.22,5,14,2,0,1,4,0,1,2,3,1.0,1,5,1,1,0
74.34,4.66,6,12,3,1,1,4,0,8,10,1,23.95,1,5,1,0,0
62.11,7.77,3,14,2,1,1,4,0,24,1,3,1.0,1,2,1,0,0
62.55,7.18,3,12,2,4,1,4,1,15,5,3,1.0,1,2,1,0,0
61.16,8.16,4,12,1,3,1,2,0,1,1,1,6.55,1,1,1,0,0
79.83,6.89,4,13,2,0,1,4,0,24,21,1,14.97,1,4,1,0,0
84.02,6.04,4,12,1,0,1,3,1,12,11,2,3.14,1,3,1,0,0
2.18,3.38,10,13,1,5,0,2,1,44,29,1,27.86,0,3,1,1,1
67.37,8.51,2,14,2,3,1,3,0,1,11,1,4.12,1,4,0,0,0
45.77,5.01,7,12,2,0,1,4,1,1,22,2,10.42,1,6,1,0,0
67.25,8.27,2,12,2,2,1,4,0,25,1,2,24.07,1,6,1,0,0
95.74,5.8,5,10,3,1,1,3,0,10,3,3,1.0,1,4,1,1,0
95.29,3.4,7,10,2,0,1,4,0,12,1,3,19.7,1,6,1,0,0
62.72,4.93,7,12,2,3,1,3,0,5,9,1,12.95,1,1,1,1,0
66.74,6.2,5,10,2,0,1,1,0,1,1,2,24.05,0,3,0,0,0
97.2,6.58,6,13,1,0,1,4,1,16,17,1,14.0,1,6,1,0,0
98.2,3.6,10,14,4,1,1,1,0,4,1,2,1.97,1,1,0,0,0
97.11,6.05,3,10,1,0,1,2,0,12,13,2,1.0,1,5,1,0,0
58.38,6.6,4,11,1,0,1,2,0,13,10,3,12.0,1,3,1,1,0
0.0,0.59,10,10,0,7,0,1,0,49,23,2,35.39,1,2,0,0,1
84.52,6.19,6,13,4,0,1,4,0,8,3,3,14.52,1,5,1,0,0
52.92,5.53,5,11,3,0,1,4,1,1,7,1,1.0,1,3,1,0,0
84.35,9.15,3,12,1,3,1,3,0,1,4,1,1.0,1,4,1,0,0
60.88,3.5,9,12,4,3,1,4,0,11,1,3,15.21,1,3,1,0,0
86.76,5.51,5,10,2,3,1,3,0,12,5,2,27.3,1,2,1,0,0
72.48,5.2,7,13,4,2,1,1,0,1,1,2,1.0,1,2,1,0,0
70.59,4.23,6,12,1,2,1,3,0,16,1,1,10.57,1,6,1,1,0
75.79,4.82,9,14,3,0,1,4,0,8,16,3,1.37,1,2,0,0,0
79.03,6.22,5,13,3,0,1,1,0,10,11,2,1.0,1,3,0,0,0
46.69,6.2,6,11,4,4,1,2,1,1,2,2,9.07,1,2,1,1,0
76.23,6.8,5,12,3,3,1,3,0,2,6,1,19.98,1,2,1,0,0
45.47,5.84,5,11,3,4,1,2,0,8,17,2,8.94,1,2,1,0,0
74.62,7.59,3,12,4,3,1,4,0,1,1,1,12.26,1,6,1,0,0
53.59,9.11,1,12,2,1,1,2,0,10,16,1,1.0,1,6,1,0,0
17.61,,7,12,0,4,0,4,0,42,24,3,3.17,1,5,0,0,1
80.87,4.95,5,11,3,0,1,4,0,23,4,2,4.28,1,4,1,0,0
73.85,8.83,2,14,2,0,1,3,0,18,1,1,35.31,1,1,1,0,0
95.88,5.42,5,12,2,1,1,4,1,11,1,3,1.0,1,1,1,0,0
72.37,4.99,8,14,2,0,1,4,0,1,1,3,32.78,1,1,0,0,0
61.96,6.03,4,10,2,2,1,1,1,14,7,3,20.81,1,4,1,0,0
74.0,5.29,8,14,1,0,1,4,1,12,6,3,11.39,0,1,1,0,0
75.62,6.15,6,11,2,1,1,1,0,14,7,2,6.46,0,5,1,0,0
76.7,7.2,3,11,1,0,1,2,0,7,7,1,17.97,0,4,1,1,0
80.5,7.54,4,10,4,2,1,2,0,30,4,3,1.0,1,4,1,0,0
56.19,2.37,10,11,1,1,1,1,0,18,2,1,1.08,0,5,1,1,0
69.98,7.6,4,13,4,0,1,2,0,25,12,2,10.57,0,4,0,0,0
56.33,4.54,7,11,1,4,1,1,0,3,1,3,1.0,1,5,1,0,0
100.0,4.83,5,10,1,0,1,4,0,22,9,3,6.52,1,1,1,0,0
61.38,6.22,6,11,2,5,1,2,0,10,1,1,9.73,1,6,0,1,0
73.64,6.47,6,12,3,2,1,1,0,1,2,2,6.92,0,3,1,1,0
67.89,6.33,5,13,4,0,1,1,0,5,3,2,11.26,1,1,1,1,0
75.25,4.82,6,10,2,1,1,3,1,4,2,3,12.06,1,4,1,0,0
18.94,,6,12,0,5,0,3,0,30,28,2,31.33,1,5,1,0,1
62.13,7.12,4,13,2,0,1,1,0,1,4,1,3.71,1,3,1,0,0
66.87,3.62,9,14,3,0,1,1,1,1,16,2,18.1,1,1,0,0,0
100.0,9.01,3,13,3,0,1,3,0,14,16,2,21.38,1,3,1,0,0
37.15,4.36,6,12,1,7,1,2,0,14,5,3,17.7,1,3,0,1,0
84.48,6.41,6,13,4,4,1,3,0,15,6,1,27.63,0,1,1,0,0
57.88,2.88,10,13,2,1,1,2,0,12,6,3,28.0,1,5,0,0,0
1.75,,9,10,0,4,0,3,0,65,34,3,17.61,1,1,0,0,1
48.24,3.78,10,13,1,4,1,2,1,7,17,3,1.0,1,3,1,1,0
62.03,5.69,7,12,3,4,1,2,0,29,5,3,24.46,1,4,1,0,0
81.81,5.77,6,14,4,3,1,1,0,4,3,2,6.92,1,4,0,0,0
82.56,7.63,3,13,3,0,1,3,0,12,16,2,9.86,1,3,1,0,0
50.07,5.85,6,10,3,1,1,2,0,15,13,2,12.69,1,5,1,1,0
28.13,,6,10,0,2,0,2,0,28,1,3,24.67,1,3,1,0,1
79.45,3.82,8,12,2,0,1,4,0,13,16,1,15.84,1,1,1,1,0
66.4,4.1,10,14,3,0,1,4,1,1,8,3,8.67,0,4,1,1,0
35.38,5.34,5,11,4,5,1,2,0,4,1,1,18.39,1,5,1,0,0
33.76,3.24,10,12,2,4,1,4,0,1,10,2,1.0,1,2,1,1,0
64.97,6.19,4,10,1,4,1,4,1,3,1,1,22.35,1,6,1,1,0
35.58,2.71,9,10,4,4,0,3,0,22,1,1,32.29,1,2,0,1,1
86.57,3.65,9,13,3,2,1,2,1,8,13,3,2.62,1,2,1,0,0
46.67,7.19,2,10,3,1,1,3,0,17,13,1,1.0,1,5,1,0,0
54.58,7.31,3,11,2,4,1,2,0,1,4,3,1.0,1,1,1,1,0
69.6,7.35,4,12,2,1,1,1,0,2,1,1,10.87,1,2,1,0,0
72.19,5.36,8,13,1,4,1,3,0,10,2,3,14.96,1,5,0,1,0
74.34,5.87,4,10,1,0,1,2,0,8,5,3,6.32,1,6,1,1,0
92.67,4.52,8,13,4,0,1,4,0,30,18,1,1.0,0,6,1,0,0
74.02,8.61,2,11,2,3,1,3,0,1,1,3,6.91,1,6,1,0,0
53.5,3.7,9,14,2,1,1,1,0,15,13,1,6.34,1,1,0,1,0
52.03,4.61,7,11,2,3,1,3,0,7,3,3,16.83,1,6,1,0,0
90.44,7.2,4,10,3,0,1,2,0,2,1,1,3.09,1,1,1,0,0
53.14,5.74,5,12,4,0,1,3,0,7,18,3,18.52,1,6,1,0,0
66.59,8.89,3,14,2,0,1,2,0,1,11,1,1.0,1,5,1,1,0
19.27,,9,10,0,5,1,4,1,32,41,2,25.92,1,4,1,1,1
82.46,4.9,9,14,1,2,1,3,1,27,15,3,3.31,1,4,1,0,0
76.54,8.51,3,14,3,1,1,3,0,10,5,1,2.68,1,2,1,0,0
54.96,5.0,7,10,4,4,1,2,0,16,1,3,14.93,1,4,0,0,0
78.88,5.21,7,12,1,1,1,3,0,9,1,3,14.71,1,1,1,0,0
66.22,6.91,4,14,3,3,1,4,0,10,16,1,24.25,1,6,0,1,0
10.14,2.49,10,12,2,3,0,4,0,28,23,1,19.71,1,4,1,0,1
73.2,4.98,5,10,2,0,1,2,0,7,1,3,10.27,1,6,0,1,0
0.0,1.45,10,13,1,4,0,2,1,37,28,1,4.53,0,5,1,1,1
55.7,7.69,4,13,3,1,1,1,0,13,13,2,3.89,1,4,1,0,0
91.16,9.12,1,12,4,1,1,4,0,16,7,2,9.43,1,3,1,0,0
74.0,6.34,6,12,4,3,1,1,0,1,11,3,30.42,1,1,1,0,0
11.14,2.2,10,14,0,4,0,1,0,31,26,1,15.97,1,5,1,0,1
91.79,8.72,1,13,4,0,1,3,0,1,3,2,12.67,1,2,1,0,0
0.0,3.47,8,12,0,1,0,3,0,17,26,3,12.75,1,5,1,0,1
58.36,6.35,4,10,1,0,1,2,0,19,1,3,14.23,0,6,1,1,0
61.03,5.37,7,13,3,1,1,2,0,7,9,2,8.44,1,6,0,0,0
69.16,4.78,5,11,1,0,1,3,0,12,1,3,11.6,1,3,0,0,0
53.12,3.32,9,11,3,1,1,3,1,17,11,3,18.39,0,3,1,1,0
59.37,6.78,4,11,1,3,1,3,1,2,1,3,9.92,0,5,1,0,0
91.49,6.26,7,14,4,2,1,1,0,1,16,3,8.79,1,3,1,0,0
84.94,6.29,5,13,4,3,1,4,0,1,17,1,8.71,1,6,1,1,0
0.0,5.74,6,10,1,3,0,4,0,36,24,3,7.81,1,3,1,1,1
92.82,5.37,6,14,1,3,1,4,0,29,6,1,9.46,1,5,1,0,0
88.99,5.45,6,11,1,2,1,4,0,7,18,1,7.11,1,4,1,0,0
75.78,7.88,2,10,3,3,1,2,0,5,11,1,10.92,1,1,1,0,0
82.1,2.46,9,13,4,1,1,2,0,18,13,3,9.76,1,4,1,0,0
90.04,4.88,7,11,1,2,1,4,0,9,11,2,21.0,1,2,1,0,0
57.88,6.5,4,11,1,0,1,1,0,35,15,2,10.25,0,2,1,0,0
53.26,3.79,7,11,4,3,1,3,0,14,18,2,1.0,1,5,0,1,0
65.8,4.57,8,12,4,1,1,3,0,13,11,1,26.61,1,4,1,1,0
89.43,9.47,2,12,3,1,1,2,0,12,1,2,8.87,1,4,1,1,0
64.16,7.93,3,14,1,0,1,1,0,13,9,1,8.88,0,6,1,0,0
90.46,3.89,7,10,3,3,1,4,0,12,4,2,22.31,1,5,0,0,0
93.12,9.01,3,14,1,4,1,2,0,7,8,3,4.16,1,4,1,0,0
33.81,2.87,8,11,1,4,1,4,0,12,12,1,9.36,1,6,1,0,0
61.56,5.52,6,11,2,0,1,2,0,4,16,1,21.17,1,6,0,0,0
61.04,8.58,2,10,3,1,1,3,0,22,13,3,7.04,1,1,1,0,0
73.26,5.67,4,11,1,1,1,3,0,9,1,3,1.0,1,5,1,0,0
82.17,4.83,7,11,4,0,1,4,0,9,3,3,31.36,1,6,1,0,0
15.59,,8,14,0,3,0,4,0,51,32,3,29.92,1,2,1,0,1
90.26,4.78,7,14,1,5,1,2,0,2,5,3,2.92,1,2,1,0,0
64.15,8.56,3,11,2,5,1,1,0,2,6,2,8.01,1,6,1,0,0
65.67,8.93,2,12,3,4,1,3,0,10,1,2,13.89,1,5,0,0,0
95.73,6.19,4,12,1,5,1,1,0,22,6,1,2.54,1,2,1,1,0
85.11,4.49,7,11,4,2,1,3,0,7,18,3,11.66,1,4,0,1,0
72.02,3.03,7,10,4,0,1,4,0,7,17,3,4.75,0,3,1,0,0
41.82,5.19,7,14,2,0,1,3,1,25,16,2,25.35,1,4,0,0,0
48.18,6.11,4,11,2,1,1,2,0,31,1,2,1.27,1,5,1,0,0
98.88,3.66,8,13,2,2,1,1,1,17,15,2,17.21,1,4,1,0,0
74.06,5.68,6,11,4,0,1,1,1,1,14,1,1.0,1,2,1,0,0
34.1,4.76,8,12,4,5,0,1,0,34,1,2,1.0,1,3,1,0,1
64.8,8.49,1,11,1,2,1,1,0,1,13,3,3.58,1,6,1,0,0
8.36,3.35,8,12,1,4,0,3,1,34,19,1,16.9,1,2,1,0,1
67.88,3.35,10,14,2,2,1,1,0,10,5,1,6.16,0,2,0,0,0
59.79,6.84,3,10,1,3,1,4,0,13,1,1,2.5,1,4,1,0,0
81.38,4.46,9,14,2,0,1,1,0,1,18,3,25.38,1,3,1,0,0
76.48,7.54,5,13,4,0,1,3,0,1,11,2,6.75,0,4,1,0,0
0.0,1.78,9,12,0,7,0,2,0,33,12,2,3.04,0,4,0,1,1
63.25,8.3,2,13,1,4,1,3,0,1,10,1,1.0,1,6,1,0,0
79.5,6.42,5,13,4,1,1,1,0,24,10,2,14.2,0,1,1,1,0
90.54,5.02,8,13,3,4,1,3,0,13,1,2,15.25,1,1,1,1,0
53.79,6.99,5,12,2,4,1,2,0,4,15,1,26.43,1,6,0,1,0
74.62,6.56,5,10,2,4,1,3,0,4,4,1,23.66,1,3,1,0,0
88.08,6.86,5,14,4,3,1,2,0,1,1,2,11.2,0,2,1,0,0
45.72,5.5,7,12,2,0,0,1,0,1,1,1,17.26,1,6,1,0,1
53.67,1.86,10,10,3,0,1,2,0,1,13,2,1.0,1,2,0,1,0
55.11,5.87,4,12,3,4,1,2,0,11,21,2,14.89,1,5,0,1,0
49.35,6.76,4,14,3,1,1,2,0,11,10,1,16.89,1,6,1,1,0
0.0,,10,10,0,5,0,1,0,36,18,2,1.0,1,4,0,0,1
10.63,3.74,7,10,2,3,0,2,0,37,21,1,14.47,1,6,1,0,1
54.51,6.41,7,14,4,1,1,2,1,17,10,3,6.87,1,3,1,1,0
39.76,0.65,10,11,1,4,1,3,1,13,2,2,5.16,1,1,0,1,0
70.99,6.31,5,11,4,0,1,3,0,1,8,2,31.22,1,3,0,0,0
80.26,6.59,5,12,1,2,1,3,0,1,3,1,9.43,1,4,1,0,0
64.83,5.66,5,12,2,0,1,3,0,1,1,1,4.67,1,2,1,0,0
89.89,8.46,3,13,3,3,1,3,0,26,12,1,20.33,1,4,1,0,0
62.93,4.97,6,13,1,2,1,4,0,11,2,2,19.14,0,2,0,0,0
66.35,5.15,6,11,3,3,1,4,0,8,6,2,1.0,1,2,0,1,0
63.84,5.86,6,14,2,1,1,2,0,21,5,3,9.36,1,1,1,0,0
80.37,6.87,3,11,3,2,1,4,0,1,6,1,14.23,1,5,1,0,0
79.74,9.39,1,13,3,1,1,3,0,4,1,3,10.16,1,4,1,1,0
70.17,3.8,9,14,1,0,1,4,0,25,1,3,27.93,1,5,0,0,0
56.43,4.33,7,13,4,1,1,4,0,9,1,1,2.62,1,5,1,0,0
51.63,6.1,7,13,2,3,1,1,1,30,9,1,10.99,1,4,1,1,0
73.4,5.65,8,14,4,2,1,3,0,12,7,1,4.94,1,3,1,0,0
57.43,1.77,10,13,4,0,1,4,0,6,1,3,30.04,0,5,0,0,0
75.35,4.99,5,10,1,0,1,3,0,17,1,3,9.98,1,3,1,0,0
100.0,6.12,6,13,2,4,1,4,0,14,19,3,32.73,1,1,1,0,0
78.36,6.04,7,13,2,2,1,3,0,4,1,3,32.31,1,1,1,0,0
60.58,5.86,6,10,3,2,1,3,0,10,1,3,17.13,1,1,1,0,0
33.84,4.57,6,11,3,4,0,2,0,13,10,1,1.0,1,1,1,0,1
71.8,6.35,6,14,4,1,1,3,0,8,16,3,15.86,1,1,1,0,0
67.95,9.79,1,10,3,2,1,3,0,18,21,2,15.37,1,6,1,0,0
100.0,4.8,8,13,1,1,1,4,0,8,11,1,23.56,1,3,1,0,0
61.23,8.71,2,11,3,4,1,2,0,8,1,3,13.88,1,3,1,1,0
87.61,5.72,6,10,3,3,1,4,0,13,17,3,22.77,1,2,1,0,0
86.23,3.77,9,14,3,2,1,2,0,1,1,3,1.0,0,4,0,0,0
23.32,2.88,9,14,1,6,1,4,1,65,24,2,13.46,1,5,1,1,0
94.96,6.84,5,11,3,0,1,1,0,3,7,2,24.77,1,4,1,0,0
61.31,7.75,2,11,1,0,1,4,0,20,6,3,1.15,1,3,0,0,0
66.41,8.89,2,11,1,0,1,4,0,11,18,1,14.5,0,4,1,0,0
31.81,4.44,7,13,2,3,1,3,0,17,14,1,12.74,1,3,1,0,0
68.23,7.9,2,13,2,1,1,2,0,14,4,3,3.39,1,2,1,0,0
40.96,5.01,7,12,1,2,1,3,0,1,16,2,29.83,0,5,1,1,0
71.56,6.54,5,10,2,5,1,2,0,3,4,2,27.66,1,4,1,0,0
89.31,6.95,4,11,1,1,1,1,0,24,4,1,1.0,1,3,1,0,0
98.06,6.5,5,10,2,0,1,4,0,15,6,2,2.23,1,2,1,0,0
77.04,6.34,4,12,2,0,1,1,0,4,4,3,2.32,1,6,1,0,0
47.81,4.03,6,10,4,1,1,1,0,8,10,2,14.81,1,5,1,0,0
55.16,5.35,5,11,2,1,1,2,1,24,2,2,1.0,0,4,1,0,0
83.13,6.2,5,12,3,4,1,3,0,1,4,1,1.2,1,4,0,0,0
57.3,6.71,4,13,3,0,1,3,0,23,9,1,8.21,1,6,1,1,0
77.48,5.73,4,10,3,4,1,2,0,1,1,2,12.59,0,3,1,0,0
33.61,5.22,7,12,2,6,0,2,0,11,1,2,21.62,1,4,0,0,1
55.98,6.13,4,12,1,0,1,4,0,20,14,3,11.54,1,3,1,1,0
89.17,8.02,3,14,3,0,1,2,0,12,10,1,1.0,1,4,1,0,0
69.44,3.89,8,10,1,4,1,4,1,6,12,2,25.54,1,3,1,0,0
70.0,4.69,6,10,4,1,1,2,1,10,1,3,26.43,1,3,1,0,0
70.92,7.74,2,13,3,1,1,1,0,1,8,1,26.69,1,6,1,0,0
75.66,6.04,5,10,3,0,1,3,0,1,1,1,15.36,1,5,1,1,0
45.58,7.26,4,11,1,0,1,1,0,20,13,2,13.7,0,6,1,0,0
64.3,6.75,5,12,1,2,1,1,0,1,3,3,26.51,1,3,1,1,0
73.49,4.27,6,10,1,0,1,4,1,16,1,3,10.17,1,1,1,1,0
49.6,6.01,4,11,1,4,1,2,0,6,14,1,1.0,1,5,0,0,0
72.87,4.18,7,11,1,1,1,4,0,19,18,2,22.34,0,6,1,0,0
61.12,4.28,10,14,3,0,1,2,0,1,1,2,12.58,1,6,1,1,0
75.44,6.77,6,14,3,1,1,3,1,1,8,3,1.0,1,5,1,0,0
67.79,3.88,9,12,1,2,1,4,1,9,4,2,17.1,1,2,1,1,0
100.0,5.84,5,12,4,1,1,1,0,11,18,1,13.49,1,4,0,0,0
41.67,4.01,9,12,4,2,1,1,0,13,1,2,23.94,1,5,0,0,0
71.46,5.78,4,11,3,0,1,2,1,7,7,1,16.05,1,5,0,0,0
47.58,5.95,6,13,4,3,1,1,0,8,2,1,20.91,0,5,0,0,0
85.22,4.21,7,12,4,5,1,4,0,11,20,1,9.1,1,3,1,0,0
78.56,6.23,5,14,1,4,1,3,1,6,1,2,16.73,1,3,1,0,0
63.87,7.9,4,14,3,1,1,1,0,46,15,3,5.75,1,5,1,0,0
75.8,4.9,6,11,4,3,1,4,0,20,1,3,15.19,1,3,1,0,0
68.45,7.04,3,12,2,0,1,2,0,1,17,3,1.0,1,3,1,0,0
62.58,7.0,3,11,1,0,1,1,0,17,10,1,14.24,1,4,0,0,0
100.0,10.0,0,10,3,3,1,4,0,23,8,3,22.43,1,3,1,0,0
80.67,6.77,5,12,1,1,1,2,0,2,1,3,1.0,1,3,1,0,0
48.61,5.68,6,13,4,1,1,1,0,6,11,2,2.13,1,5,1,1,0
80.35,4.24,5,10,1,0,1,1,0,23,7,2,17.89,1,2,1,0,0
76.64,7.26,2,10,4,1,1,4,0,9,1,2,10.13,1,2,1,0,0
59.23,7.41,2,11,3,0,1,3,0,19,4,1,29.34,1,6,1,0,0
91.16,6.42,4,13,4,0,1,4,0,1,1,2,10.68,1,4,1,1,0
78.4,5.46,4,11,3,0,1,1,0,8,10,2,21.82,1,5,1,0,0
86.64,6.83,5,14,4,0,1,3,0,35,1,1,29.56,1,2,1,1,0
69.32,4.67,8,12,2,2,1,3,1,1,12,2,14.06,1,6,1,0,0
96.16,7.09,5,14,2,2,1,2,1,28,1,1,1.0,1,2,1,0,0
47.56,5.8,7,13,4,1,1,3,1,33,8,2,6.6,1,1,0,0,0
72.41,5.0,7,11,4,3,1,4,0,7,1,3,8.19,1,5,1,0,0
72.39,8.22,2,14,3,0,1,1,0,12,8,1,17.7,1,6,1,0,0
83.33,6.88,5,10,1,5,1,3,0,19,1,2,11.01,1,6,1,0,0
79.25,9.25,1,12,4,2,1,4,0,17,1,3,17.2,1,5,1,0,0
45.07,7.94,4,10,1,1,1,1,1,17,10,1,2.12,1,2,1,0,0
59.77,7.44,3,13,1,4,1,3,1,4,1,1,10.04,1,4,1,0,0
74.11,8.98,1,13,4,0,1,1,0,1,11,3,10.83,1,1,1,0,0
64.51,4.59,6,12,2,2,1,2,1,27,7,2,1.0,1,4,0,0,0
46.3,4.8,8,12,4,0,1,2,0,1,14,3,6.53,1,4,0,0,0
65.94,4.12,9,14,1,2,1,2,0,27,4,3,29.55,1,4,0,0,0
42.46,3.69,7,11,3,3,1,4,1,1,1,2,22.07,1,2,0,1,0
64.31,7.53,4,12,4,0,1,4,0,1,3,2,5.93,0,2,1,0,0
55.11,7.06,3,12,1,4,1,4,0,19,10,2,8.94,1,5,1,1,0
50.19,4.61,9,14,1,1,1,1,0,1,1,2,19.88,1,4,0,0,0
80.25,4.94,6,13,3,4,1,1,0,5,5,2,4.14,1,4,1,0,0
54.9,3.91,6,10,2,3,1,2,0,18,10,2,4.58,1,5,1,0,0
62.39,5.97,6,12,3,1,1,4,0,11,10,3,7.75,1,2,0,0,0
70.18,6.58,5,10,1,0,1,4,0,8,20,1,7.22,1,5,1,1,0
68.72,4.71,5,10,4,0,1,4,0,22,17,1,1.39,1,3,0,0,0
83.79,4.11,9,14,1,0,1,2,0,33,10,2,5.76,1,2,1,0,0
59.67,7.52,4,10,3,4,1,3,0,6,8,2,17.24,1,5,1,0,0
50.69,6.72,3,10,2,3,1,3,0,1,4,3,12.43,1,4,1,0,0
72.76,6.63,6,12,1,4,1,1,0,12,3,1,11.16,1,6,1,0,0
59.55,3.64,8,11,4,5,1,4,0,9,16,2,1.0,1,6,0,0,0
15.19,2.39,10,13,1,4,0,1,0,50,41,2,14.78,1,3,1,0,1
100.0,2.87,10,14,4,2,1,1,0,22,4,2,15.62,1,2,1,0,0
54.26,3.89,8,14,2,5,1,2,0,1,7,3,27.17,1,6,0,0,0
81.87,5.67,4,10,4,5,1,1,0,10,1,1,20.69,1,3,1,1,0
83.06,7.09,4,14,2,3,1,3,0,19,10,1,17.17,1,1,1,0,0
84.88,4.88,8,13,4,0,1,3,0,11,3,2,1.0,1,1,1,1,0
40.32,7.04,5,14,3,1,1,1,1,1,1,2,14.42,0,6,1,1,0
68.1,5.37,6,14,2,1,1,2,0,25,1,2,23.37,1,6,1,1,0
37.16,4.77,8,12,2,5,0,3,0,14,15,2,23.79,1,6,1,0,1
20.31,2.99,8,10,1,3,0,2,0,25,34,1,20.93,1,4,0,0,1
62.67,4.53,9,14,1,2,1,1,0,13,11,3,25.49,1,6,1,1,0
53.65,6.83,4,14,3,4,1,1,0,14,1,2,8.46,1,1,0,0,0
100.0,6.48,5,14,4,3,1,3,1,21,11,2,2.04,0,4,1,0,0
56.92,5.4,5,13,4,4,1,4,1,13,2,3,7.78,1,5,1,1,0
71.18,6.87,5,12,4,1,1,4,0,1,1,1,12.48,1,4,1,1,0
57.2,6.5,5,11,4,2,1,1,0,8,14,3,14.08,1,6,1,0,0
0.0,2.29,9,12,1,3,0,2,0,46,18,1,10.25,1,6,1,1,1
64.71,7.01,5,14,1,3,1,4,1,9,1,1,10.26,1,4,1,0,0
72.82,4.4,7,10,4,0,1,3,0,4,3,3,20.6,1,4,1,0,0
84.53,5.96,6,13,4,1,1,2,0,26,3,3,8.81,0,2,1,0,0
62.1,5.74,6,12,3,4,1,1,0,12,6,1,30.97,1,6,1,0,0
77.5,8.08,2,10,4,3,1,2,0,15,12,3,6.15,1,6,0,0,0
85.88,6.07,3,10,2,4,1,2,0,16,1,3,1.0,1,4,1,0,0
41.24,3.26,10,14,1,1,1,4,0,8,8,2,23.54,1,5,0,0,0
61.03,4.09,8,14,2,3,1,1,0,19,1,1,15.69,1,6,0,0,0
52.22,4.11,9,14,3,3,1,3,1,1,18,1,7.22,1,4,1,0,0
79.95,4.31,8,11,4,2,1,4,0,12,1,1,4.76,0,3,1,0,0
9.95,,8,11,0,4,0,3,1,26,27,3,8.48,0,4,0,1,1
34.03,2.12,10,14,1,1,1,4,1,29,1,3,28.0,1,6,0,0,0
86.02,6.72,4,11,4,2,1,4,0,11,17,1,13.32,1,2,1,0,0
80.45,7.72,3,13,2,2,1,4,0,5,4,1,10.86,1,6,1,0,0
58.99,7.98,4,10,1,2,1,3,0,24,1,2,1.0,1,3,1,0,0
35.78,4.23,5,10,1,7,0,2,0,12,16,3,1.0,1,5,1,0,1
72.5,7.21,3,13,3,0,1,1,0,1,3,2,20.64,1,3,1,0,0
67.15,8.02,2,12,4,1,1,4,0,18,16,1,1.0,1,4,1,0,0
80.73,5.67,6,10,4,4,1,3,0,8,1,1,1.0,1,5,1,0,0
87.02,7.47,4,13,2,5,1,4,0,12,3,1,9.04,1,3,1,0,0
68.35,6.31,4,12,1,1,1,2,0,16,13,1,1.0,1,6,1,0,0
60.33,5.33,6,14,4,1,1,4,0,1,11,1,11.91,1,3,1,1,0
56.95,7.93,3,10,2,3,1,2,1,25,16,2,11.71,1,4,1,0,0
96.22,5.6,6,14,2,3,1,3,0,3,1,3,4.38,0,6,1,0,0
65.67,3.02,10,13,1,0,1,2,0,1,9,1,24.17,1,4,0,0,0
97.7,5.7,7,12,3,0,1,3,0,13,8,2,8.38,1,4,1,0,0
57.3,5.1,7,13,3,5,1,2,0,12,6,2,18.07,1,1,1,0,0
19.38,4.64,7,14,2,3,0,3,0,40,34,2,28.02,1,5,1,1,1
66.94,3.6,8,10,2,3,1,1,1,4,11,1,1.0,1,4,1,0,0
79.58,6.86,4,14,3,2,1,1,1,3,9,2,1.0,1,4,1,0,0
58.55,7.39,5,12,3,2,1,4,0,2,1,2,1.0,1,1,1,1,0
93.84,4.46,5,10,1,0,1,3,0,2,8,2,1.0,1,3,1,1,0
63.27,5.71,7,13,1,0,1,1,1,18,8,3,24.7,1,4,1,0,0
83.36,8.37,3,11,1,4,1,4,0,8,15,1,9.53,1,3,1,0,0
52.95,8.22,2,13,1,2,1,2,0,19,1,1,1.39,1,3,0,0,0
49.52,5.29,8,14,3,0,1,4,0,1,7,2,8.44,1,3,0,0,0
51.48,5.13,8,14,2,0,1,1,0,15,5,2,9.0,1,3,1,1,0
53.78,6.49,6,13,4,1,1,2,0,13,7,2,1.0,1,6,0,0,0
76.87,5.44,5,11,4,2,1,4,1,1,1,1,6.69,1,5,1,0,0
0.92,2.0,10,11,0,3,0,4,0,38,30,3,2.42,1,5,1,1,1
58.24,4.89,7,13,3,0,1,2,1,12,9,2,7.76,1,3,1,1,0
81.01,6.4,7,14,4,3,1,4,1,1,2,2,10.07,1,4,1,0,0
61.83,7.28,4,13,3,7,1,3,0,1,10,1,15.86,1,4,0,0,0
79.24,6.77,3,11,2,6,1,3,0,1,1,2,24.71,1,4,1,0,0
96.75,2.86,9,12,3,3,1,1,0,12,8,2,6.21,0,1,1,0,0
69.47,5.42,7,12,3,2,1,2,0,6,3,3,6.42,1,3,1,0,0
81.5,4.86,7,11,1,0,1,4,0,1,4,3,13.43,1,1,1,0,0
55.94,4.38,7,13,2,5,1,4,0,1,10,2,24.04,1,2,1,0,0
56.58,3.53,9,12,4,0,1,1,0,2,7,2,7.41,1,6,1,1,0
69.99,8.41,2,11,1,0,1,2,0,10,1,2,1.0,1,6,1,0,0
87.3,6.69,3,10,2,0,1,3,0,1,1,1,10.67,1,4,1,0,0
61.5,5.91,4,12,2,0,1,4,0,1,1,2,10.32,1,3,1,1,0
72.32,6.79,4,10,2,0,1,2,0,7,4,2,24.43,1,3,1,0,0
36.29,4.42,9,13,2,1,1,2,0,7,12,1,3.92,1,6,1,1,0
46.9,5.08,7,13,4,2,1,3,1,15,1,2,35.68,1,4,1,1,0
76.7,6.09,7,13,3,1,1,4,0,1,1,3,1.0,1,6,1,0,0
69.29,7.95,2,10,2,0,1,4,0,12,1,2,18.77,1,3,1,0,0
73.71,4.97,8,14,4,0,1,1,0,19,1,3,1.0,1,4,0,1,0
73.79,7.27,3,11,1,0,1,4,0,1,13,1,4.76,1,2,1,0,0
66.29,6.74,4,11,3,2,1,1,0,9,14,1,9.39,1,1,1,1,0
37.4,6.03,5,14,1,3,1,4,0,22,2,2,32.25,1,6,1,1,0
81.09,5.45,8,14,2,0,1,3,0,1,1,1,8.23,1,1,1,1,0
59.5,4.99,7,12,1,5,1,2,0,10,7,2,12.64,1,4,1,0,0
67.75,6.11,6,14,1,3,1,2,0,1,6,1,10.57,1,4,1,0,0
54.09,6.12,5,11,2,2,1,4,0,26,9,3,16.74,1,6,1,0,0
28.57,2.61,10,13,0,1,1,2,1,48,2,2,5.95,1,5,0,0,1
96.94,7.44,5,14,4,1,1,4,0,22,1,3,4.92,1,3,1,1,0
46.89,3.81,7,12,4,0,1,4,1,1,1,3,1.6,1,5,1,0,0
76.85,5.6,8,14,4,0,1,2,0,10,10,1,16.94,1,1,1,1,0
36.93,1.47,9,10,4,3,1,1,0,16,1,1,18.74,1,6,0,1,0
74.64,3.74,7,11,4,0,1,1,0,10,21,2,1.19,1,6,1,0,0
43.44,4.61,9,14,4,1,1,2,1,2,11,1,1.0,1,3,1,0,0
56.05,2.79,7,11,2,1,1,4,0,5,11,3,22.87,0,2,0,0,0
65.32,7.6,5,14,2,3,1,3,0,1,16,2,1.0,1,6,1,0,0
94.69,4.65,8,14,3,3,1,4,0,2,1,3,10.2,1,3,1,1,0
75.23,3.88,7,11,4,5,1,4,0,10,5,3,1.0,1,3,0,0,0
86.18,8.58,2,12,1,1,1,2,0,13,15,3,17.3,1,3,1,0,0
96.47,4.92,5,11,1,0,1,4,1,9,1,1,15.72,1,1,1,0,0
87.97,8.03,2,12,1,0,1,2,0,8,1,1,1.0,0,6,1,0,0
77.32,6.4,4,10,1,5,1,4,0,12,9,1,12.65,1,1,1,0,0
75.52,4.25,7,13,1,6,1,2,0,17,1,2,6.96,1,2,0,1,0
61.88,4.51,6,11,4,1,1,1,0,11,2,2,26.32,1,4,1,1,0
67.95,8.81,3,10,4,1,1,4,1,1,1,1,16.35,1,1,1,0,0
56.43,4.32,9,14,1,2,1,3,0,13,17,1,1.0,1,3,0,0,0
100.0,6.05,5,13,4,0,1,3,0,12,2,1,7.41,1,3,1,0,0
43.29,7.23,3,12,2,0,1,3,0,9,4,1,4.29,1,4,1,0,0
63.88,2.91,9,13,4,4,1,1,0,1,7,2,18.84,0,5,1,1,0
58.11,4.19,8,13,3,0,1,4,0,16,6,2,15.16,1,2,1,1,0
60.09,4.65,7,11,2,5,1,4,0,20,6,3,17.76,1,2,1,1,0
25.17,3.3,7,10,1,5,1,1,0,25,1,2,15.54,1,3,1,0,0
75.92,6.56,4,10,1,2,1,2,0,20,11,3,24.87,1,1,1,1,0
65.26,7.08,3,13,4,1,1,1,1,7,1,3,41.34,0,3,1,0,0
10.92,2.85,9,10,2,6,0,4,0,33,22,3,12.35,1,6,1,0,1
67.44,6.91,4,11,1,4,1,1,0,21,1,1,4.93,1,6,1,0,0
75.55,5.74,5,13,1,3,1,2,0,33,9,3,6.32,0,4,1,0,0
46.53,9.18,1,13,1,1,1,1,1,23,1,1,33.33,1,1,1,0,0
0.0,4.56,7,10,2,6,0,3,0,35,21,1,7.02,1,1,0,0,1
48.37,4.59,5,10,3,2,1,4,0,9,7,2,15.3,1,2,0,0,0
46.35,3.45,8,12,1,3,1,3,0,13,3,2,4.23,1,1,0,1,0
53.15,4.79,7,10,2,3,1,4,0,10,16,2,9.02,1,2,0,1,0
48.82,3.06,10,14,2,4,1,3,1,9,8,1,8.27,1,1,0,1,0
46.39,7.67,2,11,3,4,1,4,0,37,3,2,21.45,1,4,1,1,0
77.03,9.49,1,10,3,0,1,1,0,12,1,2,9.46,0,3,1,0,0
53.48,6.59,5,11,1,3,1,3,0,8,1,3,15.22,1,6,0,1,0
66.01,8.06,4,13,1,2,1,4,0,20,2,3,24.3,1,4,1,1,0
70.29,9.79,1,10,2,5,1,1,0,10,15,3,20.77,1,5,1,0,0
88.84,5.13,6,11,2,2,1,2,0,4,8,2,16.4,1,4,1,0,0
0.0,,8,14,0,3,0,3,0,40,20,1,15.58,1,5,1,0,1
47.87,5.3,6,14,1,2,1,4,0,2,14,1,6.53,1,3,0,0,0
72.29,9.21,2,12,4,0,1,1,0,1,12,3,2.6,1,6,1,0,0
68.61,2.86,10,14,1,1,1,4,1,24,5,3,1.7,1,3,1,1,0
51.97,4.33,7,13,1,2,1,2,1,6,1,2,14.15,1,5,1,0,0
50.64,6.78,5,11,4,3,1,4,0,13,2,3,6.55,1,1,1,1,0
61.21,3.3,10,13,1,2,1,2,0,1,16,1,10.12,0,6,0,1,0
54.75,2.95,9,14,2,0,1,2,1,19,1,1,3.25,0,3,1,0,0
90.64,4.94,8,14,2,1,1,4,1,22,1,1,1.0,1,1,1,0,0
53.77,5.71,5,11,3,0,1,4,0,19,10,1,13.01,1,2,0,0,0
45.44,4.48,8,12,1,5,1,2,0,18,8,1,1.0,1,2,1,0,0
77.95,5.44,7,14,3,0,1,1,1,15,1,3,1.0,1,1,1,0,0
43.98,5.4,5,12,2,2,1,1,0,3,11,3,1.86,1,5,0,0,0
64.05,5.61,6,13,2,2,1,2,0,1,1,2,6.27,1,6,1,0,0
75.15,4.5,5,10,4,3,1,2,0,16,1,1,14.66,1,1,1,0,0
74.93,5.54,4,10,1,6,1,4,1,16,9,2,1.0,1,2,1,0,0
63.2,7.64,4,14,3,2,1,1,0,19,7,1,25.74,1,5,1,0,0
56.89,3.88,8,11,4,3,1,3,0,23,15,3,11.57,1,1,1,1,0
70.9,7.56,3,14,2,3,1,2,0,1,1,2,9.89,1,3,1,0,0
80.25,4.22,8,14,4,2,1,1,0,19,7,1,16.87,0,2,0,0,0
25.11,,10,14,0,2,0,4,1,53,1,1,1.0,1,4,1,0,1
83.2,3.49,9,14,2,4,1,2,0,7,9,2,1.0,1,3,1,1,0
91.62,6.09,4,11,1,0,1,4,0,11,4,1,24.95,1,1,1,0,0
80.19,6.69,5,13,1,3,1,1,0,1,2,1,5.95,1,3,1,0,0
71.93,4.45,8,12,2,3,1,1,0,10,12,3,7.36,1,2,1,0,0
55.13,6.43,5,14,2,3,1,1,0,30,4,1,1.0,1,6,0,0,0
52.32,4.0,9,14,3,4,1,3,0,18,1,1,1.81,1,2,1,0,0
68.41,4.62,6,10,2,1,1,1,0,29,1,2,9.6,1,2,1,0,0
66.59,6.89,3,11,2,3,1,1,0,1,18,3,10.63,1,4,1,0,0
66.34,5.9,6,12,3,3,1,2,1,19,1,1,27.45,1,5,1,0,0
97.22,1.29,10,13,2,5,1,1,0,10,15,2,4.74,1,1,0,0,0
76.38,6.79,6,14,1,5,1,2,0,14,4,1,8.16,1,4,1,0,0
63.7,9.38,0,13,1,3,1,3,0,28,10,2,1.0,1,2,1,0,0
34.68,4.39,7,12,2,1,0,4,0,1,6,2,3.87,0,2,1,0,1
100.0,9.22,3,14,4,1,1,1,0,12,4,1,11.09,0,4,1,0,0
66.86,1.12,10,13,3,0,1,1,0,5,1,1,2.54,1,5,0,1,0
62.38,3.71,10,14,4,4,1,3,0,3,23,2,14.2,1,5,0,0,0
72.1,5.28,7,13,1,1,1,3,0,17,1,1,1.0,1,6,0,0,0
66.89,3.7,8,12,3,0,1,4,0,27,1,2,12.72,1,1,0,1,0
67.12,8.15,1,10,2,7,1,1,0,3,11,1,4.6,1,3,1,1,0
24.69,3.72,8,13,1,6,1,3,0,47,29,2,9.75,1,6,0,1,0
15.86,,8,13,0,6,0,3,0,35,14,3,21.7,1,1,1,0,1
87.72,6.89,4,11,3,0,1,4,0,15,7,1,14.11,1,4,1,1,0
80.79,7.15,4,12,2,0,1,4,0,12,5,1,23.3,1,4,1,0,0
69.1,5.92,5,14,1,2,1,2,1,11,1,3,4.45,1,1,1,1,0
79.15,7.23,5,12,1,2,1,3,0,16,10,3,22.26,1,1,1,0,0
98.57,4.91,6,12,4,0,1,4,0,17,1,3,31.54,1,1,1,0,0
84.23,6.11,5,10,2,1,1,1,0,31,5,3,11.08,1,4,1,0,0
13.4,,9,12,0,5,0,4,0,28,35,3,36.45,1,4,1,0,1
65.49,8.19,4,12,2,3,1,3,0,6,1,1,3.23,1,6,1,0,0
0.0,3.64,7,11,1,3,0,4,0,59,26,3,1.0,1,1,0,1,1
58.88,5.86,5,12,1,6,1,3,0,16,22,1,20.3,1,5,1,0,0
51.1,2.86,9,13,3,3,1,2,0,12,12,3,23.73,1,5,1,0,0
77.98,6.15,5,11,4,0,1,4,0,9,4,3,5.12,1,6,1,0,0
73.75,5.2,6,14,4,3,1,3,0,11,1,1,15.71,1,2,1,0,0
53.91,4.79,7,11,4,3,1,4,1,15,2,2,5.96,1,1,1,1,0
62.41,6.08,5,14,1,1,1,2,0,8,1,2,1.0,1,1,1,0,0
79.96,6.02,6,13,1,3,1,4,0,8,15,1,23.9,1,2,1,1,0
78.02,8.36,4,13,3,1,1,2,0,9,1,3,1.94,1,1,1,0,0
91.1,7.86,3,13,4,1,1,1,0,1,2,2,4.82,1,3,1,0,0
73.76,6.32,5,10,3,1,1,1,0,1,11,2,9.31,0,2,1,0,0
72.21,4.46,8,13,3,3,1,2,0,16,5,2,16.99,1,5,1,0,0
63.08,6.97,4,12,3,4,1,3,0,20,6,3,17.82,1,6,0,0,0
56.78,3.05,10,12,2,1,1,3,0,8,15,1,8.57,1,2,0,0,0
55.02,4.23,7,13,1,3,1,4,0,18,9,3,10.42,0,2,0,0,0
58.65,7.91,4,14,3,1,1,4,0,2,9,1,17.44,1,5,1,0,0
28.73,4.55,7,13,1,3,0,4,0,36,8,2,24.38,1,6,0,0,1
100.0,7.97,4,12,3,3,1,2,0,13,4,3,1.0,1,6,1,0,0
67.96,5.01,5,10,1,1,1,4,0,6,9,1,3.37,1,3,0,0,0
79.02,3.2,9,12,2,2,1,1,0,26,1,2,11.71,1,3,0,0,0
26.56,0.48,10,12,2,8,0,2,0,29,1,2,14.51,1,6,1,1,1
57.05,6.32,5,14,4,0,1,4,0,1,1,3,13.04,1,5,1,1,0
100.0,7.07,5,12,2,0,1,1,0,6,1,1,29.2,1,2,1,0,0
93.05,5.86,6,12,2,1,1,3,0,8,1,1,15.84,0,5,1,0,0
77.59,6.43,5,10,1,0,1,2,1,1,14,3,1.13,1,5,1,0,0
73.74,4.81,8,14,2,3,1,1,0,1,14,2,11.19,0,5,1,0,0
59.59,3.51,9,11,2,1,1,1,0,8,14,2,4.48,1,1,0,0,0
79.42,4.92,8,14,2,5,1,2,0,3,1,3,14.47,1,2,1,0,0
71.19,4.66,9,14,2,3,1,3,0,7,5,2,13.01,1,3,0,0,0
54.43,6.32,4,11,1,0,1,2,0,12,1,2,11.04,1,3,1,1,0
40.08,6.55,4,11,4,0,1,1,1,10,10,2,21.75,1,1,0,0,0
63.97,5.15,6,14,3,3,1,4,1,5,12,1,2.08,1,6,1,0,0
70.51,6.45,4,14,3,0,1,2,0,19,17,3,10.01,1,2,1,0,0
17.49,,9,10,0,5,0,2,0,34,37,3,20.39,1,5,1,0,1
62.5,5.13,6,12,1,0,1,2,0,22,18,1,16.11,1,3,1,0,0
44.19,5.81,6,10,4,5,1,1,1,5,14,1,13.71,1,1,1,1,0
62.84,5.5,6,12,4,1,1,1,0,10,4,2,2.68,1,2,1,1,0
84.23,6.32,5,10,2,0,1,1,0,1,1,1,19.69,1,3,1,0,0
49.2,5.89,5,11,1,3,1,1,0,16,1,3,33.98,1,2,1,0,0
65.75,5.35,5,10,2,2,1,3,0,1,13,2,17.58,1,5,1,1,0
0.0,,10,11,0,8,0,1,0,47,26,1,19.27,0,6,1,0,1
35.59,0.18,10,11,4,4,1,2,0,22,9,3,22.35,1,2,0,1,0
61.79,5.31,7,12,3,0,1,4,0,23,1,2,25.77,1,4,1,0,0
72.63,7.49,5,14,3,3,1,1,0,1,9,2,9.29,0,2,1,0,0
73.82,7.22,3,12,3,4,1,1,1,3,19,2,19.94,1,1,1,0,0
79.8,6.67,3,10,4,4,1,4,0,1,11,2,20.07,1,6,1,0,0
66.26,3.46,10,14,4,2,1,4,1,1,5,1,7.84,1,4,0,0,0
63.86,5.48,5,12,4,0,1,3,0,14,2,1,3.68,1,3,0,0,0
89.84,7.96,4,10,4,1,1,4,0,1,15,2,41.99,1,3,1,0,0
98.65,6.6,6,12,1,0,1,1,0,1,11,2,1.3,1,1,1,0,0
86.92,4.32,7,13,3,0,1,2,0,4,5,2,10.73,1,3,1,1,0
85.82,5.38,5,10,3,4,1,3,0,1,6,3,41.43,1,3,1,0,0
66.61,6.19,7,14,1,5,1,1,0,1,6,3,28.67,1,6,1,0,0
74.98,5.9,5,11,4,2,1,3,1,4,11,3,1.0,1,5,1,0,0
32.93,3.6,7,12,1,1,0,4,0,11,5,2,15.17,1,5,1,0,1
43.76,2.41,10,13,2,5,1,4,1,17,1,1,3.42,1,3,1,0,0
49.17,3.0,8,10,1,0,1,3,0,21,20,1,3.17,1,6,0,0,0
94.02,8.62,2,13,1,0,1,1,0,26,1,3,15.36,1,1,1,0,0
52.93,5.23,7,14,2,2,1,3,0,8,5,2,1.93,1,3,1,1,0
44.74,4.27,8,13,4,3,1,2,1,14,16,3,19.58,1,1,0,0,0
92.46,5.46,5,12,1,5,1,1,0,1,1,3,17.08,1,3,1,0,0
76.95,8.41,2,14,4,2,1,2,1,13,1,2,19.23,1,3,1,0,0
0.0,,8,10,0,3,0,3,0,53,31,3,2.46,1,5,0,0,1
53.03,5.92,4,10,1,2,1,2,0,1,6,2,28.76,1,5,1,0,0
70.06,7.49,3,11,1,1,1,4,0,1,4,3,27.29,1,1,1,1,0
68.79,5.95,5,11,4,4,1,1,1,1,6,1,30.2,1,6,1,0,0
81.62,5.05,7,13,1,0,1,4,0,14,11,1,12.41,1,3,0,0,0
85.48,8.01,3,11,4,0,1,1,0,1,16,1,25.66,1,3,1,0,0
75.38,6.42,5,14,1,5,1,2,0,2,14,2,3.47,1,2,1,0,0
42.03,3.91,8,10,3,0,1,4,0,7,12,3,14.29,0,4,0,0,0
30.04,3.24,8,10,4,2,1,3,0,13,3,1,24.98,1,5,0,1,0
77.25,4.76,7,11,3,3,1,2,0,17,13,1,1.0,1,3,1,0,0
43.45,8.81,3,10,4,1,1,4,0,29,14,1,13.02,1,6,1,1,0
87.91,5.16,6,12,3,2,1,1,0,9,1,3,1.33,1,1,1,0,0
63.58,7.91,4,13,2,1,1,1,0,13,5,1,6.19,1,1,1,0,0
74.35,4.37,5,10,3,1,1,3,0,1,1,2,29.72,1,1,0,0,0
59.35,8.85,2,13,2,8,1,1,0,22,11,2,26.31,1,3,1,0,0
83.89,6.04,4,11,2,0,1,3,1,1,1,3,18.15,1,3,1,0,0
27.98,2.69,9,11,1,4,1,1,0,42,3,1,1.0,0,1,0,1,0
98.52,7.49,2,10,3,1,1,1,0,23,3,3,14.88,1,1,1,0,0
73.39,5.48,6,10,2,2,1,1,1,15,16,2,4.39,1,1,1,1,0
72.82,8.16,4,14,4,1,1,2,0,18,1,1,3.81,1,3,1,0,0
53.52,7.88,2,13,3,0,1,4,1,16,5,3,6.22,1,4,1,0,0
62.62,6.18,4,13,1,2,1,3,0,2,6,2,27.06,1,5,1,1,0
60.45,7.15,3,13,2,2,1,3,0,13,1,3,2.13,1,1,1,0,0
54.48,4.97,8,14,4,3,1,2,0,15,6,2,19.32,1,4,0,0,0
72.06,6.55,5,14,3,0,1,3,0,1,1,2,12.99,1,3,1,0,0
80.25,7.7,4,13,3,5,1,2,1,6,1,3,4.35,1,1,1,1,0
17.09,4.18,5,10,0,4,0,1,1,52,24,2,14.37,1,4,1,0,1
74.33,6.51,5,10,2,0,1,4,0,21,13,1,7.12,1,6,1,1,0
92.29,9.33,0,10,3,0,1,3,0,12,12,1,23.38,1,1,1,0,0
75.04,9.69,2,13,1,2,1,2,0,19,5,2,5.59,1,4,1,0,0
76.3,6.17,6,13,2,6,1,1,1,13,15,2,10.89,1,4,1,0,0
62.51,6.05,4,11,2,2,1,1,0,3,6,3,12.67,1,5,1,1,0
60.85,7.21,4,10,4,4,1,4,1,1,2,2,11.23,1,4,1,0,0
57.88,8.0,3,11,4,3,1,4,0,9,22,3,21.63,1,6,1,0,0
40.11,5.71,4,10,4,3,0,4,0,1,2,2,13.6,1,5,1,0,1
91.34,6.4,6,12,1,3,1,2,0,4,16,2,23.95,0,4,1,0,0
88.73,9.11,3,13,1,3,1,2,0,13,12,1,4.7,1,5,1,0,0
66.75,4.99,5,11,1,2,1,1,1,9,1,3,23.56,0,4,0,0,0
68.75,7.07,5,12,3,2,1,4,0,1,7,3,12.21,1,3,1,0,0
63.97,8.11,3,12,2,2,1,3,0,8,3,3,9.22,0,2,1,0,0
100.0,6.25,4,11,1,5,1,1,0,7,10,2,12.87,1,2,1,0,0
73.75,8.3,2,12,4,3,1,1,0,8,7,3,12.28,0,5,1,0,0
97.52,4.43,7,11,3,1,1,1,0,18,2,1,16.13,1,6,1,0,0
88.96,5.84,5,12,3,0,1,1,0,23,1,1,1.0,1,1,1,0,0
70.58,5.08,6,12,4,0,1,2,0,13,12,2,1.0,1,1,1,0,0
83.22,7.11,4,14,4,1,1,4,0,2,19,1,5.59,1,1,1,0,0
47.58,4.45,8,14,1,0,1,1,1,1,1,2,15.77,1,2,1,0,0
75.71,2.68,10,13,4,2,1,4,0,5,21,2,9.81,1,3,0,0,0
71.74,6.16,5,11,3,1,1,3,0,3,5,3,1.0,1,4,1,0,0
33.73,2.0,10,14,2,2,1,4,1,7,2,1,6.77,1,2,0,0,0
76.81,5.3,6,12,1,1,1,1,0,1,18,1,4.76,1,1,1,0,0
60.89,5.81,6,11,2,1,1,2,0,10,5,1,4.8,1,5,1,0,0
78.03,7.09,5,13,3,2,1,4,0,30,1,1,18.69,1,6,1,0,0
90.45,5.85,6,12,4,0,1,1,0,12,5,3,11.03,1,3,1,0,0
52.73,6.65,4,13,2,3,1,4,0,4,14,1,26.7,1,5,1,0,0
67.34,4.28,7,12,4,0,1,1,1,12,3,3,20.43,1,4,1,0,0
73.13,4.4,7,10,1,3,1,1,1,28,13,2,8.95,0,1,1,0,0
98.25,5.31,4,10,2,0,1,1,0,5,1,2,3.6,1,3,1,0,0
71.41,4.5,6,11,3,4,1,3,0,18,20,1,7.22,1,4,1,0,0
75.22,2.49,8,10,2,2,1,2,1,1,10,1,14.57,1,4,1,0,0
82.87,7.09,3,13,1,1,1,4,0,2,10,1,18.72,1,1,1,0,0
62.57,6.03,4,12,2,3,1,1,0,15,4,2,8.02,1,6,1,1,0
51.49,5.95,7,14,3,2,1,3,1,12,15,3,11.58,1,2,1,0,0
81.09,7.16,4,12,2,0,1,4,1,8,2,3,20.89,1,3,1,0,0
78.59,5.54,6,11,3,1,1,4,1,15,1,2,7.04,1,6,1,0,0
62.14,5.04,5,10,2,1,1,1,0,17,2,3,23.64,1,6,0,0,0
64.14,5.84,4,10,2,0,1,4,0,1,1,2,18.69,1,2,0,0,0
42.03,6.15,7,13,4,3,1,3,1,4,1,2,15.39,0,5,1,0,0
47.71,3.17,10,12,3,1,1,4,0,2,7,3,27.17,1,6,1,1,0
69.3,5.55,6,12,1,6,1,4,0,1,1,1,28.66,1,6,1,0,0
90.96,4.8,6,12,2,4,1,1,0,6,15,2,21.28,1,2,1,0,0
69.73,4.6,8,14,4,3,1,3,0,21,2,1,11.15,1,5,1,0,0
79.03,5.28,7,11,1,5,1,2,1,28,1,2,18.69,1,2,1,0,0
57.5,4.19,10,14,3,2,1,1,0,1,1,1,12.78,1,2,0,0,0
76.19,3.42,8,11,3,2,1,3,0,1,5,2,23.75,1,5,1,0,0
40.63,5.9,6,10,3,2,1,4,1,14,1,3,16.05,1,3,1,1,0
72.97,5.44,7,14,2,2,1,3,0,23,8,1,8.31,1,6,1,0,0
82.44,6.8,4,13,1,2,1,1,0,5,1,1,22.64,1,3,1,0,0
47.78,2.26,9,10,2,2,1,1,1,1,3,2,1.0,1,6,1,1,0
65.17,4.89,6,10,4,2,1,1,0,6,18,2,17.8,1,4,1,0,0
82.26,6.6,4,11,4,0,1,2,0,17,14,1,15.6,1,6,0,0,0
82.73,4.3,8,13,2,3,1,4,1,1,1,1,11.31,1,2,1,0,0
75.19,5.65,8,14,4,2,1,2,0,1,5,2,1.0,1,1,1,0,0
74.67,4.51,9,14,2,0,1,4,0,5,1,1,9.94,1,6,1,0,0
81.81,5.36,7,14,2,4,1,4,0,12,8,3,7.58,1,1,1,0,0
56.75,3.18,9,13,1,2,1,1,1,8,9,2,11.93,1,1,0,1,0
64.21,3.04,7,10,4,4,1,3,0,1,1,3,10.45,1,5,0,1,0
73.38,4.17,8,11,1,0,1,3,0,1,6,2,7.98,1,2,1,1,0
66.68,2.12,10,12,4,1,1,1,0,15,10,1,10.03,1,4,0,1,0
39.02,3.47,10,14,3,5,1,4,1,10,3,1,6.51,1,4,1,1,0
73.89,2.66,9,13,1,0,1,1,0,1,5,3,17.25,1,6,0,0,0
44.89,3.66,8,11,2,5,1,4,0,1,25,3,10.28,0,5,1,1,0
52.13,2.78,7,11,4,0,1,4,0,15,16,3,20.47,0,3,0,1,0
76.32,8.41,3,11,3,2,1,4,0,21,10,1,14.22,0,2,1,1,0
74.83,5.86,6,12,3,3,1,3,1,8,12,1,21.44,1,3,1,0,0
78.43,5.67,6,11,4,3,1,3,0,15,1,3,26.24,1,6,1,0,0
38.89,1.98,10,13,4,1,1,3,0,4,6,2,16.75,1,2,0,0,0
100.0,7.19,5,12,1,3,1,1,0,1,4,3,15.19,1,4,1,0,0
84.42,3.33,8,13,4,2,1,1,1,10,16,2,1.0,0,1,0,0,0
83.51,5.03,8,13,4,3,1,4,1,8,8,3,15.97,1,1,1,0,0
47.08,5.69,4,10,3,5,1,1,1,1,5,1,15.03,1,2,1,1,0
95.11,7.41,5,12,4,1,1,4,0,1,22,1,10.35,1,4,1,0,0
51.39,3.82,7,10,3,0,1,3,0,1,21,3,4.98,1,1,0,0,0
62.03,5.58,4,11,4,0,1,3,0,10,14,3,14.92,1,3,1,0,0
69.16,5.11,6,13,2,1,1,1,1,20,2,2,12.89,1,3,1,0,0
74.11,5.65,5,13,1,3,1,2,0,4,1,1,20.5,1,4,1,0,0
17.93,2.49,8,10,1,1,0,2,0,38,28,2,24.18,1,1,1,0,1
74.4,5.91,7,13,4,2,1,4,0,1,1,3,5.02,1,4,1,0,0
56.2,4.41,7,10,4,0,1,4,0,4,15,2,24.11,1,5,1,0,0
79.41,6.55,5,10,2,0,1,4,0,11,1,3,3.41,1,5,1,0,0
55.8,6.97,3,12,2,2,1,4,0,17,5,2,16.41,1,5,1,0,0
76.18,4.38,8,12,4,0,1,2,0,5,1,3,8.35,1,2,1,0,0
55.95,6.84,5,13,3,1,1,3,0,1,14,1,34.72,1,3,1,0,0
43.28,6.48,3,10,2,2,1,3,0,19,5,2,1.0,1,4,0,0,0
73.43,9.42,1,12,2,2,1,3,0,13,1,3,18.72,1,5,1,0,0
62.52,6.88,3,12,4,1,1,3,0,16,14,3,3.06,1,1,1,0,0
68.76,5.23,6,11,4,3,1,1,0,4,10,1,3.61,1,5,1,0,0
76.06,7.48,5,13,2,3,1,1,0,16,1,1,9.29,1,1,1,0,0
81.43,8.39,2,10,3,1,1,1,0,10,14,2,18.45,1,5,1,1,0
50.44,3.26,8,10,1,0,1,2,0,1,4,2,17.91,1,5,0,0,0
64.3,8.48,3,13,1,3,1,1,0,17,8,2,23.14,1,4,1,1,0
76.03,6.5,5,13,1,2,1,2,1,13,15,3,14.06,1,1,1,0,0
76.07,7.44,5,14,3,5,1,3,0,3,1,3,2.71,1,1,0,0,0
53.97,6.71,4,13,3,3,1,3,0,21,10,1,9.59,1,6,1,1,0
66.95,5.17,7,13,1,4,1,4,1,12,1,1,8.66,1,4,1,1,0
82.29,7.52,4,14,1,0,1,3,0,12,3,3,25.33,1,3,1,0,0
24.39,,7,14,0,4,0,4,1,20,41,2,4.77,1,1,1,0,1
96.57,5.71,6,14,4,2,1,2,0,14,1,3,1.0,1,2,1,0,0
73.28,6.91,3,10,2,2,1,1,0,11,1,1,1.0,1,5,1,0,0
93.79,6.2,3,10,3,3,1,3,0,18,3,2,9.99,1,1,1,0,0
43.04,5.92,6,14,2,4,1,2,0,14,1,1,10.66,1,5,1,0,0
80.03,5.12,5,12,2,1,1,3,0,15,10,3,12.36,0,2,1,0,0
64.08,3.54,8,12,4,3,1,2,0,12,26,3,23.83,1,5,0,0,0
69.39,1.41,10,12,3,0,1,1,1,3,19,2,23.72,1,3,1,1,0
56.45,3.83,9,14,2,0,1,2,1,25,1,2,16.17,1,5,1,0,0
68.67,8.77,2,10,4,1,1,2,0,5,17,3,1.0,1,6,1,0,0
39.64,4.59,7,12,1,3,1,2,0,12,11,2,3.95,1,5,1,0,0
89.82,6.38,3,10,3,0,1,1,0,26,1,2,1.0,1,4,1,0,0
53.05,7.69,3,10,3,2,1,4,1,13,9,2,1.0,0,2,1,0,0
21.43,,10,13,0,7,0,1,0,22,26,3,13.94,1,4,1,0,1
80.81,5.88,6,11,1,4,1,2,0,6,12,3,15.45,1,5,1,0,0
76.9,8.89,1,12,4,2,1,4,0,12,5,2,11.98,1,3,1,0,0
68.42,5.29,5,11,2,0,1,2,0,18,11,2,2.98,0,2,1,1,0
57.24,4.41,5,10,4,0,1,1,0,23,3,2,27.14,1,5,0,0,0
80.54,6.25,7,14,2,2,1,3,0,17,13,2,26.89,1,5,1,0,0
82.69,7.46,3,10,2,1,1,2,0,15,12,3,11.66,1,2,1,0,0
83.66,6.53,3,10,4,3,1,2,0,17,15,2,7.54,1,3,1,1,0
63.28,6.47,4,11,4,4,1,1,0,17,1,3,24.21,1,6,1,0,0
68.53,7.0,6,14,1,1,1,4,0,7,5,1,6.42,1,5,1,1,0
80.24,6.22,6,11,2,3,1,4,1,11,1,1,1.92,1,6,1,0,0
68.99,7.45,4,12,3,0,1,2,0,7,9,2,1.0,1,5,1,0,0
69.48,4.5,8,13,4,2,1,2,1,1,8,3,28.51,1,6,1,1,0
100.0,6.27,4,12,1,4,1,3,0,1,13,3,21.57,1,5,1,0,0
100.0,7.89,2,11,3,2,1,1,0,12,1,3,9.66,1,4,1,0,0
50.86,2.51,10,14,2,3,1,2,1,20,18,1,8.28,1,4,0,0,0
57.99,4.13,5,10,2,0,1,2,0,11,1,1,1.72,1,1,1,0,0
50.3,3.43,8,11,2,2,1,3,0,1,2,3,17.94,1,2,0,1,0
65.9,3.44,7,11,4,0,1,3,1,7,3,1,19.04,1,1,1,1,0
23.6,3.2,8,12,2,1,1,1,1,27,13,1,12.12,1,5,0,0,0
30.14,4.36,7,11,1,5,0,2,0,1,1,1,13.82,1,3,1,0,1
70.41,4.83,8,14,1,0,1,1,1,1,1,1,3.35,1,1,1,1,0
93.98,5.45,5,10,4,3,1,4,0,11,1,1,14.12,1,2,1,0,0
43.78,3.67,10,13,1,3,1,2,1,1,21,3,27.11,1,6,1,0,0
62.21,2.34,9,11,4,2,1,2,0,3,1,2,26.51,1,1,0,1,0
9.07,1.18,10,12,0,3,0,3,1,34,28,1,12.42,1,1,1,0,1
57.86,6.61,4,12,2,4,1,4,0,9,20,2,2.81,1,5,1,1,0
96.44,7.31,4,11,2,0,1,1,0,16,1,1,1.0,1,3,1,0,0
69.95,5.14,7,11,2,1,1,1,0,15,7,3,36.67,1,3,0,0,0
62.26,5.22,7,11,4,1,1,4,0,18,6,2,1.0,1,1,1,0,0
61.07,6.26,4,12,4,0,1,1,1,9,1,1,1.0,1,3,1,0,0
55.79,7.15,5,13,3,0,1,3,0,31,1,3,8.5,1,5,1,0,0
71.06,2.66,8,11,2,3,1,1,1,15,1,2,17.52,1,2,1,1,0
0.0,1.01,10,12,0,6,0,3,1,29,31,1,17.19,1,6,0,0,1
84.64,8.87,2,10,3,1,1,4,0,15,1,1,10.81,0,4,1,0,0
52.22,7.64,4,11,3,5,1,4,0,8,10,2,17.2,0,6,1,0,0
84.15,7.96,2,10,2,3,1,1,0,5,1,2,1.23,1,4,1,0,0
90.85,7.31,3,12,4,0,1,3,0,16,1,2,1.0,1,2,1,0,0
57.6,9.6,2,10,4,2,1,4,0,12,5,2,13.47,1,6,0,0,0
68.44,6.04,3,10,1,2,1,1,1,5,13,2,5.76,1,5,1,0,0
44.54,4.63,8,13,2,2,1,2,0,4,8,3,9.68,1,3,0,0,0
58.46,3.54,8,12,2,0,1,1,0,1,7,3,10.35,1,5,0,1,0
100.0,7.7,3,10,4,6,1,3,0,1,6,1,7.07,1,2,1,0,0
62.52,4.4,5,10,2,1,1,3,0,1,15,3,1.0,1,3,1,1,0
93.26,4.09,6,10,3,3,1,3,0,21,12,2,1.0,0,3,1,0,0
50.87,4.3,7,14,3,1,1,1,1,12,8,2,1.0,1,3,0,1,0
80.03,4.15,7,10,1,5,1,2,0,10,1,3,24.31,1,6,1,0,0
78.59,6.45,5,12,4,2,1,3,0,3,1,3,8.25,1,1,0,0,0
96.87,6.55,4,11,4,2,1,1,0,18,7,3,18.8,1,3,1,0,0
67.14,8.5,4,14,2,3,1,2,0,14,1,2,5.12,1,3,1,0,0
59.21,6.73,5,11,1,3,1,3,1,1,18,3,27.57,1,1,0,0,0
82.28,6.49,3,11,3,2,1,2,0,17,15,1,21.34,1,3,1,0,0
26.7,4.24,7,10,2,1,0,3,0,20,1,1,2.09,1,5,1,0,1
54.89,6.86,4,10,2,3,1,4,0,4,12,1,18.33,1,3,0,0,0
69.84,2.61,7,10,3,3,1,4,0,1,6,3,1.0,1,5,0,0,0
69.29,7.94,3,10,1,3,1,1,0,15,1,2,15.81,1,5,1,0,0
82.47,5.72,5,12,3,1,1,4,0,6,7,3,5.28,1,3,1,1,0
6.36,3.39,7,12,2,4,0,3,0,36,18,3,1.0,1,4,1,0,1
69.43,8.32,3,14,2,0,1,2,0,21,13,3,19.84,0,5,1,0,0
54.06,4.64,5,10,4,1,1,1,1,7,4,3,7.07,1,2,1,0,0
55.26,5.8,6,10,3,2,1,2,1,18,4,2,12.55,1,1,1,0,0
73.39,7.64,5,13,4,2,1,1,0,6,17,3,7.53,1,5,1,0,0
58.22,3.24,8,13,1,3,1,2,0,14,17,3,23.27,1,5,0,0,0
49.7,7.15,3,13,2,1,1,1,0,8,1,1,10.7,1,6,1,0,0
63.83,5.85,5,10,4,2,1,2,1,17,7,2,17.72,1,3,1,0,0
66.07,2.91,9,13,1,0,1,3,1,27,1,2,1.0,0,2,1,0,0
90.1,4.92,7,12,3,3,1,3,0,15,15,2,12.57,1,3,1,0,0
66.5,9.58,0,14,3,4,1,4,0,16,1,2,6.68,1,5,1,1,0
47.64,7.3,4,11,3,0,1,2,0,9,7,1,14.85,1,5,1,1,0
57.06,9.41,1,12,4,0,1,1,0,14,5,3,25.71,0,1,1,0,0
24.44,2.3,9,11,0,3,1,4,1,37,30,3,1.0,0,5,0,0,1
67.04,5.46,6,10,4,5,1,4,0,14,6,1,13.46,1,6,1,1,0
84.09,6.52,4,11,1,0,1,2,0,11,1,1,11.09,1,1,1,1,0
76.58,7.86,4,10,2,0,1,2,0,1,1,2,5.84,1,6,1,0,0
82.5,6.42,5,11,4,2,1,4,0,6,9,3,4.98,1,2,1,0,0
66.9,7.07,5,13,2,1,1,1,0,21,1,3,19.34,1,6,1,1,0
65.93,7.52,2,10,2,2,1,1,0,9,8,1,16.79,1,5,1,1,0
56.47,4.82,8,14,4,1,1,4,1,25,11,1,21.78,1,1,1,1,0
62.91,8.29,4,14,3,5,1,1,0,1,6,1,10.93,1,6,1,0,0
70.65,6.27,6,13,2,1,1,2,1,15,3,3,22.11,1,2,1,0,0
90.84,9.39,1,11,2,2,1,1,0,18,4,2,14.47,1,1,1,0,0
60.59,5.32,5,11,2,1,1,1,0,9,6,2,10.34,1,5,1,0,0
80.84,5.93,4,11,4,1,1,1,0,1,4,3,22.35,1,3,1,0,0
100.0,5.18,7,12,1,3,1,1,0,16,1,1,16.83,1,1,1,1,0
94.81,9.13,1,14,1,2,1,4,0,9,3,1,1.83,0,2,1,0,0
100.0,7.65,3,10,4,3,1,2,0,1,1,1,16.14,1,4,1,0,0
60.46,5.69,6,10,3,4,1,2,0,9,3,2,1.53,0,2,1,0,0
76.74,7.56,5,14,4,3,1,3,0,21,9,3,16.29,1,1,1,1,0
85.5,4.55,7,13,3,3,1,3,0,16,2,2,23.62,1,4,1,0,0
75.78,6.63,5,14,2,0,1,3,0,4,1,3,1.0,1,5,1,0,0
49.69,4.06,8,13,2,0,1,3,1,2,8,3,1.0,1,6,0,0,0
59.21,5.21,6,11,3,0,1,3,0,1,1,2,10.36,0,1,1,1,0
83.61,4.46,7,14,4,0,1,3,0,1,9,3,10.87,1,1,1,0,0
90.31,5.94,5,13,4,1,1,2,0,18,18,3,1.67,1,2,1,0,0
49.19,7.15,4,11,3,0,1,3,0,12,1,1,16.86,1,1,0,0,0
56.91,5.49,6,12,4,0,1,1,0,1,10,1,3.88,1,6,1,0,0
86.78,4.2,8,14,4,2,1,2,0,3,6,3,5.85,1,1,0,1,0
66.99,7.13,4,11,3,4,1,1,1,13,1,1,18.06,1,3,1,0,0
73.05,5.91,6,11,4,1,1,2,0,1,9,3,1.0,1,5,1,0,0
77.4,6.86,4,13,3,1,1,3,1,1,6,2,24.16,1,1,1,0,0
56.8,6.85,3,10,4,3,1,4,0,16,1,2,16.68,1,1,0,0,0
74.1,8.17,2,10,2,2,1,4,0,1,2,2,1.0,1,3,1,0,0
63.13,4.65,7,14,1,0,1,3,0,22,9,1,5.75,1,4,1,0,0
52.23,4.1,8,13,3,1,1,3,0,8,25,2,25.12,1,4,1,0,0
81.24,3.77,7,12,1,1,1,2,1,8,4,3,14.43,0,4,1,0,0
88.58,5.08,8,13,4,2,1,1,0,3,4,3,19.84,0,5,1,0,0
89.44,5.48,5,12,1,4,1,3,0,1,7,3,10.39,1,3,1,0,0
49.21,6.07,6,11,1,0,1,4,0,7,9,1,6.15,1,3,1,1,0
65.19,7.96,4,10,2,0,1,3,0,6,1,2,13.22,1,2,1,0,0
72.81,7.54,3,12,3,2,1,1,0,19,14,1,1.51,1,6,1,0,0
51.97,5.41,5,11,2,3,1,4,0,1,12,3,22.03,1,4,0,0,0
61.11,6.01,4,12,1,0,1,1,0,10,5,2,23.85,1,6,1,0,0
60.78,6.31,7,14,3,0,1,2,0,10,1,3,16.55,0,5,0,0,0
87.23,6.78,5,14,1,1,1,4,0,5,8,2,12.13,1,4,1,0,0
60.93,3.64,8,12,3,1,1,1,0,11,6,1,14.65,1,5,0,0,0
61.46,3.99,9,13,2,1,1,4,0,19,10,2,8.89,1,6,0,0,0
63.93,5.97,7,14,4,4,1,4,0,9,10,3,14.41,1,5,1,1,0
67.54,4.08,7,10,3,0,1,2,0,5,10,2,12.11,1,1,1,0,0
94.26,8.09,3,12,3,2,1,3,0,23,4,1,1.0,1,3,1,0,0
79.88,6.46,3,10,4,0,1,3,0,3,13,2,1.0,1,4,1,0,0
79.69,6.85,4,14,1,0,1,1,0,1,1,2,21.94,1,3,1,0,0
87.87,6.99,4,12,2,1,1,1,1,1,3,3,1.0,1,1,1,0,0
77.85,7.41,3,12,4,1,1,1,0,1,14,1,13.42,1,1,1,0,0
40.38,4.58,9,13,4,3,1,4,0,2,18,3,14.32,1,3,0,1,0
87.71,7.77,4,10,4,3,1,4,0,1,4,1,25.25,1,4,0,0,0
67.9,3.65,8,11,2,3,1,4,0,4,1,1,17.13,1,4,0,0,0
61.0,6.14,6,12,2,3,1,4,1,15,7,2,1.34,1,4,1,1,0
72.1,6.21,4,10,4,0,1,2,0,1,7,2,7.84,1,4,0,0,0
60.14,3.54,7,12,3,1,1,2,0,12,3,1,1.0,0,6,0,0,0
68.51,4.86,9,14,2,0,1,2,0,5,4,2,8.34,1,1,1,1,0
75.96,7.24,3,12,1,0,1,4,1,22,25,2,7.92,1,2,1,1,0
79.66,10.0,2,10,1,0,1,2,0,9,6,1,4.86,1,1,1,0,0
92.66,6.85,5,12,1,2,1,4,0,3,9,2,13.92,1,3,0,0,0
94.08,7.3,4,13,2,0,1,2,0,1,2,1,26.17,1,1,1,0,0
72.55,3.37,8,10,1,1,1,3,0,11,1,2,20.07,1,2,0,0,0
40.85,6.16,7,14,2,2,1,3,0,17,3,1,14.69,1,6,1,0,0
53.31,5.02,7,11,4,2,1,2,0,16,1,3,8.55,1,6,1,1,0
36.6,3.6,8,12,3,3,1,2,0,17,1,3,12.2,1,6,1,1,0
97.54,6.42,5,13,2,3,1,3,0,9,9,3,25.93,0,4,1,0,0
74.06,8.54,3,12,1,1,1,2,0,17,17,2,22.36,1,6,1,0,0
20.73,2.33,10,14,0,6,0,1,0,58,33,2,14.55,1,6,1,0,1
76.41,9.14,2,13,3,2,1,1,0,8,3,1,6.27,0,5,1,0,0
59.84,3.48,7,10,3,0,1,2,0,20,1,3,1.0,1,5,1,1,0
52.52,6.43,3,10,3,1,1,1,0,1,17,2,1.0,1,6,1,0,0
69.85,9.6,1,14,3,3,1,2,0,1,3,3,9.9,1,6,1,0,0
90.47,9.06,1,12,4,0,1,3,0,4,1,2,8.46,1,3,1,0,0
84.59,6.04,5,14,1,3,1,2,0,1,11,1,17.86,1,1,1,0,0
68.35,7.72,4,11,3,4,1,1,0,27,1,1,29.71,1,1,1,1,0
74.61,6.0,5,13,2,0,1,1,0,2,22,2,10.1,0,6,1,0,0
65.27,6.07,6,14,2,3,1,4,0,15,1,2,18.24,0,4,1,0,0
80.23,5.85,7,14,2,1,1,3,0,11,6,1,16.91,1,2,1,0,0
66.11,4.39,8,14,4,0,1,2,0,14,1,3,6.35,1,3,0,0,0
26.31,4.16,9,13,2,3,0,1,1,39,1,3,5.18,1,5,1,0,1
37.71,3.22,10,13,3,1,1,4,0,19,1,2,19.76,1,5,0,0,0
74.98,6.95,3,11,1,2,1,4,0,8,5,1,11.57,1,4,1,0,0
17.22,5.58,6,10,2,3,0,1,0,17,29,2,5.36,1,3,1,0,1
50.91,7.83,3,13,1,0,1,2,0,1,1,3,16.0,1,5,1,0,0
70.95,4.65,7,14,2,1,1,1,0,16,3,1,30.34,1,4,1,0,0
100.0,6.96,5,10,2,2,1,4,0,14,4,1,11.6,1,4,1,0,0
86.61,4.71,7,13,2,1,1,2,0,12,3,3,20.0,1,1,1,0,0
79.53,4.91,7,10,4,1,1,4,0,13,3,2,1.78,1,2,1,0,0
55.71,4.59,6,11,3,5,1,3,0,22,2,2,20.15,1,2,1,1,0
66.43,5.46,6,10,2,2,1,1,0,14,4,1,8.76,1,6,1,0,0
71.13,4.67,6,10,1,2,1,3,1,20,13,1,1.0,1,2,1,0,0
86.76,6.05,4,10,4,6,1,2,0,11,9,3,2.99,1,1,1,0,0
94.57,7.36,4,12,4,2,1,4,0,1,10,1,7.05,1,3,1,0,0
72.12,4.19,9,13,4,0,1,2,1,12,20,1,14.85,0,2,1,0,0
68.16,1.47,10,13,3,0,1,1,0,8,14,3,1.0,1,1,1,1,0
44.06,6.13,6,12,4,1,1,3,1,34,10,2,19.59,1,4,1,1,0
45.5,4.9,8,12,4,3,1,3,0,20,1,2,15.16,1,4,1,1,0
18.27,5.94,6,11,2,4,0,3,0,38,35,3,25.15,1,5,1,0,1
58.91,4.68,5,11,3,4,1,3,0,10,18,1,31.75,1,3,1,1,0
82.57,8.46,1,10,1,4,1,4,0,4,1,2,26.49,1,1,1,0,0
67.51,3.98,7,10,3,4,1,2,0,20,5,3,28.34,1,4,0,0,0
34.69,3.73,6,10,2,3,1,2,1,1,6,1,14.27,1,6,0,0,0
59.14,6.46,6,12,1,1,1,1,0,17,1,3,2.63,1,1,0,0,0
80.96,7.01,4,12,1,0,1,2,0,1,1,1,1.0,1,3,1,0,0
44.91,5.7,5,11,1,3,1,1,0,23,5,3,7.96,1,1,1,0,0
54.03,4.74,7,13,4,3,1,2,1,10,2,2,10.15,0,6,0,0,0
73.09,6.92,3,10,1,0,1,4,0,6,1,1,18.3,1,4,1,0,0
15.64,3.11,8,13,1,5,0,3,0,35,24,2,14.68,1,6,1,0,1
77.23,7.56,4,13,3,2,1,4,0,1,10,3,1.3,1,2,1,0,0
72.09,4.12,6,10,3,0,1,4,0,9,11,1,7.97,1,2,1,0,0
68.75,5.03,7,12,1,0,1,1,1,1,4,3,10.82,1,1,1,0,0
63.88,5.83,6,10,3,0,1,4,0,14,1,3,6.0,1,1,1,1,0
76.46,5.3,7,12,2,0,1,4,0,12,2,1,26.03,1,4,1,1,0
82.31,5.61,6,11,2,1,1,3,0,16,1,1,1.0,1,6,1,0,0
81.35,3.73,8,11,4,2,1,1,0,24,22,2,25.23,1,1,0,0,0
76.2,8.2,4,14,1,1,1,1,0,4,1,2,4.71,1,2,1,0,0
1.26,,6,14,0,5,0,4,0,32,30,3,28.22,1,5,0,1,1
70.0,7.03,4,10,3,1,1,4,0,26,10,2,21.74,1,6,1,0,0
63.69,6.13,5,12,4,0,1,3,1,1,1,1,11.38,1,5,1,0,0
95.86,8.61,3,14,1,3,1,2,0,13,1,3,22.18,1,4,1,0,0
27.99,6.05,6,12,1,2,1,4,1,37,12,1,24.06,1,5,1,0,0
76.67,5.43,7,11,1,1,1,4,0,1,9,2,7.1,1,5,0,1,0
7.02,3.72,9,13,1,7,0,2,0,26,22,2,17.38,1,6,0,1,1
82.0,8.16,2,10,2,1,1,3,0,4,1,1,23.51,1,4,1,0,0
75.06,6.39,4,13,3,0,1,3,0,3,9,1,30.17,1,3,1,0,0
62.6,4.61,8,13,1,0,1,4,0,19,12,2,8.98,1,5,1,0,0
59.02,7.03,3,13,4,3,1,4,0,27,4,3,14.64,1,2,1,1,0
70.6,8.09,2,12,3,0,1,3,1,22,1,3,19.82,1,2,1,0,0
50.92,4.97,6,10,3,1,1,4,0,6,6,3,1.0,1,2,1,1,0
49.19,4.66,7,10,1,4,1,1,0,14,6,2,1.0,1,5,1,1,0
66.58,5.77,7,14,2,1,1,2,0,4,10,2,1.0,1,1,1,1,0
92.98,5.38,6,13,4,0,1,2,0,7,6,2,26.99,1,2,1,0,0
0.0,2.77,9,10,0,5,0,3,0,22,46,2,24.47,1,3,1,0,1
74.7,6.0,7,14,1,3,1,2,0,12,7,1,33.96,1,2,0,0,0
55.08,4.22,10,14,3,5,1,3,1,8,1,1,21.84,1,4,0,0,0
71.84,5.05,7,14,3,2,1,2,0,10,1,3,7.06,1,4,1,0,0
54.33,3.15,8,10,1,0,1,1,1,14,5,2,6.3,1,4,1,0,0
26.18,,6,10,0,4,1,2,1,16,15,2,9.35,1,5,0,0,1
77.17,6.3,3,10,2,0,1,1,0,1,9,2,5.92,1,2,1,0,0
41.59,4.65,5,11,2,2,1,4,0,5,4,2,11.21,1,6,0,0,0
12.46,5.13,5,10,2,1,0,2,0,36,38,2,6.91,1,6,1,1,1
69.8,5.42,6,11,4,0,1,2,0,16,1,2,16.81,1,2,0,1,0
71.61,9.77,2,12,4,2,1,3,0,1,2,2,35.0,1,6,1,0,0
40.34,4.7,8,12,3,3,1,3,1,17,1,2,20.38,1,2,1,1,0
58.01,5.25,6,13,1,1,1,1,1,20,1,2,1.0,1,2,1,0,0
100.0,8.07,2,10,4,0,1,1,0,10,14,3,24.16,1,2,1,0,0
79.55,4.97,5,10,2,5,1,4,0,1,9,3,20.14,1,6,1,0,0
78.93,5.38,6,10,1,1,1,1,0,22,1,2,34.36,1,3,1,0,0
63.94,7.86,3,14,3,0,1,1,0,1,1,1,10.41,1,4,1,0,0
61.44,4.3,7,14,3,1,1,4,1,8,7,3,10.34,1,4,0,1,0
65.63,0.17,10,10,1,3,1,4,1,18,1,2,21.28,1,4,1,1,0
63.0,6.05,5,14,2,3,1,3,0,12,1,2,12.56,1,6,0,0,0
50.37,3.54,10,13,3,3,0,1,0,1,7,1,1.0,1,1,0,0,1
59.99,5.61,5,11,3,0,1,3,0,3,8,2,10.19,1,2,1,0,0
66.37,5.01,6,13,4,6,1,3,1,24,11,3,16.92,1,1,1,0,0
57.47,5.47,5,11,4,0,1,4,0,12,10,2,12.86,0,6,1,0,0
54.6,4.34,7,12,2,2,1,2,0,24,11,3,24.67,0,5,0,0,0
37.09,2.35,9,11,4,5,1,3,1,1,5,3,8.89,1,1,0,0,0
57.11,3.98,6,11,2,6,1,1,1,13,15,2,31.61,1,1,1,1,0
99.94,6.06,6,14,2,0,1,4,0,16,22,2,6.74,1,4,1,0,0
1.96,4.8,6,12,2,5,0,4,0,36,30,2,13.33,1,5,1,0,1
43.04,6.79,3,10,4,0,0,1,0,16,13,1,1.0,1,5,1,0,1
100.0,6.87,4,12,2,3,1,3,0,4,1,1,18.77,1,2,1,0,0
100.0,7.95,3,12,1,1,1,1,0,25,1,2,10.62,1,3,1,0,0
63.59,5.07,6,10,1,3,1,1,0,1,5,3,9.19,1,3,1,0,0
66.63,4.41,8,12,3,2,1,3,1,23,1,1,15.13,1,6,1,0,0
80.55,6.16,4,12,2,2,1,4,0,18,6,2,1.0,0,6,1,1,0
59.65,3.31,8,12,4,0,1,4,1,12,9,1,9.65,1,4,1,1,0
89.51,7.68,3,13,2,2,1,3,0,1,15,1,5.2,1,5,0,0,0
79.69,5.51,6,13,3,2,1,2,0,11,1,3,21.33,1,6,1,0,0
57.16,5.24,7,13,4,1,1,3,1,9,11,3,4.45,0,6,1,0,0
68.41,8.55,3,11,3,5,1,1,0,36,4,3,10.16,1,4,1,0,0
65.53,2.17,9,11,1,2,1,1,0,11,1,2,7.75,1,2,0,1,0
100.0,5.79,7,12,3,5,1,3,0,7,21,3,17.06,1,5,1,0,0
88.45,9.04,3,13,2,1,1,1,0,4,10,1,8.61,1,1,1,0,0
68.3,8.67,3,12,2,2,1,3,0,26,12,1,12.39,1,6,1,0,0
86.36,8.55,2,11,2,2,1,1,0,20,4,3,1.0,1,2,1,0,0
93.25,7.85,3,13,2,2,1,2,0,1,12,2,17.44,1,4,1,0,0
96.48,8.24,1,10,4,5,1,2,0,5,12,1,1.0,1,2,1,0,0
86.13,7.04,4,10,4,2,1,4,0,1,1,2,23.45,1,1,1,0,0
66.81,4.41,6,11,4,0,1,3,0,8,7,2,23.16,1,2,1,1,0
71.77,4.18,7,11,1,3,1,2,0,21,10,1,17.22,1,4,1,0,0
78.34,7.72,3,10,3,1,1,2,0,8,1,3,3.17,0,2,1,1,0
78.86,5.94,6,14,3,0,1,2,0,2,1,2,2.88,1,6,1,0,0
84.1,4.42,6,11,4,0,1,3,0,8,16,1,13.49,1,3,1,1,0
95.84,5.8,4,10,4,2,1,2,0,15,31,3,1.0,0,1,0,0,0
74.42,5.09,6,11,2,1,1,1,0,11,2,3,10.2,1,3,0,0,0
91.35,4.69,6,11,2,3,1,3,0,6,7,2,13.77,0,6,0,0,0
67.8,6.04,6,11,3,1,1,4,0,1,7,2,1.0,1,5,1,0,0
100.0,8.22,1,11,4,3,1,1,0,18,17,2,1.0,1,3,1,0,0
91.65,6.76,4,10,3,3,1,3,0,1,3,2,17.72,1,6,1,1,0
54.0,4.44,7,12,4,1,1,1,0,3,26,3,4.86,1,4,0,1,0
75.67,7.07,3,11,2,5,1,2,0,11,5,2,6.05,1,6,1,0,0
64.65,4.85,6,10,1,0,1,4,0,3,8,1,1.0,1,5,1,1,0
73.47,7.2,5,12,1,1,1,2,0,14,20,1,1.0,1,6,1,0,0
0.0,,8,11,0,5,0,3,1,33,44,1,6.17,1,2,1,0,1
57.6,7.67,2,10,2,1,1,1,0,1,1,1,1.0,1,2,1,1,0
100.0,8.47,2,11,3,2,1,1,0,1,1,3,7.3,1,2,1,0,0
41.53,4.51,7,13,3,2,1,4,0,1,1,2,10.51,1,2,0,1,0
79.41,8.42,1,12,4,1,1,4,0,1,8,2,10.18,1,4,1,0,0
69.25,7.48,3,13,1,2,1,1,0,21,1,2,12.29,1,2,0,0,0
98.2,7.15,4,13,3,0,1,2,0,1,10,2,16.61,0,1,1,0,0
84.25,5.64,7,12,3,2,1,4,0,8,12,3,10.68,1,2,1,0,0
70.78,4.29,6,10,2,0,1,4,0,15,4,1,19.89,1,2,1,0,0
39.69,1.75,10,11,1,8,1,2,1,12,6,3,13.8,1,2,0,0,0
91.33,6.47,5,10,3,4,1,1,0,12,4,2,22.88,1,1,1,0,0
99.28,4.84,7,12,3,0,1,4,1,12,1,3,19.67,1,2,1,0,0
63.21,5.64,5,10,3,0,1,4,0,1,25,1,28.72,1,6,1,0,0
53.88,3.71,7,11,3,5,1,2,0,21,1,1,21.23,1,1,1,1,0
93.8,4.65,6,12,1,2,1,1,0,13,10,3,2.71,1,1,1,0,0
51.17,5.92,5,12,2,1,1,2,0,14,15,1,1.0,1,5,1,0,0
72.11,6.52,5,14,1,0,1,3,0,17,12,3,5.5,1,4,1,1,0
91.93,5.86,5,14,2,4,1,3,0,18,4,3,8.4,1,3,1,0,0
71.19,7.72,3,14,4,2,1,2,0,8,1,2,4.89,1,6,0,0,0
59.14,9.39,2,12,3,0,1,1,0,1,3,1,26.47,1,2,1,0,0
68.04,3.58,6,10,3,0,1,4,1,1,2,3,3.14,1,2,1,0,0
43.44,5.47,6,10,3,2,1,3,0,25,7,3,3.65,1,5,1,0,0
31.93,2.82,9,11,3,2,1,1,0,39,7,2,1.0,1,3,1,1,0
100.0,4.83,6,11,3,5,1,1,0,25,12,3,16.5,1,1,1,0,0
77.82,3.5,7,12,2,0,1,1,0,14,1,1,18.44,1,3,0,0,0
59.29,7.69,4,11,3,3,1,1,0,8,4,3,1.9,1,1,1,0,0
36.7,2.67,9,12,4,6,0,1,1,1,14,2,14.26,1,3,1,0,1
74.97,7.68,3,10,2,2,1,1,0,16,9,2,1.0,1,6,1,0,0
84.05,6.07,5,14,3,2,1,3,0,4,1,2,14.5,1,3,1,0,0
87.84,6.48,4,10,1,2,1,3,0,23,8,3,19.67,1,3,1,1,0
69.3,4.68,7,10,2,4,1,3,1,9,23,3,1.0,1,6,1,0,0
82.2,5.71,5,10,3,3,1,1,1,24,1,1,14.52,1,4,1,0,0
85.67,10.0,1,12,1,0,1,1,0,11,1,1,16.34,0,1,1,0,0
70.3,4.33,8,13,1,4,1,3,0,1,1,3,5.93,1,4,1,0,0
62.29,4.43,8,14,1,3,1,1,1,1,6,2,15.02,1,4,1,0,0
71.42,6.53,3,10,4,0,1,3,0,18,6,1,11.29,1,2,1,0,0
72.82,8.72,2,11,3,3,1,2,0,23,1,2,1.0,1,1,0,0,0
59.32,6.53,4,13,3,2,1,3,0,24,15,2,1.0,1,6,1,0,0
91.82,7.73,3,10,2,2,1,2,0,1,12,2,21.68,0,2,1,1,0
100.0,6.4,5,10,3,0,1,4,0,12,4,3,4.34,1,2,1,0,0
86.64,4.27,7,13,2,1,1,1,0,8,8,3,22.3,1,2,1,0,0
63.22,4.54,6,12,1,3,1,1,0,10,1,3,8.91,1,1,1,0,0
91.33,4.09,8,14,1,1,1,2,0,14,10,3,4.67,1,6,1,1,0
64.02,7.1,4,12,2,0,1,2,0,16,12,2,15.31,1,3,1,0,0
43.31,4.02,10,14,2,2,1,4,0,23,1,3,14.04,1,4,1,1,0
78.91,3.97,7,12,1,0,1,2,0,1,15,3,10.93,1,1,1,0,0
51.04,7.84,3,13,4,4,1,4,1,22,1,3,24.35,1,1,1,0,0
100.0,6.35,4,12,2,0,1,2,0,10,1,3,4.91,1,1,1,0,0
82.26,6.13,7,13,3,3,1,2,0,6,1,1,21.56,1,1,1,0,0
55.96,4.73,5,10,2,1,1,4,0,6,4,1,13.48,1,4,1,0,0
87.78,9.52,1,14,1,3,1,4,0,10,1,1,17.53,1,4,1,0,0
24.07,,9,13,0,6,0,2,0,27,44,2,12.02,1,5,1,1,1
61.53,5.39,5,10,3,3,1,4,0,25,18,3,18.96,1,5,0,1,0
82.78,7.28,3,10,1,2,1,1,0,22,4,3,18.51,1,1,0,0,0
92.73,5.12,6,12,1,4,1,4,0,17,13,2,18.96,1,1,1,1,0
71.89,3.75,7,11,3,0,1,1,1,21,26,2,38.85,1,2,1,0,0
60.4,6.51,5,13,1,7,1,1,1,11,5,3,5.35,0,5,1,1,0
50.55,6.33,5,13,2,5,1,3,0,6,11,3,19.67,1,5,0,1,0
99.79,7.7,3,10,1,2,1,4,1,4,1,2,1.0,1,6,1,0,0
65.26,3.98,9,12,4,1,1,2,1,12,1,3,1.35,1,2,1,0,0
89.53,7.28,4,14,2,1,1,1,0,1,6,3,22.93,1,2,1,0,0
47.44,6.37,5,13,2,2,1,3,0,2,3,3,33.43,0,1,0,0,0
67.91,4.35,6,10,3,3,1,2,0,1,20,2,2.21,1,2,1,0,0
48.96,4.67,7,14,1,3,1,2,0,6,13,1,19.63,0,4,1,0,0
50.92,6.48,3,10,1,1,1,2,1,7,18,3,16.15,1,1,1,0,0
57.72,5.48,6,10,4,2,1,1,0,21,14,3,2.01,1,1,0,0,0
47.72,6.89,5,10,4,3,1,1,0,6,5,2,13.85,1,4,0,0,0
89.86,5.31,8,13,3,4,1,1,0,1,14,2,11.87,1,5,1,0,0
0.0,,6,12,0,3,0,4,1,36,35,1,8.29,1,4,0,0,1
47.61,6.25,5,14,3,0,1,1,1,1,1,3,30.55,1,6,0,0,0
80.56,2.89,9,11,2,0,1,4,0,25,1,2,7.54,0,5,0,0,0
36.4,2.56,10,14,3,4,1,1,0,5,4,3,9.79,1,5,1,0,0
73.34,5.51,7,13,2,2,1,1,0,1,8,3,5.48,1,4,0,0,0
0.0,5.01,6,13,1,2,0,2,1,60,30,3,10.36,1,4,1,0,1
79.36,4.5,8,14,4,1,1,2,0,1,1,1,3.2,0,2,1,1,0
84.99,10.0,1,13,1,0,1,4,0,10,17,3,13.47,1,2,1,0,0
82.18,5.12,8,14,3,2,1,4,0,9,1,3,2.55,1,4,1,0,0
66.39,4.27,8,14,2,2,1,3,0,7,7,2,3.19,1,5,1,1,0
82.41,6.98,5,11,1,3,1,4,0,23,8,1,1.0,1,3,1,0,0
100.0,7.62,3,14,1,0,1,3,0,1,13,2,22.09,0,4,1,0,0
79.47,5.54,6,11,2,0,1,2,0,28,7,1,1.0,1,3,1,1,0
67.23,3.57,9,12,1,1,1,4,0,7,8,3,17.76,0,1,1,1,0
80.13,5.13,6,12,2,1,1,1,1,1,11,1,1.0,1,2,1,0,0
92.4,6.06,5,11,2,2,1,1,1,11,1,2,24.23,1,1,1,0,0
75.35,7.4,4,11,3,0,1,2,0,10,1,1,3.07,1,4,1,0,0
78.98,9.39,1,14,4,1,1,4,0,1,18,2,1.0,1,1,1,0,0
77.05,4.52,9,13,4,3,1,1,0,5,15,3,13.14,0,3,1,1,0
49.86,4.63,7,13,3,2,1,1,0,12,13,2,3.27,1,2,0,1,0
87.16,5.31,6,10,4,4,1,3,1,20,2,3,1.0,1,4,1,0,0
77.06,5.4,7,12,4,4,1,3,0,4,20,1,4.39,1,2,0,0,0
51.27,4.73,6,13,1,3,1,3,1,7,8,2,9.9,1,2,1,0,0
48.78,5.96,6,10,1,5,1,2,0,15,1,2,29.73,1,1,1,0,0
43.37,4.07,7,11,4,0,1,2,0,15,1,3,1.0,1,5,0,1,0
81.43,8.13,3,12,2,1,1,1,0,12,1,2,5.63,1,2,1,0,0
87.9,5.9,6,13,2,3,1,4,0,1,13,2,24.88,1,2,1,0,0
89.6,4.35,7,12,3,4,1,3,0,1,1,1,10.65,1,4,1,0,0
63.01,7.67,4,14,2,2,1,3,0,8,14,3,18.38,0,5,1,0,0
74.7,6.5,5,14,1,3,1,4,0,13,7,1,15.61,1,6,1,0,0
58.79,7.42,5,14,2,1,1,1,0,15,7,1,20.12,1,6,1,0,0
24.08,3.92,8,11,1,6,0,2,0,46,13,3,8.68,1,2,1,0,1
100.0,7.73,2,11,3,1,1,2,0,15,6,3,21.23,1,6,1,0,0
93.43,4.67,6,12,2,0,1,2,0,22,2,3,9.18,1,3,1,0,0
97.01,6.51,6,14,4,1,1,4,0,31,8,3,20.25,1,6,1,0,0
100.0,8.18,2,13,4,3,1,3,0,27,15,3,11.53,1,5,1,0,0
58.95,3.32,8,11,4,1,1,1,1,9,9,2,3.74,1,4,1,0,0
85.21,4.45,7,13,4,5,1,2,1,4,8,3,1.0,1,2,1,0,0
79.14,6.01,7,14,1,2,1,1,0,1,1,2,14.29,1,2,1,1,0
74.28,6.55,6,14,4,2,1,4,0,3,4,2,11.34,1,6,1,0,0
90.94,5.93,7,14,4,0,1,2,0,10,7,1,13.54,1,3,1,0,0
86.11,6.52,4,10,4,1,1,4,0,14,1,1,19.15,1,1,0,0,0
74.47,5.76,4,11,3,0,1,3,0,13,1,1,17.12,1,4,1,0,0
63.55,3.16,8,13,2,3,1,3,1,14,8,2,21.93,1,1,0,0,0
56.18,4.59,8,12,3,1,1,2,0,15,12,1,17.34,1,1,0,0,0
0.0,,9,13,0,2,0,1,0,16,25,1,22.85,1,5,1,0,1
50.18,6.06,6,13,2,0,1,2,0,13,12,2,14.33,1,2,1,0,0
54.03,3.32,6,10,2,3,1,1,1,20,1,1,12.5,1,6,1,1,0
91.28,6.05,7,14,3,6,1,3,0,12,4,3,27.35,1,1,1,0,0
87.43,7.74,3,12,1,2,1,2,0,10,10,2,4.49,1,4,1,0,0
88.77,4.98,7,12,3,1,1,2,1,12,22,2,25.84,0,3,1,1,0
72.52,6.29,5,11,4,1,1,3,0,11,1,3,7.52,0,4,0,0,0
60.64,4.98,6,11,2,3,1,4,0,14,1,1,1.0,1,4,0,0,0
82.59,8.98,3,11,3,0,1,2,0,3,2,1,19.66,1,2,1,0,0
64.83,7.63,3,10,3,1,1,4,0,4,1,3,8.82,1,6,1,0,0
71.65,4.76,5,11,1,3,1,2,1,8,1,3,1.0,1,1,1,0,0
55.65,6.46,4,10,1,0,1,1,0,5,1,3,8.12,1,5,1,0,0
24.28,4.11,7,10,2,9,0,1,0,33,38,1,10.16,1,4,1,0,1
84.43,4.44,9,13,3,2,1,1,0,29,7,1,5.88,0,6,1,0,0
55.88,4.95,6,10,4,0,1,4,0,29,1,2,8.92,1,2,0,1,0
81.17,4.53,9,14,3,2,1,2,1,13,4,3,29.08,0,3,1,0,0
46.48,7.35,3,14,1,2,1,2,0,29,15,2,23.71,1,5,0,0,0
52.87,5.74,6,14,3,1,1,2,0,3,12,2,1.0,1,1,0,0,0
45.47,4.21,5,10,1,0,1,3,0,1,9,3,38.43,1,5,0,1,0
87.57,6.9,5,11,3,0,1,3,0,20,23,3,3.12,1,3,1,1,0
76.47,1.44,10,11,3,2,1,2,1,1,5,3,20.54,1,1,1,1,0
29.19,1.83,10,14,0,8,0,3,0,57,21,3,14.13,1,4,1,0,1
82.24,6.86,6,13,1,4,1,2,0,3,18,1,12.55,1,3,0,0,0
43.17,5.0,5,10,3,2,1,2,1,14,1,2,35.77,0,6,1,0,0
66.78,2.69,10,13,4,2,1,4,1,11,5,3,13.03,1,1,1,1,0
65.47,6.6,6,14,4,1,1,1,0,1,2,2,1.49,0,3,1,0,0
66.34,4.66,8,12,2,3,1,3,1,15,6,2,10.09,1,5,1,0,0
40.16,4.12,7,11,1,0,1,4,1,20,8,1,4.55,1,4,0,0,0
92.28,5.48,7,14,3,2,1,2,1,1,3,3,1.0,1,5,1,0,0
82.61,5.52,7,14,1,0,1,1,0,1,6,2,20.35,1,3,1,0,0
50.47,6.6,4,10,4,0,1,1,1,14,10,1,21.19,1,6,1,1,0
72.25,7.41,4,11,2,0,1,3,0,6,1,3,17.18,1,6,1,0,0
43.92,4.42,8,11,3,3,0,4,1,19,17,1,1.0,1,3,1,0,1
60.5,7.37,2,10,4,4,1,1,0,27,1,3,22.75,0,6,1,1,0
50.99,7.13,2,10,1,0,1,3,1,15,4,3,15.68,1,4,1,0,0
18.4,0.75,9,10,1,1,0,4,1,40,15,2,17.49,1,3,1,0,1
15.93,,7,11,0,5,0,1,0,26,13,2,11.81,1,1,0,0,1
72.51,6.84,3,11,4,2,1,2,0,19,1,3,6.54,0,6,1,0,0
89.79,6.3,5,12,2,3,1,4,0,14,5,1,19.88,1,3,1,0,0
80.94,3.82,8,11,3,0,1,1,0,21,11,2,23.82,1,1,1,0,0
64.3,5.29,8,14,2,2,1,1,0,11,15,2,3.31,1,3,0,0,0
85.55,5.12,6,11,4,7,1,3,0,15,1,1,11.07,1,1,1,0,0
14.74,2.87,10,14,2,3,0,3,0,55,29,2,3.47,0,3,1,0,1
100.0,6.66,4,12,4,3,1,3,0,14,3,1,13.86,1,2,1,0,0
95.83,4.29,8,11,4,1,1,1,0,21,9,3,16.79,1,5,1,1,0
67.66,5.54,5,12,4,0,1,2,0,22,1,3,19.44,1,2,1,0,0
45.93,3.63,7,10,2,0,1,3,1,1,14,2,4.45,1,1,0,0,0
97.75,5.03,4,10,2,0,1,1,0,3,5,1,4.57,1,1,1,1,0
60.48,10.0,2,13,4,0,1,1,0,19,6,2,3.41,1,2,1,0,0
95.01,4.03,7,11,1,5,1,1,0,20,9,3,11.28,1,4,1,1,0
65.54,4.75,6,11,4,2,1,4,0,21,5,3,4.19,1,6,1,0,0
34.86,2.77,10,12,4,7,1,4,0,1,1,1,4.23,1,4,1,0,0
79.18,3.79,6,10,4,0,1,3,0,1,13,2,24.37,1,1,1,1,0
67.16,7.69,3,11,1,4,1,1,0,27,10,3,13.13,1,1,1,0,0
59.86,3.21,9,11,2,3,1,1,1,22,6,2,1.0,1,2,0,0,0
77.79,6.04,6,12,4,1,1,3,1,23,15,2,10.93,1,4,0,0,0
35.56,3.21,6,10,3,3,1,3,1,27,2,2,1.0,1,6,1,1,0
45.83,5.57,7,12,3,4,1,4,0,10,2,1,14.25,1,1,1,1,0
71.38,3.0,10,14,3,2,1,3,0,14,3,3,12.84,1,3,0,1,0
77.73,5.36,5,12,4,0,1,1,0,8,3,2,26.47,1,6,1,1,0
77.09,1.73,10,12,3,3,1,1,0,1,12,1,5.04,1,4,0,1,0
85.4,7.2,4,11,3,0,1,2,0,1,1,2,3.6,1,3,1,0,0
92.94,4.86,5,10,4,5,1,1,0,32,13,2,1.0,1,6,1,0,0
65.43,6.87,5,12,4,1,1,4,1,10,21,2,2.55,1,4,1,0,0
32.03,2.45,9,10,2,4,0,3,0,4,7,2,16.89,0,6,1,0,1
45.38,6.81,5,12,3,1,1,4,0,20,10,3,13.79,1,6,1,1,0
80.95,8.38,2,10,4,4,1,3,0,8,7,2,1.0,1,4,1,0,0
21.78,3.46,8,11,1,4,0,1,1,39,18,3,3.5,1,3,1,1,1
74.27,7.96,3,12,3,4,1,2,0,17,2,2,23.44,1,1,1,0,0
99.7,5.98,6,13,2,1,1,2,1,9,7,3,17.42,1,3,1,0,0
46.33,4.26,6,11,2,3,1,3,0,12,1,1,10.01,1,1,1,1,0
90.46,6.14,5,10,2,0,1,1,0,7,14,3,14.25,1,3,1,0,0
39.47,2.19,9,12,2,1,1,2,0,1,1,1,1.58,0,4,1,1,0
3.91,,9,10,0,3,0,1,0,65,16,2,8.39,0,2,1,0,1
63.13,5.83,7,12,3,0,1,3,0,1,11,1,16.46,1,3,1,0,0
97.25,4.83,5,11,1,2,1,4,0,15,1,2,9.56,0,1,1,0,0
45.09,6.51,4,12,1,2,1,4,1,1,1,2,18.42,1,2,0,1,0
80.09,4.82,8,14,3,0,1,3,0,10,5,1,15.86,1,1,1,0,0
82.82,5.29,5,10,4,4,1,2,0,19,11,1,19.65,1,1,1,0,0
80.36,6.53,6,14,3,3,1,3,1,32,22,3,22.82,1,4,1,0,0
71.24,5.22,5,10,1,3,1,4,0,4,11,3,13.57,1,4,1,0,0
47.16,5.42,4,10,1,2,1,1,0,10,16,1,15.29,0,5,0,0,0
78.89,4.93,6,12,2,0,1,2,0,6,8,1,5.29,0,5,1,0,0
75.05,6.34,5,11,2,2,1,3,0,11,4,3,9.1,1,4,0,0,0
56.47,6.71,4,13,2,0,1,4,0,1,1,3,7.05,1,6,1,0,0
70.09,6.42,3,10,4,4,1,1,0,20,13,2,1.0,1,6,1,0,0
86.16,2.96,9,13,4,1,1,1,1,16,6,1,18.09,1,3,0,0,0
34.48,3.11,8,10,3,3,0,3,0,16,1,1,19.7,0,3,1,0,1
72.05,5.7,4,10,3,3,1,3,0,24,6,2,24.19,1,1,1,1,0
51.76,10.0,1,12,4,1,1,4,0,1,3,1,10.78,1,3,1,1,0
69.28,7.05,4,13,1,0,1,4,0,19,7,3,4.34,1,5,0,0,0
97.44,4.52,9,13,1,0,1,3,0,10,1,1,12.02,1,1,1,0,0
71.01,5.04,8,13,1,4,1,3,0,6,9,1,37.52,1,5,1,1,0
56.11,5.71,6,10,3,3,1,4,1,14,9,2,16.79,1,5,1,0,0
64.93,5.92,4,11,4,6,1,3,0,23,7,2,10.84,1,6,1,0,0
71.82,5.97,7,13,1,0,1,2,0,11,4,1,17.97,1,4,0,0,0
0.0,2.62,8,10,1,2,0,4,0,32,36,2,1.0,1,4,1,0,1
98.1,4.31,8,13,3,1,1,2,0,1,1,1,7.64,1,5,1,0,0
42.79,3.35,7,10,4,2,1,4,1,28,1,1,2.2,1,2,0,1,0
79.3,5.54,4,10,2,0,1,4,0,6,8,2,25.06,1,3,1,1,0
100.0,7.76,5,14,4,5,1,3,1,8,1,3,10.31,1,2,1,0,0
66.72,5.06,8,13,2,5,1,2,1,9,1,1,10.31,1,2,1,0,0
34.4,2.2,10,14,3,1,1,4,1,14,1,1,1.63,1,5,0,0,0
61.06,4.48,6,12,1,0,1,2,1,11,1,1,4.16,1,5,0,0,0
79.46,4.92,7,13,2,1,1,3,1,17,5,1,16.87,1,2,1,1,0
60.01,5.31,5,11,2,1,1,3,0,18,8,2,20.41,1,2,1,1,0
77.74,7.65,4,14,2,0,1,3,0,3,2,2,8.45,1,2,1,0,0
84.06,6.93,5,10,4,3,1,4,0,8,8,1,7.6,0,1,0,0,0
78.04,6.37,6,13,4,1,1,1,0,19,13,3,14.68,1,2,1,0,0
45.5,4.88,6,13,3,1,0,1,0,20,11,3,9.78,1,4,1,0,1
85.28,4.84,9,14,1,1,1,1,0,7,16,3,16.81,1,6,1,1,0
91.52,2.95,10,14,4,2,1,3,0,7,1,1,1.0,1,2,0,0,0
12.02,3.93,8,10,2,4,0,4,0,44,30,3,1.0,1,3,1,0,1
49.97,6.49,4,10,3,1,1,2,1,1,9,2,6.04,1,3,1,1,0
65.79,3.23,8,13,1,0,1,4,0,1,1,1,28.32,0,3,1,1,0
69.64,4.11,5,10,2,2,1,3,0,1,1,1,11.52,1,2,1,0,0
7.84,0.25,10,12,0,3,0,1,1,26,31,2,22.19,1,5,1,0,1
69.21,4.25,7,10,3,4,1,2,1,7,4,1,7.14,1,6,0,1,0
80.39,6.96,5,12,2,0,1,4,1,1,8,3,6.75,0,1,1,0,0
94.32,7.77,2,13,1,1,1,2,0,16,14,2,33.99,1,1,1,0,0
70.05,4.6,7,14,2,3,1,3,0,1,3,2,7.49,1,2,0,0,0
84.48,5.09,8,13,1,0,1,2,0,15,1,3,13.85,1,2,0,0,0
13.28,4.27,7,12,1,7,0,4,0,30,29,3,8.4,1,1,1,0,1
0.0,1.53,10,12,1,2,0,1,0,48,29,2,16.36,1,1,1,0,1
87.86,5.09,6,11,1,0,1,4,0,9,6,3,32.5,0,4,1,0,0
65.47,7.85,3,11,2,2,1,1,0,11,4,2,13.53,1,3,1,0,0
40.49,7.48,3,13,3,0,1,4,0,1,11,3,1.0,1,4,1,0,0
69.9,7.94,4,10,3,4,1,4,0,1,1,3,16.87,1,4,0,0,0
74.61,5.06,6,10,3,0,1,4,1,1,1,1,8.5,1,1,1,0,0
89.49,6.61,6,12,4,0,1,4,1,4,3,3,3.6,1,4,1,0,0
60.93,5.23,5,12,3,0,1,1,0,10,3,2,1.29,1,2,1,1,0
26.14,,6,12,0,2,0,4,0,30,10,1,5.35,1,1,1,1,1
68.68,5.85,6,14,1,3,1,1,0,8,12,2,15.75,1,6,1,0,0
78.4,5.11,7,11,1,1,1,3,0,1,12,3,11.46,1,4,1,0,0
76.89,4.07,9,13,4,4,1,2,0,6,1,2,7.08,0,2,1,0,0
78.08,9.4,1,13,4,2,1,2,0,8,14,3,10.43,1,1,1,0,0
63.15,5.31,6,11,3,0,1,4,0,1,1,1,22.79,1,3,1,0,0
76.35,3.89,8,11,3,0,1,3,1,7,14,3,1.0,1,4,1,0,0
83.62,7.2,5,14,4,4,1,3,0,1,6,3,11.71,1,1,1,1,0
75.76,5.25,7,11,4,2,1,3,1,1,19,2,7.93,1,1,1,0,0
89.99,7.03,3,11,3,1,1,3,0,11,12,3,21.29,1,5,1,0,0
85.18,6.72,5,13,4,3,1,2,0,1,1,2,28.39,1,1,1,0,0
53.34,6.94,5,11,3,4,1,4,0,10,9,3,18.56,1,1,1,0,0
65.22,7.99,2,13,4,2,1,1,0,1,8,2,1.0,1,4,1,0,0
52.29,5.48,6,14,1,4,1,4,0,16,3,3,1.0,1,1,0,0,0
73.79,7.66,2,11,4,0,1,3,0,4,8,2,11.94,1,1,1,0,0
93.04,4.68,7,14,2,0,1,2,0,1,5,1,1.0,1,1,1,0,0
92.89,6.19,7,14,2,0,1,3,0,6,1,1,1.0,1,1,1,1,0
100.0,8.1,4,14,2,2,1,1,0,28,1,3,1.0,1,4,1,0,0
50.08,9.12,3,12,1,0,1,4,0,25,1,2,27.81,1,5,1,1,0
63.42,7.38,2,11,4,0,1,2,0,17,17,1,3.43,1,2,0,0,0
66.78,4.07,7,10,3,4,1,1,0,1,7,1,6.3,0,4,0,0,0
53.87,6.54,4,10,1,4,1,1,0,24,7,2,20.72,1,2,1,0,0
68.57,4.3,8,12,2,3,1,2,0,5,1,2,15.92,1,1,1,0,0
26.41,4.8,7,11,1,1,0,4,1,43,12,1,8.93,0,2,1,0,1
94.47,7.28,5,13,1,2,1,1,0,1,6,2,15.69,1,2,1,0,0
88.98,7.26,4,10,1,2,1,1,0,11,1,3,1.0,0,4,1,0,0
72.7,3.27,10,13,2,0,1,4,0,15,1,1,6.35,0,5,0,1,0
62.4,5.87,5,12,2,3,1,3,1,1,15,2,12.44,1,3,0,0,0
94.06,8.29,3,14,2,2,1,2,0,7,1,3,5.16,1,4,1,0,0
0.0,2.51,8,11,2,4,0,1,0,33,40,2,19.21,1,2,0,1,1
53.77,9.25,2,11,1,1,1,3,0,20,1,2,22.38,1,6,1,0,0
34.55,1.45,9,10,1,7,1,2,0,1,3,1,15.13,1,6,1,0,0
53.14,2.15,10,14,3,0,1,1,0,9,12,1,8.65,1,2,0,0,0
80.36,7.22,4,14,3,3,1,3,0,9,13,3,1.0,1,2,1,0,0
64.17,5.76,6,12,3,0,1,3,1,6,17,3,20.53,1,6,1,0,0
80.45,5.2,4,10,4,4,1,2,0,1,3,1,14.03,1,1,1,1,0
90.9,8.46,4,14,3,1,1,2,0,5,8,3,13.15,1,3,1,0,0
43.55,4.11,8,11,1,4,1,4,0,2,3,1,3.62,1,6,1,1,0
69.8,6.53,5,14,2,0,1,4,1,11,6,2,10.04,0,4,0,0,0
0.0,3.73,10,13,2,2,0,2,0,17,26,3,20.97,1,6,1,1,1
58.79,5.35,4,10,2,1,1,4,1,6,3,2,3.49,1,5,1,0,0
68.84,5.34,6,14,3,2,1,3,1,3,2,2,3.07,1,6,1,1,0
8.32,,8,14,0,4,0,1,0,40,36,2,7.93,1,6,0,1,1
76.97,7.84,3,12,2,3,1,3,0,1,5,3,8.19,1,4,1,0,0
95.96,7.54,4,13,3,0,1,1,0,29,3,2,1.0,1,3,1,0,0
61.37,6.2,5,12,4,3,1,1,0,1,22,1,11.71,1,5,0,0,0
64.95,5.54,7,14,4,3,1,1,0,4,8,2,19.11,0,3,1,0,0
80.07,6.18,6,12,1,7,1,4,0,1,19,2,18.53,1,1,1,0,0
76.85,8.04,3,10,3,7,1,3,0,14,1,1,1.0,1,2,1,0,0
63.69,8.46,2,14,1,2,1,2,0,8,13,2,33.42,1,2,0,0,0
64.56,7.33,5,12,3,1,1,4,1,14,8,1,20.18,1,5,1,0,0
61.54,6.63,6,12,4,1,1,4,0,7,1,3,23.32,0,3,1,0,0
58.82,7.19,4,14,2,0,1,2,0,1,1,3,15.98,1,3,1,1,0
12.58,,7,12,0,10,0,3,0,52,33,1,30.98,1,6,1,0,1
75.27,4.88,7,10,1,1,1,1,0,5,31,2,12.22,1,1,1,0,0
79.96,5.04,5,11,4,4,1,4,0,1,9,1,1.0,1,3,1,0,0
60.89,3.24,10,12,3,0,1,4,0,1,1,3,26.66,1,1,0,1,0
79.39,7.41,4,14,3,0,1,3,0,22,2,3,4.07,1,1,1,0,0
52.69,7.67,4,10,1,2,1,3,0,13,8,1,32.26,1,2,1,0,0
74.64,5.14,6,12,4,3,1,1,0,19,3,2,11.11,1,5,1,0,0
82.48,7.11,4,14,1,0,1,2,1,13,1,2,18.25,1,3,1,0,0
99.22,7.1,4,10,4,3,1,4,0,6,15,1,3.63,1,4,1,0,0
83.21,3.48,10,14,2,1,1,2,0,1,19,2,2.68,1,1,1,0,0
82.12,10.0,1,13,2,0,1,1,0,29,11,3,1.0,1,5,1,0,0
50.6,4.57,7,12,1,3,1,3,0,11,1,3,1.0,1,6,1,1,0
63.0,8.02,1,10,1,0,1,2,0,6,3,2,4.8,1,1,1,0,0
80.73,6.4,5,14,4,2,1,3,0,18,17,2,17.75,1,3,1,1,0
67.99,7.84,2,11,4,2,1,4,0,7,1,2,19.77,1,6,1,0,0
29.76,6.75,5,14,1,4,1,1,0,41,1,3,14.34,1,6,1,0,0
61.52,5.15,6,11,2,0,1,3,0,13,1,3,34.66,1,1,0,0,0
31.05,5.0,7,10,4,6,0,1,0,20,1,1,24.23,1,6,1,1,1
84.84,3.79,10,14,1,0,1,1,0,9,7,1,15.73,1,4,1,0,0
75.09,1.9,10,12,1,4,1,3,1,4,5,3,23.14,0,2,0,0,0
81.78,5.29,7,13,1,0,1,3,0,14,18,2,22.62,1,5,1,0,0
82.91,7.83,4,10,1,2,1,2,0,1,1,3,19.87,1,3,0,0,0
44.61,2.53,7,10,2,3,1,4,1,16,1,2,26.34,1,5,1,0,0
56.19,4.21,8,14,4,1,1,3,0,4,19,3,28.94,0,3,0,1,0
56.7,3.63,10,13,2,1,1,2,1,3,12,1,1.0,1,1,1,1,0
74.78,7.79,4,14,4,3,1,3,0,10,13,2,15.94,0,6,1,0,0
68.9,1.98,10,10,2,4,1,2,1,16,1,1,18.74,1,4,1,0,0
78.1,5.44,6,11,3,0,1,2,0,20,1,3,17.68,1,3,1,0,0
48.26,3.89,7,11,1,0,1,3,0,2,8,3,1.0,1,1,1,1,0
77.09,3.36,9,14,2,1,1,3,0,3,1,3,1.0,1,1,0,0,0
46.14,6.66,5,14,3,0,0,2,0,1,2,2,14.12,0,5,1,0,1
68.01,2.97,9,11,3,0,1,1,0,25,1,2,15.86,1,3,1,0,0
78.23,5.55,5,10,3,1,1,3,0,17,10,2,8.15,0,4,1,0,0
100.0,7.76,3,11,3,1,1,2,0,16,21,3,1.81,1,3,1,0,0
71.02,4.99,9,14,1,0,1,2,0,9,5,1,24.61,1,3,0,0,0
79.24,5.22,6,11,1,3,1,4,0,1,9,2,20.82,1,2,1,0,0
87.29,4.76,6,10,4,0,1,3,0,8,2,1,11.83,0,2,1,1,0
54.86,4.14,10,14,2,1,1,2,1,1,1,2,1.0,0,1,0,0,0
82.46,4.42,6,10,2,1,1,3,1,27,13,1,27.4,0,4,1,0,0
62.39,9.03,1,11,2,1,1,4,0,17,1,2,34.29,1,4,1,0,0
77.92,4.79,7,13,2,1,1,3,0,8,1,3,7.98,1,5,0,1,0
0.0,4.13,8,12,2,4,0,1,0,21,27,3,19.41,0,2,0,0,1
77.14,7.69,3,14,1,0,1,1,0,1,7,3,13.19,1,6,1,0,0
47.82,4.41,8,11,3,0,1,1,1,26,12,2,13.73,1,2,0,1,0
77.67,4.87,6,11,3,1,1,2,0,8,1,1,23.14,0,3,1,0,0
63.14,6.05,4,12,1,1,1,2,0,6,20,1,10.85,1,6,1,0,0
51.82,5.65,8,14,1,2,1,1,0,15,1,3,31.43,1,1,1,1,0
52.23,4.74,7,10,2,3,1,4,0,18,12,1,28.43,1,3,1,1,0
60.53,6.5,3,11,1,3,1,2,0,12,9,2,13.66,1,4,1,1,0
87.7,5.79,5,11,1,0,1,1,0,1,7,3,6.91,1,1,1,0,0
29.04,3.09,8,12,2,4,0,4,0,38,1,2,17.08,1,3,1,0,1
85.31,5.08,6,10,1,2,1,4,0,23,10,2,28.6,0,2,1,1,0
100.0,7.59,3,10,1,2,1,3,0,14,10,2,23.64,0,1,1,0,0
40.12,4.22,6,10,2,3,0,2,0,13,3,2,14.13,1,2,1,0,1
60.93,3.3,9,13,3,2,1,2,0,1,11,3,20.44,1,4,1,1,0
88.25,7.38,4,14,1,4,1,3,0,6,1,3,6.27,1,4,1,0,0
67.6,4.7,7,14,1,4,1,2,0,25,8,2,4.62,1,5,0,0,0
60.53,6.03,6,11,1,0,1,1,0,18,2,1,7.27,1,2,1,0,0
91.05,7.14,6,14,3,2,1,2,1,26,20,3,1.0,1,4,1,0,0
69.19,7.97,3,12,3,2,1,4,0,31,2,1,1.0,1,4,1,1,0
81.61,7.55,4,13,2,0,1,2,0,22,5,2,1.0,0,1,1,1,0
28.07,5.46,6,13,1,4,0,4,0,34,16,3,14.13,0,4,1,0,1
79.01,5.0,7,14,4,0,1,3,1,1,5,2,16.99,1,3,1,0,0
0.0,5.33,7,14,1,3,0,2,0,51,21,2,1.0,1,2,1,1,1
68.18,6.39,5,10,4,2,1,2,0,7,29,2,10.27,1,5,1,1,0
49.73,5.18,4,10,4,2,1,3,0,15,5,2,14.21,1,1,0,0,0
53.91,6.29,5,12,1,4,1,2,0,18,1,2,29.79,1,1,1,0,0
54.49,4.24,9,14,1,3,1,1,0,10,8,3,13.16,1,4,1,0,0
74.91,7.76,3,13,2,2,1,3,0,1,9,2,6.86,0,5,1,0,0
65.46,7.86,2,12,4,1,1,3,0,12,6,3,1.0,1,6,1,0,0
63.39,4.31,9,13,2,3,1,2,1,5,12,2,1.86,1,3,0,0,0
82.15,5.21,8,13,1,0,1,4,0,3,1,2,24.45,1,3,1,0,0
0.44,3.74,10,13,1,4,0,3,0,16,34,1,10.39,1,5,1,1,1
94.64,4.72,7,13,3,7,1,1,0,16,10,3,22.51,0,2,1,0,0
87.76,5.75,4,10,1,1,1,2,0,1,13,3,1.0,1,4,1,0,0
61.38,7.53,4,14,1,3,1,3,0,14,14,2,11.35,1,3,1,0,0
65.9,5.71,4,10,2,4,1,3,0,12,12,2,9.85,1,1,1,1,0
57.3,6.38,5,10,3,4,1,1,0,9,6,1,20.05,1,6,1,0,0
58.54,9.73,2,14,2,1,1,3,0,25,1,1,10.1,1,2,1,0,0
61.1,4.5,7,10,4,4,1,4,1,13,5,1,17.66,1,2,1,1,0
57.62,5.68,5,13,2,3,1,1,0,17,10,2,10.42,1,6,1,0,0
76.67,5.71,4,10,1,3,1,1,0,7,1,2,11.78,1,4,1,0,0
52.72,4.67,5,10,4,6,1,2,0,19,3,1,1.47,1,5,1,0,0
85.19,5.15,6,13,1,0,1,1,0,2,7,3,17.22,1,5,1,0,0
86.08,9.83,0,10,1,2,1,2,0,21,5,1,17.67,1,1,1,0,0
29.62,2.17,9,10,1,3,1,1,1,19,10,1,3.84,1,5,0,0,0
81.83,7.46,3,10,1,0,1,4,0,11,1,2,13.84,1,3,1,0,0
100.0,5.15,4,10,3,5,1,4,0,16,11,1,25.77,0,3,1,0,0
67.35,9.19,2,14,2,0,1,4,0,5,16,1,1.96,1,3,1,0,0
47.84,5.28,6,12,3,0,1,4,1,1,6,2,13.27,1,2,0,1,0
51.27,7.58,5,14,1,0,1,2,0,26,1,2,19.71,1,6,0,0,0
83.78,6.98,3,10,3,1,1,3,0,8,1,1,5.1,1,3,1,0,0
39.09,3.11,8,10,2,5,0,3,0,15,11,2,9.51,0,2,1,1,1
77.06,4.51,6,10,2,3,1,1,0,16,5,3,12.33,1,1,1,1,0
50.39,4.46,9,13,4,2,1,4,0,1,8,2,4.24,1,4,1,1,0
74.0,7.13,4,14,2,4,1,1,0,6,20,2,12.24,1,4,1,1,0
80.34,5.19,7,11,4,0,1,4,0,10,17,1,1.0,1,4,0,0,0
93.02,7.53,3,10,1,0,1,4,0,14,10,1,8.41,0,3,0,0,0
21.46,2.7,9,12,1,3,0,4,0,52,27,2,23.49,1,3,1,0,1
46.86,3.25,8,12,2,0,1,4,1,4,11,3,1.0,1,3,0,0,0
79.15,7.15,4,11,2,0,1,4,0,14,4,2,1.0,1,2,1,0,0
58.81,5.51,7,13,3,1,0,3,0,22,12,2,11.98,1,3,1,0,1
91.72,5.45,5,12,1,3,1,4,0,14,10,2,15.02,1,2,1,1,0
80.66,4.88,5,11,2,1,1,2,0,2,5,2,12.89,0,2,1,0,0
35.93,4.45,9,14,2,7,1,3,0,7,1,2,7.74,1,2,1,1,0
88.24,8.8,1,10,1,0,1,2,0,15,4,3,26.71,1,2,1,0,0
76.62,4.85,5,10,4,3,1,3,0,1,3,1,1.0,1,4,1,0,0
90.84,5.54,5,10,2,2,1,2,1,1,12,3,6.1,1,2,1,0,0
77.29,4.26,7,10,3,0,1,1,0,11,1,2,4.45,1,4,1,1,0
98.79,5.76,5,10,2,0,1,1,0,10,1,1,9.12,1,4,1,0,0
63.87,6.78,3,11,3,1,1,1,0,1,12,1,12.03,1,3,1,0,0
71.32,7.16,4,11,3,0,1,4,0,7,10,3,10.68,1,5,1,0,0
47.41,4.58,8,13,4,1,1,2,1,16,12,3,1.0,1,2,1,0,0
76.59,6.93,4,10,4,0,1,1,1,17,15,2,20.88,1,2,1,1,0
90.19,4.75,8,13,1,3,1,3,0,1,4,3,1.0,1,2,0,0,0
89.24,5.41,6,13,1,2,1,3,1,8,13,3,1.0,1,6,1,0,0
62.23,2.84,10,14,3,2,1,4,0,18,8,2,3.81,0,1,0,0,0
46.42,6.97,5,11,4,6,1,3,0,1,10,2,1.0,1,5,0,0,0
79.51,3.92,8,12,3,0,1,3,0,18,1,1,6.73,1,2,0,0,0
67.04,3.28,6,10,4,0,1,4,0,23,14,2,25.0,1,6,1,1,0
69.03,8.23,4,13,3,0,1,4,0,9,1,2,1.0,1,1,1,0,0
40.76,6.43,5,11,3,3,0,1,0,29,3,1,14.89,1,2,1,0,1
66.4,6.05,6,11,3,1,1,3,0,5,1,2,7.62,1,2,1,1,0
64.97,7.82,3,11,3,1,1,3,0,1,10,3,7.68,1,2,1,0,0
59.2,6.25,5,13,1,2,1,1,0,19,6,2,8.92,1,1,1,1,0
54.52,5.41,5,10,2,1,1,1,0,1,15,2,1.0,0,5,1,0,0
53.76,6.69,3,10,4,0,1,3,0,2,19,3,22.83,1,1,1,1,0
77.72,8.04,3,12,1,2,1,2,0,23,23,2,18.99,1,1,1,0,0
80.23,5.07,5,10,2,0,1,1,0,1,1,1,29.94,1,2,1,0,0
80.83,2.86,10,14,4,3,1,2,0,14,12,3,21.4,1,6,1,1,0
38.4,0.74,10,14,1,7,1,1,0,17,1,2,1.93,1,2,1,1,0
61.26,6.23,6,13,3,1,1,3,0,19,3,3,15.48,0,5,1,0,0
64.6,5.83,5,10,1,2,1,4,0,11,1,3,30.98,1,1,0,0,0
74.28,7.95,2,14,1,0,1,4,0,8,7,3,13.04,1,2,1,0,0
42.38,5.41,7,12,2,2,1,1,0,7,14,3,6.71,1,2,1,0,0
57.11,5.94,6,11,1,2,1,1,1,19,1,2,3.48,1,4,1,0,0
62.34,3.33,10,14,3,1,1,3,0,1,10,2,9.47,1,6,0,0,0
88.69,6.53,5,13,4,3,1,3,0,11,13,1,8.68,1,3,1,1,0
83.31,4.98,7,14,1,2,1,1,0,6,1,2,1.0,1,3,0,0,0
66.72,9.01,1,11,4,1,1,3,0,1,12,2,17.32,1,2,1,0,0
87.58,6.17,5,11,1,1,1,1,0,25,1,2,12.75,1,4,1,0,0
97.56,3.57,8,10,3,4,1,3,0,10,1,3,3.41,1,6,0,0,0
71.95,5.61,5,11,2,0,1,3,1,3,1,2,16.25,1,3,1,1,0
77.49,6.53,5,11,3,0,1,4,1,15,3,3,1.0,1,1,1,0,0
78.6,3.09,8,10,1,0,1,2,0,11,1,1,12.52,1,1,0,0,0
100.0,6.46,6,14,2,6,1,2,0,8,3,2,19.52,0,1,1,0,0
44.0,2.72,10,14,4,3,1,1,1,10,8,2,3.82,1,1,0,0,0
47.34,5.5,4,10,4,0,1,1,1,10,5,3,5.75,1,4,1,0,0
96.93,3.57,9,14,3,0,1,3,0,14,1,1,13.57,1,2,1,0,0
62.52,5.59,7,12,4,3,1,1,0,2,1,2,12.0,1,4,1,1,0
5.93,,7,12,0,7,0,4,0,31,30,1,19.42,1,4,0,1,1
98.68,3.94,8,10,1,3,1,2,0,16,2,2,3.85,1,3,0,0,0
84.15,4.91,6,13,1,3,1,4,0,2,8,1,1.0,1,5,1,0,0
76.09,5.91,4,12,2,1,1,2,0,8,6,2,13.55,1,6,1,0,0
56.97,5.9,6,14,4,0,1,3,0,1,3,2,21.24,1,5,1,0,0
66.98,9.61,2,10,2,6,1,4,0,7,1,1,4.2,1,5,1,0,0
90.39,6.2,5,13,4,2,1,1,0,9,18,2,1.0,0,3,1,1,0
66.82,4.68,7,10,3,0,1,4,0,10,7,2,17.53,1,4,1,0,0
59.25,7.08,4,12,3,2,1,4,0,11,15,1,1.0,1,4,1,0,0
49.67,7.4,3,12,2,0,1,1,1,30,1,2,9.22,1,6,1,0,0
79.73,5.27,7,13,4,0,1,3,0,11,9,2,3.14,1,5,1,0,0
52.02,5.43,7,11,1,2,1,2,0,7,14,1,13.42,1,6,0,0,0
8.27,5.64,6,11,1,4,0,1,0,26,34,3,1.0,1,1,1,0,1
64.64,4.74,7,10,3,3,1,2,1,13,4,2,7.41,0,2,1,1,0
75.82,6.27,4,11,2,1,1,2,0,10,1,1,28.37,0,4,1,0,0
63.53,4.04,9,13,3,4,1,4,0,12,13,3,29.64,1,1,0,0,0
71.57,7.69,5,14,4,2,1,3,0,4,19,2,26.27,1,5,1,0,0
71.81,5.37,6,13,3,2,1,1,0,6,7,2,1.0,1,5,0,1,0
57.93,3.92,8,10,1,2,1,2,0,1,9,1,30.32,1,3,1,1,0
93.42,5.34,5,11,3,0,1,1,0,1,1,1,1.0,1,5,1,0,0
79.84,5.79,5,11,3,1,1,1,0,17,13,1,15.56,1,1,1,0,0
56.37,3.74,7,11,2,0,1,2,1,18,9,3,26.99,1,1,0,0,0
61.71,6.48,3,10,4,2,1,3,0,13,1,3,13.49,0,5,1,0,0
100.0,6.28,6,14,2,0,1,4,1,3,12,2,20.06,1,3,1,0,0
77.54,6.73,4,12,2,1,1,3,0,18,21,2,22.52,1,1,1,0,0
80.95,6.31,7,14,2,1,1,2,0,1,2,3,2.46,1,6,0,0,0
88.11,6.59,3,10,2,0,1,1,0,16,3,1,1.05,1,3,1,0,0
72.54,5.86,4,12,2,2,1,4,0,10,1,1,23.95,0,1,1,0,0
67.31,4.85,5,10,2,3,1,3,0,1,4,3,8.62,1,2,1,1,0
21.34,2.11,10,13,0,3,1,2,1,65,29,3,1.0,1,5,1,0,1
68.62,5.86,6,10,2,0,1,3,1,13,11,1,1.0,1,3,1,0,0
70.5,7.74,2,11,4,0,1,2,0,4,1,1,18.17,1,5,1,0,0
36.85,1.79,9,12,4,9,1,4,1,11,13,1,31.18,1,1,0,0,0
63.56,6.12,6,14,4,2,1,2,0,15,14,1,6.76,1,6,0,0,0
54.69,6.98,3,11,1,1,1,2,0,1,25,3,24.63,1,4,1,0,0
60.76,6.39,3,10,4,1,1,2,0,15,6,1,2.35,1,1,1,1,0
67.66,4.17,9,13,2,0,1,3,0,2,5,1,13.36,1,3,1,0,0
70.08,9.48,1,12,4,2,1,3,0,11,5,3,8.21,1,1,1,1,0
61.52,6.33,7,14,3,2,1,4,0,20,5,3,9.1,1,6,0,0,0
81.66,5.02,8,13,2,1,1,4,0,25,7,3,1.0,1,2,1,0,0
66.06,5.92,6,14,4,3,1,3,0,23,1,2,22.91,0,6,1,1,0
99.2,4.24,8,13,3,0,1,2,0,1,10,1,20.21,1,2,1,0,0
64.37,6.91,3,12,1,3,1,2,1,17,1,1,20.89,0,3,1,1,0
43.8,3.58,8,12,3,3,1,4,0,21,3,1,17.83,1,1,0,1,0
47.3,5.41,6,13,3,2,1,4,0,30,20,1,15.3,1,2,0,1,0
44.75,4.44,5,10,1,1,1,3,0,11,6,2,1.0,1,1,0,0,0
55.54,5.08,6,14,4,2,1,4,0,19,19,3,22.98,1,6,1,0,0
52.2,7.09,5,11,2,0,1,2,0,16,5,3,1.0,1,5,0,0,0
84.19,7.36,5,12,2,0,1,1,0,10,5,2,1.0,1,4,1,0,0
72.5,8.4,3,11,3,3,1,2,0,6,3,1,17.33,0,4,1,0,0
75.33,4.7,8,13,2,0,1,4,0,5,1,1,11.57,1,5,1,0,0
46.68,5.1,7,14,3,4,1,1,0,11,4,3,1.0,1,5,1,1,0
66.24,7.64,4,10,3,0,1,4,0,1,7,2,1.0,1,5,1,0,0
54.53,6.08,6,13,1,1,1,4,0,10,3,2,2.26,1,1,1,0,0
76.98,4.25,9,14,2,0,1,1,0,12,1,3,26.06,0,6,0,0,0
27.67,5.88,5,14,2,3,0,1,0,39,19,2,7.89,1,4,1,1,1
66.56,4.19,5,10,4,3,1,2,0,1,19,1,18.91,0,2,1,1,0
75.43,6.38,5,14,3,1,1,4,0,28,1,2,21.61,1,1,1,0,0
75.3,6.23,5,12,2,0,1,4,1,1,15,1,8.5,0,4,1,0,0
40.5,4.8,5,10,3,1,1,4,0,8,7,1,1.0,1,5,0,0,0
77.06,3.8,8,14,3,2,1,1,0,1,6,3,11.94,1,6,1,0,0
78.05,4.08,9,12,2,1,1,3,0,18,14,3,32.11,1,6,1,0,0
81.79,5.92,6,12,2,0,1,4,0,1,5,2,20.69,1,4,1,0,0
88.77,5.65,6,10,4,0,1,1,0,1,5,2,1.0,0,3,1,0,0
61.01,5.06,7,13,2,1,1,4,0,9,2,3,19.48,1,2,1,0,0
85.35,8.9,1,13,2,2,1,2,0,20,4,2,7.11,0,1,1,0,0
73.39,7.14,5,13,4,3,1,2,0,1,3,3,7.9,1,5,1,0,0
100.0,7.52,3,10,1,3,1,1,0,8,1,1,14.32,1,4,1,1,0
61.03,5.6,6,12,1,0,1,3,0,13,18,3,1.0,1,4,0,0,0
73.77,4.09,8,12,3,0,1,3,0,1,5,1,4.35,1,3,0,0,0
47.88,2.49,7,10,3,0,1,3,1,17,10,3,15.79,0,3,0,0,0
95.79,7.98,3,12,1,0,1,3,0,20,1,3,9.97,0,2,1,0,0
79.31,8.49,1,10,3,3,1,4,0,1,22,1,2.35,1,5,1,0,0
56.98,4.03,7,10,3,3,1,1,1,17,1,1,1.0,1,4,0,0,0
66.99,3.94,7,10,2,3,1,3,1,1,1,1,4.99,1,2,1,1,0
73.88,8.38,3,11,4,0,1,2,0,3,1,1,19.59,1,5,1,0,0
69.98,3.78,8,12,1,0,1,1,1,4,1,3,10.5,1,3,1,0,0
34.05,4.37,9,14,3,6,0,3,0,6,4,2,18.45,1,3,1,0,1
51.2,4.53,8,14,2,2,1,3,0,7,15,2,10.29,0,5,1,0,0
63.5,7.97,4,12,3,2,1,4,0,25,6,2,16.6,1,1,1,1,0
53.34,6.14,5,12,1,3,1,1,1,4,9,3,15.77,1,6,1,0,0
47.95,2.36,9,11,2,2,1,1,0,1,12,2,10.88,1,1,0,0,0
80.74,4.24,8,12,1,0,1,1,0,14,1,3,17.8,1,3,0,0,0
37.47,4.79,8,13,2,4,1,1,0,11,1,3,1.0,1,5,1,0,0
64.6,5.12,5,12,2,0,1,1,0,11,6,3,1.31,1,1,0,0,0
47.33,5.22,4,10,1,0,1,4,0,15,5,2,11.66,1,1,0,0,0
81.5,3.34,7,11,3,1,1,1,0,1,1,1,2.99,1,2,1,1,0
69.71,5.62,5,11,2,2,1,4,0,11,16,1,6.42,1,6,1,1,0
0.45,4.76,5,11,2,5,0,3,0,33,44,1,2.26,1,2,1,1,1
97.12,4.77,7,11,2,3,1,4,0,15,22,2,17.49,1,2,1,0,0
66.87,5.09,8,13,4,1,1,1,0,23,9,3,2.51,0,5,1,0,0
64.97,6.83,5,11,3,0,1,1,0,17,13,2,15.82,1,5,1,0,0
78.85,5.01,8,14,2,3,1,3,0,1,6,2,15.86,1,3,0,0,0
71.27,7.12,6,14,3,1,1,1,0,5,6,2,13.75,1,6,1,1,0
48.96,5.73,6,12,1,2,1,4,0,9,1,2,19.67,1,6,1,0,0
65.01,5.54,6,13,1,0,1,4,0,13,17,1,14.9,1,1,1,0,0
62.12,9.32,2,11,3,0,1,4,0,1,13,1,4.63,1,3,1,0,0
73.4,5.7,6,11,1,1,1,2,0,4,21,2,28.16,1,3,1,0,0
68.65,3.7,7,11,2,0,1,4,0,19,1,2,20.01,1,4,0,1,0
98.38,6.02,6,11,4,0,1,2,0,4,3,2,5.26,1,3,1,0,0
91.6,4.54,6,12,1,1,1,2,0,1,6,1,6.37,1,2,1,0,0
39.67,0.85,10,13,2,4,1,4,1,17,12,1,12.44,0,1,0,0,0
32.78,1.7,10,11,2,5,1,4,0,1,16,2,1.0,1,6,0,0,0
89.88,9.28,2,14,3,0,1,2,0,6,4,1,17.95,0,3,1,0,0
88.3,5.56,6,12,4,3,1,3,0,43,1,1,10.0,1,1,1,0,0
55.05,4.16,8,12,4,3,1,3,1,19,3,2,15.75,1,6,1,0,0
75.31,7.59,2,12,3,1,1,3,0,6,1,1,4.3,1,2,1,0,0
42.72,2.48,9,12,2,0,1,3,1,13,1,1,9.66,1,6,1,0,0
76.92,4.29,7,13,1,0,1,4,0,7,2,2,23.84,1,4,1,0,0
77.54,6.86,3,11,3,0,1,1,1,15,9,2,12.33,1,6,1,0,0
53.2,6.92,4,12,1,1,1,2,1,1,8,1,28.49,1,3,1,0,0
83.18,8.03,3,10,3,2,1,4,0,2,1,3,18.76,1,2,1,0,0
40.13,4.41,6,12,3,1,1,3,0,12,1,3,22.92,1,1,1,0,0
100.0,5.35,6,11,4,3,1,1,0,12,1,2,2.03,1,2,1,0,0
69.34,2.95,9,11,3,1,1,1,0,12,7,2,1.0,1,5,0,0,0
63.18,6.02,7,14,1,0,1,1,0,19,15,2,27.88,1,2,1,1,0
16.25,,8,10,0,5,0,1,0,23,21,3,6.57,1,1,1,0,1
63.5,5.39,6,11,1,0,1,4,1,14,7,1,17.26,1,1,1,1,0
70.26,5.35,8,13,2,0,1,3,1,5,4,1,5.63,1,4,1,0,0
72.97,10.0,1,12,1,0,1,2,0,1,1,2,8.16,1,5,1,0,0
59.49,5.34,6,14,3,0,1,1,0,8,1,2,22.55,1,3,1,1,0
69.22,3.86,8,11,1,0,1,3,0,1,12,3,11.97,1,3,0,0,0
100.0,7.63,5,14,1,0,1,4,0,1,1,1,18.12,1,6,1,0,0
67.44,4.71,7,13,1,4,1,1,0,11,19,1,18.8,1,2,1,0,0
49.66,6.64,5,11,1,2,1,3,0,15,6,2,8.5,1,6,1,0,0
55.05,2.41,8,11,2,4,1,3,1,12,11,1,1.0,1,6,1,1,0
91.42,7.29,5,12,3,0,1,2,0,10,1,1,22.69,1,3,1,0,0
69.34,6.77,5,13,4,3,1,4,0,1,18,2,3.49,1,3,1,0,0
21.62,3.04,9,11,1,5,1,4,1,62,25,2,8.65,1,5,0,0,0
83.39,7.91,4,11,2,0,1,1,0,25,5,1,23.24,1,1,1,0,0
57.17,6.36,4,11,3,1,1,3,0,20,9,2,9.47,1,2,1,0,0
67.69,8.45,3,12,4,0,1,2,0,7,23,3,14.68,1,3,1,0,0
73.44,6.37,3,11,3,3,1,2,0,8,1,2,3.66,1,3,1,1,0
97.33,3.45,8,12,2,2,1,4,0,25,10,1,14.82,1,4,0,0,0
24.7,7.57,3,13,1,5,0,4,0,63,18,2,9.1,1,6,1,0,1
100.0,5.63,4,11,1,3,1,1,1,18,2,3,10.49,1,2,1,0,0
82.01,6.66,3,11,2,2,1,2,0,1,1,3,17.27,1,4,1,0,0
71.36,8.08,4,13,2,0,1,2,0,1,1,1,7.58,1,2,1,0,0
75.31,5.19,6,10,3,4,1,4,0,3,1,2,18.8,1,3,1,0,0
86.72,5.82,7,12,1,0,1,1,0,24,1,1,23.17,1,1,0,0,0
48.88,4.05,8,12,2,3,1,3,0,1,1,2,14.56,1,4,0,1,0
35.96,3.87,6,10,2,7,1,4,1,31,11,1,1.0,1,6,1,1,0
58.33,5.29,6,11,3,1,1,4,0,18,1,2,1.0,1,3,1,1,0
52.59,5.97,4,12,4,4,1,2,1,19,11,1,16.06,1,3,0,0,0
76.9,4.96,6,10,3,0,1,4,0,12,1,2,8.74,0,5,1,0,0
7.16,2.37,10,14,0,6,0,3,0,32,35,2,23.96,1,5,1,0,1
79.87,8.19,2,12,2,5,1,3,0,20,10,2,17.77,1,1,1,0,0
81.56,5.74,5,12,2,3,1,2,0,10,2,1,2.36,0,4,1,0,0
82.22,3.26,10,14,4,2,1,3,1,8,28,3,8.48,1,4,0,0,0
60.1,4.69,6,12,4,3,1,3,0,20,1,3,19.45,0,1,1,1,0
51.12,4.32,6,11,3,0,1,1,0,15,7,2,1.0,1,3,1,1,0
85.76,6.5,5,13,2,0,1,4,0,20,1,1,21.15,1,6,0,0,0
64.56,5.51,6,14,4,4,1,3,0,6,3,3,20.99,1,5,1,0,0
73.65,3.86,6,10,2,2,1,3,0,20,1,3,19.36,1,3,1,1,0
84.19,7.12,4,14,1,6,1,3,0,1,1,1,24.18,1,1,1,0,0
100.0,4.95,6,10,3,3,1,1,0,13,8,2,11.27,1,1,1,0,0
90.39,6.37,6,13,3,2,1,3,0,10,8,3,22.0,1,2,1,0,0
61.01,8.66,2,11,2,5,1,3,0,1,9,2,1.0,1,1,1,0,0
73.96,8.18,2,12,3,1,1,4,0,1,1,1,8.26,1,2,1,0,0
50.18,3.51,8,11,3,1,1,2,1,2,18,3,17.87,1,6,0,1,0
86.09,8.13,3,13,2,2,1,2,0,25,4,1,5.89,1,6,1,0,0
68.35,8.17,2,10,4,3,1,2,0,1,1,3,1.0,1,4,1,0,0
45.8,5.25,7,14,1,4,1,2,0,1,1,2,6.52,1,4,1,1,0
95.21,6.68,3,11,3,3,1,1,1,1,3,2,8.64,1,4,1,0,0
95.03,6.97,5,14,1,3,1,1,0,18,1,2,5.89,1,4,1,0,0
93.41,3.43,8,11,3,2,1,1,0,1,7,2,1.33,1,2,0,0,0
75.59,7.03,4,12,2,4,1,4,0,1,12,2,8.52,1,2,1,0,0
97.01,9.67,0,12,1,1,1,4,0,10,6,3,24.27,0,1,1,0,0
75.2,3.75,8,13,4,4,1,1,0,4,1,2,29.34,1,2,0,0,0
69.37,5.41,6,14,3,4,1,2,0,11,12,1,14.92,1,2,0,0,0
70.03,0.56,9,10,4,4,1,4,0,3,1,2,10.53,1,4,0,0,0
65.99,4.54,8,11,2,0,1,2,0,1,1,1,15.33,0,3,1,1,0
65.83,3.75,9,14,2,5,1,2,0,1,1,3,26.93,1,6,1,1,0
67.22,6.57,4,12,2,2,1,1,0,1,7,3,19.41,1,2,1,0,0
76.78,6.78,3,11,1,0,1,1,1,1,8,2,15.0,0,3,1,0,0
61.71,7.23,2,10,3,0,1,4,1,29,1,1,29.93,1,4,1,0,0
62.88,4.48,7,10,1,3,1,3,0,11,1,1,22.28,1,3,1,0,0
71.59,4.27,7,13,2,0,1,1,0,17,14,1,11.86,1,3,0,0,0
71.34,5.48,6,13,4,3,1,4,0,13,10,3,18.54,0,2,1,0,0
35.85,5.28,8,14,4,7,0,2,0,5,12,1,28.78,1,2,1,0,1
58.92,6.39,4,10,2,2,1,1,1,3,1,1,28.7,1,5,1,1,0
49.56,5.97,6,14,3,0,1,1,0,19,3,3,21.0,1,1,1,0,0
89.2,7.56,4,11,1,2,1,3,0,1,7,3,23.08,1,4,1,0,0
12.65,3.97,9,14,1,6,0,1,0,21,33,2,23.07,1,2,1,1,1
50.71,4.69,7,14,2,1,1,2,0,7,1,3,19.02,1,3,1,0,0
84.51,7.89,4,13,1,3,1,1,0,3,4,1,6.47,1,3,1,0,0
70.74,3.9,6,10,1,6,1,1,0,1,2,1,3.45,1,4,1,0,0
78.63,5.35,7,14,3,0,1,1,1,28,7,3,6.95,1,5,1,0,0
84.06,6.47,3,10,2,3,1,2,0,13,6,2,10.52,1,2,0,1,0
65.24,4.39,5,10,1,3,1,4,1,2,1,3,1.0,1,1,1,1,0
81.14,5.92,6,13,4,0,1,2,0,6,1,1,4.42,1,4,1,0,0
63.51,6.79,3,12,4,3,1,3,0,7,1,2,10.83,1,4,1,0,0
87.48,6.5,4,10,2,3,1,1,0,4,1,2,1.0,1,4,1,0,0
65.02,6.84,6,14,1,0,1,4,0,7,28,1,1.0,1,6,1,0,0
90.96,5.99,6,11,3,2,1,2,0,34,3,3,4.02,1,1,1,0,0
33.84,5.28,7,14,4,2,1,2,0,20,1,1,13.22,1,1,1,1,0
92.82,6.77,4,12,1,3,1,2,0,20,7,1,16.64,1,3,1,0,0
60.63,7.65,4,14,2,1,1,3,0,1,1,1,20.2,0,1,1,0,0
86.06,5.82,5,12,2,0,1,3,0,1,5,1,21.15,0,4,1,0,0
62.66,8.39,3,10,4,5,0,3,0,21,5,2,1.0,1,2,1,0,1
90.37,6.92,5,12,4,1,1,3,0,17,15,1,32.33,0,2,1,1,0
63.09,5.76,5,13,1,2,1,3,1,5,10,2,15.93,1,3,0,0,0
65.33,3.6,10,13,4,5,1,3,0,3,1,2,9.77,1,6,1,1,0
18.59,0.0,10,10,0,3,1,1,1,52,20,1,3.24,1,1,1,0,1
56.87,4.66,5,10,4,4,1,2,0,22,4,3,16.95,1,3,0,0,0
53.89,5.1,5,10,1,6,1,1,0,3,8,3,13.13,1,2,1,0,0
50.7,3.73,9,13,4,2,1,1,1,1,13,1,1.0,1,4,1,1,0
73.05,5.31,8,13,3,4,1,4,0,3,3,1,7.09,0,5,1,0,0
57.85,5.84,5,10,4,3,1,1,0,9,18,1,1.0,1,4,0,1,0
62.15,6.63,5,11,1,0,1,2,0,21,1,1,2.35,0,6,1,0,0
85.21,6.48,6,12,1,1,1,2,0,17,13,1,5.08,1,6,0,0,0
73.97,4.5,8,12,2,0,1,4,0,8,20,1,2.87,1,3,1,0,0
87.85,7.09,5,13,4,2,1,2,0,28,8,1,16.37,0,5,1,0,0
81.6,6.66,3,10,2,0,1,1,1,14,9,2,12.02,1,1,1,0,0
76.58,5.94,7,13,4,0,1,3,0,14,4,2,1.0,1,1,1,1,0
94.75,5.38,7,11,4,5,1,3,0,1,4,3,11.2,1,1,1,0,0
67.34,7.11,4,11,2,1,1,3,0,17,23,2,18.97,1,5,1,0,0
36.41,2.74,7,10,2,6,1,2,0,10,21,3,12.21,1,4,0,1,0
1.07,3.0,8,10,1,2,0,2,1,36,40,1,16.66,1,6,1,0,1
94.0,6.52,4,11,4,5,1,2,1,6,1,1,17.29,1,5,1,0,0
97.87,5.72,5,10,3,2,1,4,0,17,11,1,11.71,1,5,1,0,0
79.04,4.56,7,12,4,3,1,3,0,7,7,2,3.22,0,2,1,0,0
68.25,2.75,8,10,4,1,1,4,0,13,1,1,1.0,1,4,1,1,0
7.68,2.49,10,14,1,4,0,3,0,38,27,3,1.0,1,5,0,1,1
70.17,5.43,5,12,3,1,1,3,0,9,1,2,9.83,0,2,0,0,0
68.39,5.17,7,12,2,2,1,3,0,5,7,3,6.71,0,2,0,0,0
48.03,7.13,3,10,2,4,1,2,0,2,17,2,24.83,1,6,1,1,0
8.01,,6,10,0,5,0,2,1,33,20,3,9.11,1,3,1,0,1
73.39,6.68,5,13,4,2,1,3,0,10,10,3,13.24,1,2,1,1,0
83.39,5.05,7,13,3,3,1,1,0,26,1,1,14.7,0,1,1,0,0
75.94,5.66,7,14,1,3,1,1,0,16,7,1,12.21,1,5,1,0,0
73.29,6.82,6,14,1,5,1,1,0,16,11,3,25.27,1,4,1,0,0
95.03,5.8,5,11,4,3,1,4,0,35,4,1,9.47,1,2,1,0,0
70.18,3.29,9,13,4,1,1,2,1,1,10,3,11.85,1,1,1,0,0
73.46,5.38,6,14,4,3,1,3,0,1,1,2,14.89,1,2,1,0,0
71.75,3.8,8,10,3,0,1,2,0,1,8,2,9.57,1,6,1,0,0
49.81,6.78,4,12,4,0,1,1,1,20,7,2,16.87,1,1,0,0,0
68.22,7.78,4,13,4,0,1,3,0,23,4,1,7.85,1,6,1,0,0
70.74,5.2,7,12,4,1,1,1,0,22,1,2,1.0,1,1,1,1,0
35.04,1.11,10,11,3,3,1,1,1,1,1,2,9.55,1,5,0,1,0
83.79,6.45,4,13,3,4,1,2,0,1,20,2,1.0,1,2,1,0,0
59.48,4.09,8,12,2,0,1,3,0,16,4,2,19.33,1,1,1,1,0
89.77,4.83,8,14,1,1,1,3,0,12,2,3,1.0,1,1,1,0,0
56.73,6.32,5,14,4,4,1,1,0,22,1,3,20.16,1,1,0,0,0
65.97,1.93,10,13,3,2,1,4,0,5,1,1,7.98,1,5,0,0,0
61.53,5.55,7,13,3,5,1,2,0,9,6,2,19.31,1,6,1,0,0
65.44,3.16,9,11,1,3,1,1,0,8,10,2,9.96,1,5,0,1,0
64.67,9.98,1,12,1,2,1,3,0,9,3,1,27.8,1,1,1,0,0
96.97,3.89,7,11,4,0,1,3,0,10,2,2,18.63,1,3,1,0,0
75.47,7.18,3,14,2,4,1,1,0,13,1,2,1.0,1,3,1,0,0
67.57,4.74,6,13,1,3,1,1,1,23,19,3,26.3,1,6,1,0,0
76.02,6.09,6,13,2,0,1,3,1,22,5,2,10.35,1,2,1,0,0
86.51,7.64,3,11,2,6,1,1,0,3,4,2,1.0,1,3,1,0,0
91.65,7.24,4,13,1,5,1,3,1,7,13,2,4.72,1,5,1,0,0
